basename	count	paths
package.json	110	demo/video-chat/frontend-vue/node_modules/.vite/deps/package.json | demo/video-chat/frontend-vue/node_modules/@babel/helper-string-parser/package.json | demo/video-chat/frontend-vue/node_modules/@babel/helper-validator-identifier/package.json | demo/video-chat/frontend-vue/node_modules/@babel/parser/package.json | demo/video-chat/frontend-vue/node_modules/@babel/types/package.json | demo/video-chat/frontend-vue/node_modules/@fullcalendar/core/package.json | demo/video-chat/frontend-vue/node_modules/@fullcalendar/daygrid/package.json | demo/video-chat/frontend-vue/node_modules/@fullcalendar/interaction/package.json | demo/video-chat/frontend-vue/node_modules/@fullcalendar/timegrid/package.json | demo/video-chat/frontend-vue/node_modules/@jridgewell/sourcemap-codec/package.json | demo/video-chat/frontend-vue/node_modules/@oxc-project/types/package.json | demo/video-chat/frontend-vue/node_modules/@playwright/test/package.json | demo/video-chat/frontend-vue/node_modules/@protobufjs/aspromise/package.json | demo/video-chat/frontend-vue/node_modules/@protobufjs/base64/package.json | demo/video-chat/frontend-vue/node_modules/@protobufjs/codegen/package.json | demo/video-chat/frontend-vue/node_modules/@protobufjs/eventemitter/package.json | demo/video-chat/frontend-vue/node_modules/@protobufjs/fetch/package.json | demo/video-chat/frontend-vue/node_modules/@protobufjs/float/package.json | demo/video-chat/frontend-vue/node_modules/@protobufjs/inquire/package.json | demo/video-chat/frontend-vue/node_modules/@protobufjs/path/package.json | demo/video-chat/frontend-vue/node_modules/@protobufjs/pool/package.json | demo/video-chat/frontend-vue/node_modules/@protobufjs/utf8/package.json | demo/video-chat/frontend-vue/node_modules/@rolldown/binding-linux-x64-gnu/package.json | demo/video-chat/frontend-vue/node_modules/@rolldown/binding-linux-x64-musl/package.json | demo/video-chat/frontend-vue/node_modules/@rolldown/pluginutils/package.json | demo/video-chat/frontend-vue/node_modules/@types/node/package.json | demo/video-chat/frontend-vue/node_modules/@vitejs/plugin-vue/package.json | demo/video-chat/frontend-vue/node_modules/@vue/compiler-core/package.json | demo/video-chat/frontend-vue/node_modules/@vue/compiler-dom/package.json | demo/video-chat/frontend-vue/node_modules/@vue/compiler-sfc/package.json | demo/video-chat/frontend-vue/node_modules/@vue/compiler-ssr/package.json | demo/video-chat/frontend-vue/node_modules/@vue/devtools-api/package.json | demo/video-chat/frontend-vue/node_modules/@vue/devtools-kit/package.json | demo/video-chat/frontend-vue/node_modules/@vue/devtools-shared/package.json | demo/video-chat/frontend-vue/node_modules/@vue/reactivity/package.json | demo/video-chat/frontend-vue/node_modules/@vue/runtime-core/package.json | demo/video-chat/frontend-vue/node_modules/@vue/runtime-dom/package.json | demo/video-chat/frontend-vue/node_modules/@vue/server-renderer/package.json | demo/video-chat/frontend-vue/node_modules/@vue/shared/package.json | demo/video-chat/frontend-vue/node_modules/argparse/package.json | demo/video-chat/frontend-vue/node_modules/birpc/package.json | demo/video-chat/frontend-vue/node_modules/copy-anything/package.json | demo/video-chat/frontend-vue/node_modules/csstype/package.json | demo/video-chat/frontend-vue/node_modules/detect-libc/package.json | demo/video-chat/frontend-vue/node_modules/driver.js/package.json | demo/video-chat/frontend-vue/node_modules/entities/dist/commonjs/package.json | demo/video-chat/frontend-vue/node_modules/entities/dist/esm/package.json | demo/video-chat/frontend-vue/node_modules/entities/package.json | demo/video-chat/frontend-vue/node_modules/estree-walker/dist/esm/package.json | demo/video-chat/frontend-vue/node_modules/estree-walker/package.json | demo/video-chat/frontend-vue/node_modules/estree-walker/src/package.json | demo/video-chat/frontend-vue/node_modules/fdir/package.json | demo/video-chat/frontend-vue/node_modules/flatbuffers/package.json | demo/video-chat/frontend-vue/node_modules/guid-typescript/package.json | demo/video-chat/frontend-vue/node_modules/hookable/package.json | demo/video-chat/frontend-vue/node_modules/is-what/package.json | demo/video-chat/frontend-vue/node_modules/lightningcss-linux-x64-gnu/package.json | demo/video-chat/frontend-vue/node_modules/lightningcss-linux-x64-musl/package.json | demo/video-chat/frontend-vue/node_modules/lightningcss/package.json | demo/video-chat/frontend-vue/node_modules/linkify-it/package.json | demo/video-chat/frontend-vue/node_modules/long/package.json | demo/video-chat/frontend-vue/node_modules/long/umd/package.json | demo/video-chat/frontend-vue/node_modules/magic-string/package.json | demo/video-chat/frontend-vue/node_modules/markdown-it/node_modules/entities/lib/esm/package.json | demo/video-chat/frontend-vue/node_modules/markdown-it/node_modules/entities/package.json | demo/video-chat/frontend-vue/node_modules/markdown-it/package.json | demo/video-chat/frontend-vue/node_modules/mdurl/package.json | demo/video-chat/frontend-vue/node_modules/mitt/package.json | demo/video-chat/frontend-vue/node_modules/nanoid/async/package.json | demo/video-chat/frontend-vue/node_modules/nanoid/non-secure/package.json | demo/video-chat/frontend-vue/node_modules/nanoid/package.json | demo/video-chat/frontend-vue/node_modules/nanoid/url-alphabet/package.json | demo/video-chat/frontend-vue/node_modules/onnxruntime-common/dist/cjs/package.json | demo/video-chat/frontend-vue/node_modules/onnxruntime-common/dist/esm/package.json | demo/video-chat/frontend-vue/node_modules/onnxruntime-common/package.json | demo/video-chat/frontend-vue/node_modules/onnxruntime-web/package.json | demo/video-chat/frontend-vue/node_modules/perfect-debounce/package.json | demo/video-chat/frontend-vue/node_modules/picocolors/package.json | demo/video-chat/frontend-vue/node_modules/picomatch/package.json | demo/video-chat/frontend-vue/node_modules/pinia/node_modules/@vue/devtools-api/package.json | demo/video-chat/frontend-vue/node_modules/pinia/package.json | demo/video-chat/frontend-vue/node_modules/platform/package.json | demo/video-chat/frontend-vue/node_modules/playwright-core/package.json | demo/video-chat/frontend-vue/node_modules/playwright/package.json | demo/video-chat/frontend-vue/node_modules/postcss/package.json | demo/video-chat/frontend-vue/node_modules/preact/compat/package.json | demo/video-chat/frontend-vue/node_modules/preact/debug/package.json | demo/video-chat/frontend-vue/node_modules/preact/devtools/package.json | demo/video-chat/frontend-vue/node_modules/preact/hooks/package.json | demo/video-chat/frontend-vue/node_modules/preact/jsx-runtime/package.json | demo/video-chat/frontend-vue/node_modules/preact/package.json | demo/video-chat/frontend-vue/node_modules/preact/test-utils/package.json | demo/video-chat/frontend-vue/node_modules/protobufjs/package.json | demo/video-chat/frontend-vue/node_modules/punycode.js/package.json | demo/video-chat/frontend-vue/node_modules/rfdc/package.json | demo/video-chat/frontend-vue/node_modules/rolldown/node_modules/@rolldown/pluginutils/package.json | demo/video-chat/frontend-vue/node_modules/rolldown/package.json | demo/video-chat/frontend-vue/node_modules/source-map-js/package.json | demo/video-chat/frontend-vue/node_modules/speakingurl/package.json | demo/video-chat/frontend-vue/node_modules/superjson/package.json | demo/video-chat/frontend-vue/node_modules/tinyglobby/package.json | demo/video-chat/frontend-vue/node_modules/uc.micro/package.json | demo/video-chat/frontend-vue/node_modules/undici-types/package.json | demo/video-chat/frontend-vue/node_modules/vite/package.json | demo/video-chat/frontend-vue/node_modules/vue-router/package.json | demo/video-chat/frontend-vue/node_modules/vue/compiler-sfc/package.json | demo/video-chat/frontend-vue/node_modules/vue/jsx-runtime/package.json | demo/video-chat/frontend-vue/node_modules/vue/package.json | demo/video-chat/frontend-vue/node_modules/vue/server-renderer/package.json | demo/video-chat/frontend-vue/package.json
index.js	103	demo/video-chat/frontend-vue/node_modules/@babel/helper-string-parser/lib/index.js | demo/video-chat/frontend-vue/node_modules/@babel/helper-validator-identifier/lib/index.js | demo/video-chat/frontend-vue/node_modules/@babel/parser/lib/index.js | demo/video-chat/frontend-vue/node_modules/@babel/types/lib/asserts/generated/index.js | demo/video-chat/frontend-vue/node_modules/@babel/types/lib/ast-types/generated/index.js | demo/video-chat/frontend-vue/node_modules/@babel/types/lib/builders/generated/index.js | demo/video-chat/frontend-vue/node_modules/@babel/types/lib/constants/generated/index.js | demo/video-chat/frontend-vue/node_modules/@babel/types/lib/constants/index.js | demo/video-chat/frontend-vue/node_modules/@babel/types/lib/definitions/index.js | demo/video-chat/frontend-vue/node_modules/@babel/types/lib/index.js | demo/video-chat/frontend-vue/node_modules/@babel/types/lib/validators/generated/index.js | demo/video-chat/frontend-vue/node_modules/@fullcalendar/core/index.js | demo/video-chat/frontend-vue/node_modules/@fullcalendar/daygrid/index.js | demo/video-chat/frontend-vue/node_modules/@fullcalendar/interaction/index.js | demo/video-chat/frontend-vue/node_modules/@fullcalendar/timegrid/index.js | demo/video-chat/frontend-vue/node_modules/@playwright/test/index.js | demo/video-chat/frontend-vue/node_modules/@protobufjs/aspromise/index.js | demo/video-chat/frontend-vue/node_modules/@protobufjs/aspromise/tests/index.js | demo/video-chat/frontend-vue/node_modules/@protobufjs/base64/index.js | demo/video-chat/frontend-vue/node_modules/@protobufjs/base64/tests/index.js | demo/video-chat/frontend-vue/node_modules/@protobufjs/codegen/index.js | demo/video-chat/frontend-vue/node_modules/@protobufjs/codegen/tests/index.js | demo/video-chat/frontend-vue/node_modules/@protobufjs/eventemitter/index.js | demo/video-chat/frontend-vue/node_modules/@protobufjs/eventemitter/tests/index.js | demo/video-chat/frontend-vue/node_modules/@protobufjs/fetch/index.js | demo/video-chat/frontend-vue/node_modules/@protobufjs/fetch/tests/index.js | demo/video-chat/frontend-vue/node_modules/@protobufjs/float/bench/index.js | demo/video-chat/frontend-vue/node_modules/@protobufjs/float/index.js | demo/video-chat/frontend-vue/node_modules/@protobufjs/float/tests/index.js | demo/video-chat/frontend-vue/node_modules/@protobufjs/inquire/index.js | demo/video-chat/frontend-vue/node_modules/@protobufjs/inquire/tests/index.js | demo/video-chat/frontend-vue/node_modules/@protobufjs/path/index.js | demo/video-chat/frontend-vue/node_modules/@protobufjs/path/tests/index.js | demo/video-chat/frontend-vue/node_modules/@protobufjs/pool/index.js | demo/video-chat/frontend-vue/node_modules/@protobufjs/pool/tests/index.js | demo/video-chat/frontend-vue/node_modules/@protobufjs/utf8/index.js | demo/video-chat/frontend-vue/node_modules/@protobufjs/utf8/tests/index.js | demo/video-chat/frontend-vue/node_modules/@rolldown/pluginutils/dist/filter/index.js | demo/video-chat/frontend-vue/node_modules/@rolldown/pluginutils/dist/index.js | demo/video-chat/frontend-vue/node_modules/@vue/compiler-core/index.js | demo/video-chat/frontend-vue/node_modules/@vue/compiler-dom/index.js | demo/video-chat/frontend-vue/node_modules/@vue/devtools-api/lib/cjs/api/index.js | demo/video-chat/frontend-vue/node_modules/@vue/devtools-api/lib/cjs/index.js | demo/video-chat/frontend-vue/node_modules/@vue/devtools-api/lib/esm/api/index.js | demo/video-chat/frontend-vue/node_modules/@vue/devtools-api/lib/esm/index.js | demo/video-chat/frontend-vue/node_modules/@vue/devtools-kit/dist/index.js | demo/video-chat/frontend-vue/node_modules/@vue/devtools-shared/dist/index.js | demo/video-chat/frontend-vue/node_modules/@vue/reactivity/index.js | demo/video-chat/frontend-vue/node_modules/@vue/runtime-core/index.js | demo/video-chat/frontend-vue/node_modules/@vue/runtime-dom/index.js | demo/video-chat/frontend-vue/node_modules/@vue/server-renderer/index.js | demo/video-chat/frontend-vue/node_modules/@vue/shared/index.js | demo/video-chat/frontend-vue/node_modules/copy-anything/dist/index.js | demo/video-chat/frontend-vue/node_modules/entities/dist/commonjs/index.js | demo/video-chat/frontend-vue/node_modules/entities/dist/esm/index.js | demo/video-chat/frontend-vue/node_modules/estree-walker/src/index.js | demo/video-chat/frontend-vue/node_modules/is-what/dist/index.js | demo/video-chat/frontend-vue/node_modules/lightningcss/node/index.js | demo/video-chat/frontend-vue/node_modules/long/index.js | demo/video-chat/frontend-vue/node_modules/long/umd/index.js | demo/video-chat/frontend-vue/node_modules/markdown-it/node_modules/entities/lib/esm/index.js | demo/video-chat/frontend-vue/node_modules/markdown-it/node_modules/entities/lib/index.js | demo/video-chat/frontend-vue/node_modules/nanoid/async/index.js | demo/video-chat/frontend-vue/node_modules/nanoid/index.js | demo/video-chat/frontend-vue/node_modules/nanoid/non-secure/index.js | demo/video-chat/frontend-vue/node_modules/nanoid/url-alphabet/index.js | demo/video-chat/frontend-vue/node_modules/onnxruntime-common/dist/cjs/index.js | demo/video-chat/frontend-vue/node_modules/onnxruntime-common/dist/esm/index.js | demo/video-chat/frontend-vue/node_modules/picomatch/index.js | demo/video-chat/frontend-vue/node_modules/pinia/node_modules/@vue/devtools-api/dist/index.js | demo/video-chat/frontend-vue/node_modules/playwright-core/index.js | demo/video-chat/frontend-vue/node_modules/playwright-core/lib/server/index.js | demo/video-chat/frontend-vue/node_modules/playwright-core/lib/server/registry/index.js | demo/video-chat/frontend-vue/node_modules/playwright-core/lib/tools/mcp/index.js | demo/video-chat/frontend-vue/node_modules/playwright-core/lib/utilsBundleImpl/index.js | demo/video-chat/frontend-vue/node_modules/playwright/index.js | demo/video-chat/frontend-vue/node_modules/playwright/lib/index.js | demo/video-chat/frontend-vue/node_modules/playwright/lib/plugins/index.js | demo/video-chat/frontend-vue/node_modules/preact/compat/src/index.js | demo/video-chat/frontend-vue/node_modules/preact/debug/src/index.js | demo/video-chat/frontend-vue/node_modules/preact/devtools/src/index.js | demo/video-chat/frontend-vue/node_modules/preact/hooks/src/index.js | demo/video-chat/frontend-vue/node_modules/preact/jsx-runtime/src/index.js | demo/video-chat/frontend-vue/node_modules/preact/src/diff/index.js | demo/video-chat/frontend-vue/node_modules/preact/src/index.js | demo/video-chat/frontend-vue/node_modules/preact/test-utils/src/index.js | demo/video-chat/frontend-vue/node_modules/protobufjs/ext/debug/index.js | demo/video-chat/frontend-vue/node_modules/protobufjs/ext/descriptor/index.js | demo/video-chat/frontend-vue/node_modules/protobufjs/index.js | demo/video-chat/frontend-vue/node_modules/protobufjs/src/index.js | demo/video-chat/frontend-vue/node_modules/rfdc/index.js | demo/video-chat/frontend-vue/node_modules/rfdc/test/index.js | demo/video-chat/frontend-vue/node_modules/rolldown/node_modules/@rolldown/pluginutils/dist/filter/index.js | demo/video-chat/frontend-vue/node_modules/rolldown/node_modules/@rolldown/pluginutils/dist/index.js | demo/video-chat/frontend-vue/node_modules/speakingurl/index.js | demo/video-chat/frontend-vue/node_modules/superjson/dist/index.js | demo/video-chat/frontend-vue/node_modules/vite/dist/node/index.js | demo/video-chat/frontend-vue/node_modules/vue-router/index.js | demo/video-chat/frontend-vue/node_modules/vue/compiler-sfc/index.js | demo/video-chat/frontend-vue/node_modules/vue/index.js | demo/video-chat/frontend-vue/node_modules/vue/jsx-runtime/index.js | demo/video-chat/frontend-vue/node_modules/vue/server-renderer/index.js | demo/video-chat/frontend-vue/src/modules/index.js
README.md	89	demo/call-app/README.md | demo/video-chat/frontend-vue/dist/call-app/README.md | demo/video-chat/frontend-vue/node_modules/@babel/helper-string-parser/README.md | demo/video-chat/frontend-vue/node_modules/@babel/helper-validator-identifier/README.md | demo/video-chat/frontend-vue/node_modules/@babel/parser/README.md | demo/video-chat/frontend-vue/node_modules/@babel/types/README.md | demo/video-chat/frontend-vue/node_modules/@fullcalendar/core/README.md | demo/video-chat/frontend-vue/node_modules/@fullcalendar/daygrid/README.md | demo/video-chat/frontend-vue/node_modules/@fullcalendar/interaction/README.md | demo/video-chat/frontend-vue/node_modules/@fullcalendar/timegrid/README.md | demo/video-chat/frontend-vue/node_modules/@jridgewell/sourcemap-codec/README.md | demo/video-chat/frontend-vue/node_modules/@oxc-project/types/README.md | demo/video-chat/frontend-vue/node_modules/@playwright/test/README.md | demo/video-chat/frontend-vue/node_modules/@protobufjs/aspromise/README.md | demo/video-chat/frontend-vue/node_modules/@protobufjs/base64/README.md | demo/video-chat/frontend-vue/node_modules/@protobufjs/codegen/README.md | demo/video-chat/frontend-vue/node_modules/@protobufjs/eventemitter/README.md | demo/video-chat/frontend-vue/node_modules/@protobufjs/fetch/README.md | demo/video-chat/frontend-vue/node_modules/@protobufjs/float/README.md | demo/video-chat/frontend-vue/node_modules/@protobufjs/inquire/README.md | demo/video-chat/frontend-vue/node_modules/@protobufjs/path/README.md | demo/video-chat/frontend-vue/node_modules/@protobufjs/pool/README.md | demo/video-chat/frontend-vue/node_modules/@protobufjs/utf8/README.md | demo/video-chat/frontend-vue/node_modules/@rolldown/binding-linux-x64-gnu/README.md | demo/video-chat/frontend-vue/node_modules/@rolldown/binding-linux-x64-musl/README.md | demo/video-chat/frontend-vue/node_modules/@rolldown/pluginutils/README.md | demo/video-chat/frontend-vue/node_modules/@types/node/README.md | demo/video-chat/frontend-vue/node_modules/@vitejs/plugin-vue/README.md | demo/video-chat/frontend-vue/node_modules/@vue/compiler-core/README.md | demo/video-chat/frontend-vue/node_modules/@vue/compiler-dom/README.md | demo/video-chat/frontend-vue/node_modules/@vue/compiler-sfc/README.md | demo/video-chat/frontend-vue/node_modules/@vue/compiler-ssr/README.md | demo/video-chat/frontend-vue/node_modules/@vue/devtools-kit/README.md | demo/video-chat/frontend-vue/node_modules/@vue/devtools-shared/README.md | demo/video-chat/frontend-vue/node_modules/@vue/reactivity/README.md | demo/video-chat/frontend-vue/node_modules/@vue/runtime-core/README.md | demo/video-chat/frontend-vue/node_modules/@vue/runtime-dom/README.md | demo/video-chat/frontend-vue/node_modules/@vue/server-renderer/README.md | demo/video-chat/frontend-vue/node_modules/@vue/shared/README.md | demo/video-chat/frontend-vue/node_modules/argparse/README.md | demo/video-chat/frontend-vue/node_modules/birpc/README.md | demo/video-chat/frontend-vue/node_modules/copy-anything/README.md | demo/video-chat/frontend-vue/node_modules/csstype/README.md | demo/video-chat/frontend-vue/node_modules/detect-libc/README.md | demo/video-chat/frontend-vue/node_modules/estree-walker/README.md | demo/video-chat/frontend-vue/node_modules/fdir/README.md | demo/video-chat/frontend-vue/node_modules/flatbuffers/README.md | demo/video-chat/frontend-vue/node_modules/guid-typescript/README.md | demo/video-chat/frontend-vue/node_modules/hookable/README.md | demo/video-chat/frontend-vue/node_modules/is-what/README.md | demo/video-chat/frontend-vue/node_modules/lightningcss-linux-x64-gnu/README.md | demo/video-chat/frontend-vue/node_modules/lightningcss-linux-x64-musl/README.md | demo/video-chat/frontend-vue/node_modules/lightningcss/README.md | demo/video-chat/frontend-vue/node_modules/linkify-it/README.md | demo/video-chat/frontend-vue/node_modules/long/README.md | demo/video-chat/frontend-vue/node_modules/magic-string/README.md | demo/video-chat/frontend-vue/node_modules/markdown-it/README.md | demo/video-chat/frontend-vue/node_modules/mdurl/README.md | demo/video-chat/frontend-vue/node_modules/mitt/README.md | demo/video-chat/frontend-vue/node_modules/nanoid/README.md | demo/video-chat/frontend-vue/node_modules/onnxruntime-common/README.md | demo/video-chat/frontend-vue/node_modules/onnxruntime-web/README.md | demo/video-chat/frontend-vue/node_modules/onnxruntime-web/lib/onnxjs/ort-schema/flatbuffers/README.md | demo/video-chat/frontend-vue/node_modules/onnxruntime-web/lib/onnxjs/ort-schema/protobuf/README.md | demo/video-chat/frontend-vue/node_modules/perfect-debounce/README.md | demo/video-chat/frontend-vue/node_modules/picocolors/README.md | demo/video-chat/frontend-vue/node_modules/picomatch/README.md | demo/video-chat/frontend-vue/node_modules/pinia/README.md | demo/video-chat/frontend-vue/node_modules/pinia/node_modules/@vue/devtools-api/README.md | demo/video-chat/frontend-vue/node_modules/platform/README.md | demo/video-chat/frontend-vue/node_modules/playwright-core/README.md | demo/video-chat/frontend-vue/node_modules/playwright/README.md | demo/video-chat/frontend-vue/node_modules/postcss/README.md | demo/video-chat/frontend-vue/node_modules/preact/README.md | demo/video-chat/frontend-vue/node_modules/protobufjs/README.md | demo/video-chat/frontend-vue/node_modules/protobufjs/ext/debug/README.md | demo/video-chat/frontend-vue/node_modules/protobufjs/ext/descriptor/README.md | demo/video-chat/frontend-vue/node_modules/protobufjs/google/README.md | demo/video-chat/frontend-vue/node_modules/punycode.js/README.md | demo/video-chat/frontend-vue/node_modules/rolldown/README.md | demo/video-chat/frontend-vue/node_modules/rolldown/node_modules/@rolldown/pluginutils/README.md | demo/video-chat/frontend-vue/node_modules/source-map-js/README.md | demo/video-chat/frontend-vue/node_modules/speakingurl/README.md | demo/video-chat/frontend-vue/node_modules/superjson/README.md | demo/video-chat/frontend-vue/node_modules/tinyglobby/README.md | demo/video-chat/frontend-vue/node_modules/uc.micro/README.md | demo/video-chat/frontend-vue/node_modules/undici-types/README.md | demo/video-chat/frontend-vue/node_modules/vite/README.md | demo/video-chat/frontend-vue/node_modules/vue/README.md
LICENSE	74	demo/video-chat/frontend-vue/node_modules/@babel/helper-string-parser/LICENSE | demo/video-chat/frontend-vue/node_modules/@babel/helper-validator-identifier/LICENSE | demo/video-chat/frontend-vue/node_modules/@babel/parser/LICENSE | demo/video-chat/frontend-vue/node_modules/@babel/types/LICENSE | demo/video-chat/frontend-vue/node_modules/@jridgewell/sourcemap-codec/LICENSE | demo/video-chat/frontend-vue/node_modules/@oxc-project/types/LICENSE | demo/video-chat/frontend-vue/node_modules/@playwright/test/LICENSE | demo/video-chat/frontend-vue/node_modules/@protobufjs/aspromise/LICENSE | demo/video-chat/frontend-vue/node_modules/@protobufjs/base64/LICENSE | demo/video-chat/frontend-vue/node_modules/@protobufjs/codegen/LICENSE | demo/video-chat/frontend-vue/node_modules/@protobufjs/eventemitter/LICENSE | demo/video-chat/frontend-vue/node_modules/@protobufjs/fetch/LICENSE | demo/video-chat/frontend-vue/node_modules/@protobufjs/float/LICENSE | demo/video-chat/frontend-vue/node_modules/@protobufjs/inquire/LICENSE | demo/video-chat/frontend-vue/node_modules/@protobufjs/path/LICENSE | demo/video-chat/frontend-vue/node_modules/@protobufjs/pool/LICENSE | demo/video-chat/frontend-vue/node_modules/@protobufjs/utf8/LICENSE | demo/video-chat/frontend-vue/node_modules/@rolldown/pluginutils/LICENSE | demo/video-chat/frontend-vue/node_modules/@types/node/LICENSE | demo/video-chat/frontend-vue/node_modules/@vitejs/plugin-vue/LICENSE | demo/video-chat/frontend-vue/node_modules/@vue/compiler-core/LICENSE | demo/video-chat/frontend-vue/node_modules/@vue/compiler-dom/LICENSE | demo/video-chat/frontend-vue/node_modules/@vue/compiler-sfc/LICENSE | demo/video-chat/frontend-vue/node_modules/@vue/compiler-ssr/LICENSE | demo/video-chat/frontend-vue/node_modules/@vue/devtools-kit/LICENSE | demo/video-chat/frontend-vue/node_modules/@vue/devtools-shared/LICENSE | demo/video-chat/frontend-vue/node_modules/@vue/reactivity/LICENSE | demo/video-chat/frontend-vue/node_modules/@vue/runtime-core/LICENSE | demo/video-chat/frontend-vue/node_modules/@vue/runtime-dom/LICENSE | demo/video-chat/frontend-vue/node_modules/@vue/server-renderer/LICENSE | demo/video-chat/frontend-vue/node_modules/@vue/shared/LICENSE | demo/video-chat/frontend-vue/node_modules/argparse/LICENSE | demo/video-chat/frontend-vue/node_modules/birpc/LICENSE | demo/video-chat/frontend-vue/node_modules/copy-anything/LICENSE | demo/video-chat/frontend-vue/node_modules/csstype/LICENSE | demo/video-chat/frontend-vue/node_modules/detect-libc/LICENSE | demo/video-chat/frontend-vue/node_modules/entities/LICENSE | demo/video-chat/frontend-vue/node_modules/estree-walker/LICENSE | demo/video-chat/frontend-vue/node_modules/fdir/LICENSE | demo/video-chat/frontend-vue/node_modules/flatbuffers/LICENSE | demo/video-chat/frontend-vue/node_modules/is-what/LICENSE | demo/video-chat/frontend-vue/node_modules/lightningcss-linux-x64-gnu/LICENSE | demo/video-chat/frontend-vue/node_modules/lightningcss-linux-x64-musl/LICENSE | demo/video-chat/frontend-vue/node_modules/lightningcss/LICENSE | demo/video-chat/frontend-vue/node_modules/linkify-it/LICENSE | demo/video-chat/frontend-vue/node_modules/long/LICENSE | demo/video-chat/frontend-vue/node_modules/magic-string/LICENSE | demo/video-chat/frontend-vue/node_modules/markdown-it/LICENSE | demo/video-chat/frontend-vue/node_modules/markdown-it/node_modules/entities/LICENSE | demo/video-chat/frontend-vue/node_modules/mdurl/LICENSE | demo/video-chat/frontend-vue/node_modules/mitt/LICENSE | demo/video-chat/frontend-vue/node_modules/nanoid/LICENSE | demo/video-chat/frontend-vue/node_modules/perfect-debounce/LICENSE | demo/video-chat/frontend-vue/node_modules/picocolors/LICENSE | demo/video-chat/frontend-vue/node_modules/picomatch/LICENSE | demo/video-chat/frontend-vue/node_modules/pinia/LICENSE | demo/video-chat/frontend-vue/node_modules/pinia/node_modules/@vue/devtools-api/LICENSE | demo/video-chat/frontend-vue/node_modules/platform/LICENSE | demo/video-chat/frontend-vue/node_modules/playwright-core/LICENSE | demo/video-chat/frontend-vue/node_modules/playwright/LICENSE | demo/video-chat/frontend-vue/node_modules/postcss/LICENSE | demo/video-chat/frontend-vue/node_modules/preact/LICENSE | demo/video-chat/frontend-vue/node_modules/protobufjs/LICENSE | demo/video-chat/frontend-vue/node_modules/protobufjs/google/LICENSE | demo/video-chat/frontend-vue/node_modules/rfdc/LICENSE | demo/video-chat/frontend-vue/node_modules/rolldown/LICENSE | demo/video-chat/frontend-vue/node_modules/rolldown/node_modules/@rolldown/pluginutils/LICENSE | demo/video-chat/frontend-vue/node_modules/source-map-js/LICENSE | demo/video-chat/frontend-vue/node_modules/speakingurl/LICENSE | demo/video-chat/frontend-vue/node_modules/superjson/LICENSE | demo/video-chat/frontend-vue/node_modules/tinyglobby/LICENSE | demo/video-chat/frontend-vue/node_modules/undici-types/LICENSE | demo/video-chat/frontend-vue/node_modules/vue-router/LICENSE | demo/video-chat/frontend-vue/node_modules/vue/LICENSE
index.d.ts	67	demo/video-chat/frontend-vue/node_modules/@babel/types/lib/index.d.ts | demo/video-chat/frontend-vue/node_modules/@fullcalendar/core/index.d.ts | demo/video-chat/frontend-vue/node_modules/@fullcalendar/daygrid/index.d.ts | demo/video-chat/frontend-vue/node_modules/@fullcalendar/interaction/index.d.ts | demo/video-chat/frontend-vue/node_modules/@fullcalendar/timegrid/index.d.ts | demo/video-chat/frontend-vue/node_modules/@playwright/test/index.d.ts | demo/video-chat/frontend-vue/node_modules/@protobufjs/aspromise/index.d.ts | demo/video-chat/frontend-vue/node_modules/@protobufjs/base64/index.d.ts | demo/video-chat/frontend-vue/node_modules/@protobufjs/codegen/index.d.ts | demo/video-chat/frontend-vue/node_modules/@protobufjs/eventemitter/index.d.ts | demo/video-chat/frontend-vue/node_modules/@protobufjs/fetch/index.d.ts | demo/video-chat/frontend-vue/node_modules/@protobufjs/float/index.d.ts | demo/video-chat/frontend-vue/node_modules/@protobufjs/inquire/index.d.ts | demo/video-chat/frontend-vue/node_modules/@protobufjs/path/index.d.ts | demo/video-chat/frontend-vue/node_modules/@protobufjs/pool/index.d.ts | demo/video-chat/frontend-vue/node_modules/@protobufjs/utf8/index.d.ts | demo/video-chat/frontend-vue/node_modules/@rolldown/pluginutils/dist/filter/index.d.ts | demo/video-chat/frontend-vue/node_modules/@rolldown/pluginutils/dist/index.d.ts | demo/video-chat/frontend-vue/node_modules/@types/node/index.d.ts | demo/video-chat/frontend-vue/node_modules/@types/node/ts5.6/index.d.ts | demo/video-chat/frontend-vue/node_modules/@types/node/ts5.7/index.d.ts | demo/video-chat/frontend-vue/node_modules/@vue/devtools-api/lib/esm/api/index.d.ts | demo/video-chat/frontend-vue/node_modules/@vue/devtools-api/lib/esm/index.d.ts | demo/video-chat/frontend-vue/node_modules/@vue/devtools-kit/dist/index.d.ts | demo/video-chat/frontend-vue/node_modules/@vue/devtools-shared/dist/index.d.ts | demo/video-chat/frontend-vue/node_modules/birpc/dist/index.d.ts | demo/video-chat/frontend-vue/node_modules/copy-anything/dist/index.d.ts | demo/video-chat/frontend-vue/node_modules/csstype/index.d.ts | demo/video-chat/frontend-vue/node_modules/detect-libc/index.d.ts | demo/video-chat/frontend-vue/node_modules/entities/dist/commonjs/index.d.ts | demo/video-chat/frontend-vue/node_modules/entities/dist/esm/index.d.ts | demo/video-chat/frontend-vue/node_modules/estree-walker/types/index.d.ts | demo/video-chat/frontend-vue/node_modules/hookable/dist/index.d.ts | demo/video-chat/frontend-vue/node_modules/is-what/dist/index.d.ts | demo/video-chat/frontend-vue/node_modules/lightningcss/node/index.d.ts | demo/video-chat/frontend-vue/node_modules/long/index.d.ts | demo/video-chat/frontend-vue/node_modules/long/umd/index.d.ts | demo/video-chat/frontend-vue/node_modules/markdown-it/node_modules/entities/lib/esm/index.d.ts | demo/video-chat/frontend-vue/node_modules/markdown-it/node_modules/entities/lib/index.d.ts | demo/video-chat/frontend-vue/node_modules/mitt/index.d.ts | demo/video-chat/frontend-vue/node_modules/nanoid/async/index.d.ts | demo/video-chat/frontend-vue/node_modules/nanoid/index.d.ts | demo/video-chat/frontend-vue/node_modules/nanoid/non-secure/index.d.ts | demo/video-chat/frontend-vue/node_modules/onnxruntime-common/dist/cjs/index.d.ts | demo/video-chat/frontend-vue/node_modules/onnxruntime-common/dist/esm/index.d.ts | demo/video-chat/frontend-vue/node_modules/perfect-debounce/dist/index.d.ts | demo/video-chat/frontend-vue/node_modules/pinia/node_modules/@vue/devtools-api/dist/index.d.ts | demo/video-chat/frontend-vue/node_modules/playwright-core/index.d.ts | demo/video-chat/frontend-vue/node_modules/playwright/index.d.ts | demo/video-chat/frontend-vue/node_modules/preact/compat/src/index.d.ts | demo/video-chat/frontend-vue/node_modules/preact/debug/src/index.d.ts | demo/video-chat/frontend-vue/node_modules/preact/devtools/src/index.d.ts | demo/video-chat/frontend-vue/node_modules/preact/hooks/src/index.d.ts | demo/video-chat/frontend-vue/node_modules/preact/jsx-runtime/src/index.d.ts | demo/video-chat/frontend-vue/node_modules/preact/src/index.d.ts | demo/video-chat/frontend-vue/node_modules/preact/test-utils/src/index.d.ts | demo/video-chat/frontend-vue/node_modules/protobufjs/ext/descriptor/index.d.ts | demo/video-chat/frontend-vue/node_modules/protobufjs/index.d.ts | demo/video-chat/frontend-vue/node_modules/rfdc/index.d.ts | demo/video-chat/frontend-vue/node_modules/rolldown/node_modules/@rolldown/pluginutils/dist/filter/index.d.ts | demo/video-chat/frontend-vue/node_modules/rolldown/node_modules/@rolldown/pluginutils/dist/index.d.ts | demo/video-chat/frontend-vue/node_modules/superjson/dist/index.d.ts | demo/video-chat/frontend-vue/node_modules/undici-types/index.d.ts | demo/video-chat/frontend-vue/node_modules/vite/dist/node/index.d.ts | demo/video-chat/frontend-vue/node_modules/vue/compiler-sfc/index.d.ts | demo/video-chat/frontend-vue/node_modules/vue/jsx-runtime/index.d.ts | demo/video-chat/frontend-vue/node_modules/vue/server-renderer/index.d.ts
index.mjs	22	demo/video-chat/frontend-vue/node_modules/@playwright/test/index.mjs | demo/video-chat/frontend-vue/node_modules/@vitejs/plugin-vue/dist/index.mjs | demo/video-chat/frontend-vue/node_modules/birpc/dist/index.mjs | demo/video-chat/frontend-vue/node_modules/fdir/dist/index.mjs | demo/video-chat/frontend-vue/node_modules/hookable/dist/index.mjs | demo/video-chat/frontend-vue/node_modules/lightningcss/node/index.mjs | demo/video-chat/frontend-vue/node_modules/linkify-it/index.mjs | demo/video-chat/frontend-vue/node_modules/markdown-it/index.mjs | demo/video-chat/frontend-vue/node_modules/markdown-it/lib/helpers/index.mjs | demo/video-chat/frontend-vue/node_modules/markdown-it/lib/index.mjs | demo/video-chat/frontend-vue/node_modules/mdurl/index.mjs | demo/video-chat/frontend-vue/node_modules/perfect-debounce/dist/index.mjs | demo/video-chat/frontend-vue/node_modules/playwright-core/index.mjs | demo/video-chat/frontend-vue/node_modules/playwright/index.mjs | demo/video-chat/frontend-vue/node_modules/rolldown/dist/index.mjs | demo/video-chat/frontend-vue/node_modules/tinyglobby/dist/index.mjs | demo/video-chat/frontend-vue/node_modules/uc.micro/index.mjs | demo/video-chat/frontend-vue/node_modules/vue-router/dist/experimental/index.mjs | demo/video-chat/frontend-vue/node_modules/vue/compiler-sfc/index.mjs | demo/video-chat/frontend-vue/node_modules/vue/index.mjs | demo/video-chat/frontend-vue/node_modules/vue/jsx-runtime/index.mjs | demo/video-chat/frontend-vue/node_modules/vue/server-renderer/index.mjs
index.html	18	demo/call-app/call-diagnostics/public/index.html | demo/call-app/planning-image/public/index.html | demo/call-app/presentation/public/index.html | demo/call-app/spreadsheet/public/index.html | demo/call-app/text-document/public/index.html | demo/call-app/whiteboard/public/index.html | demo/video-chat/frontend-vue/dist/call-app/call-diagnostics/public/index.html | demo/video-chat/frontend-vue/dist/call-app/planning-image/public/index.html | demo/video-chat/frontend-vue/dist/call-app/presentation/public/index.html | demo/video-chat/frontend-vue/dist/call-app/spreadsheet/public/index.html | demo/video-chat/frontend-vue/dist/call-app/text-document/public/index.html | demo/video-chat/frontend-vue/dist/call-app/whiteboard/public/index.html | demo/video-chat/frontend-vue/dist/index.html | demo/video-chat/frontend-vue/index.html | demo/video-chat/frontend-vue/node_modules/playwright-core/lib/vite/dashboard/index.html | demo/video-chat/frontend-vue/node_modules/playwright-core/lib/vite/htmlReport/index.html | demo/video-chat/frontend-vue/node_modules/playwright-core/lib/vite/recorder/index.html | demo/video-chat/frontend-vue/node_modules/playwright-core/lib/vite/traceViewer/index.html
index.js.map	18	demo/video-chat/frontend-vue/node_modules/@babel/helper-string-parser/lib/index.js.map | demo/video-chat/frontend-vue/node_modules/@babel/helper-validator-identifier/lib/index.js.map | demo/video-chat/frontend-vue/node_modules/@babel/parser/lib/index.js.map | demo/video-chat/frontend-vue/node_modules/@babel/types/lib/asserts/generated/index.js.map | demo/video-chat/frontend-vue/node_modules/@babel/types/lib/ast-types/generated/index.js.map | demo/video-chat/frontend-vue/node_modules/@babel/types/lib/builders/generated/index.js.map | demo/video-chat/frontend-vue/node_modules/@babel/types/lib/constants/generated/index.js.map | demo/video-chat/frontend-vue/node_modules/@babel/types/lib/constants/index.js.map | demo/video-chat/frontend-vue/node_modules/@babel/types/lib/definitions/index.js.map | demo/video-chat/frontend-vue/node_modules/@babel/types/lib/index.js.map | demo/video-chat/frontend-vue/node_modules/@babel/types/lib/validators/generated/index.js.map | demo/video-chat/frontend-vue/node_modules/entities/dist/commonjs/index.js.map | demo/video-chat/frontend-vue/node_modules/entities/dist/esm/index.js.map | demo/video-chat/frontend-vue/node_modules/markdown-it/node_modules/entities/lib/esm/index.js.map | demo/video-chat/frontend-vue/node_modules/markdown-it/node_modules/entities/lib/index.js.map | demo/video-chat/frontend-vue/node_modules/onnxruntime-common/dist/cjs/index.js.map | demo/video-chat/frontend-vue/node_modules/onnxruntime-common/dist/esm/index.js.map | demo/video-chat/frontend-vue/node_modules/superjson/dist/index.js.map
index.cjs	17	demo/video-chat/frontend-vue/node_modules/@fullcalendar/core/index.cjs | demo/video-chat/frontend-vue/node_modules/@fullcalendar/daygrid/index.cjs | demo/video-chat/frontend-vue/node_modules/@fullcalendar/interaction/index.cjs | demo/video-chat/frontend-vue/node_modules/@fullcalendar/timegrid/index.cjs | demo/video-chat/frontend-vue/node_modules/@vue/devtools-kit/dist/index.cjs | demo/video-chat/frontend-vue/node_modules/@vue/devtools-shared/dist/index.cjs | demo/video-chat/frontend-vue/node_modules/birpc/dist/index.cjs | demo/video-chat/frontend-vue/node_modules/fdir/dist/index.cjs | demo/video-chat/frontend-vue/node_modules/hookable/dist/index.cjs | demo/video-chat/frontend-vue/node_modules/nanoid/async/index.cjs | demo/video-chat/frontend-vue/node_modules/nanoid/index.cjs | demo/video-chat/frontend-vue/node_modules/nanoid/non-secure/index.cjs | demo/video-chat/frontend-vue/node_modules/nanoid/url-alphabet/index.cjs | demo/video-chat/frontend-vue/node_modules/perfect-debounce/dist/index.cjs | demo/video-chat/frontend-vue/node_modules/pinia/index.cjs | demo/video-chat/frontend-vue/node_modules/pinia/node_modules/@vue/devtools-api/dist/index.cjs | demo/video-chat/frontend-vue/node_modules/tinyglobby/dist/index.cjs
call-app.manifest.json	12	demo/call-app/call-diagnostics/call-app.manifest.json | demo/call-app/planning-image/call-app.manifest.json | demo/call-app/presentation/call-app.manifest.json | demo/call-app/spreadsheet/call-app.manifest.json | demo/call-app/text-document/call-app.manifest.json | demo/call-app/whiteboard/call-app.manifest.json | demo/video-chat/frontend-vue/dist/call-app/call-diagnostics/call-app.manifest.json | demo/video-chat/frontend-vue/dist/call-app/planning-image/call-app.manifest.json | demo/video-chat/frontend-vue/dist/call-app/presentation/call-app.manifest.json | demo/video-chat/frontend-vue/dist/call-app/spreadsheet/call-app.manifest.json | demo/video-chat/frontend-vue/dist/call-app/text-document/call-app.manifest.json | demo/video-chat/frontend-vue/dist/call-app/whiteboard/call-app.manifest.json
crdt.schema.json	12	demo/call-app/call-diagnostics/crdt.schema.json | demo/call-app/planning-image/crdt.schema.json | demo/call-app/presentation/crdt.schema.json | demo/call-app/spreadsheet/crdt.schema.json | demo/call-app/text-document/crdt.schema.json | demo/call-app/whiteboard/crdt.schema.json | demo/video-chat/frontend-vue/dist/call-app/call-diagnostics/crdt.schema.json | demo/video-chat/frontend-vue/dist/call-app/planning-image/crdt.schema.json | demo/video-chat/frontend-vue/dist/call-app/presentation/crdt.schema.json | demo/video-chat/frontend-vue/dist/call-app/spreadsheet/crdt.schema.json | demo/video-chat/frontend-vue/dist/call-app/text-document/crdt.schema.json | demo/video-chat/frontend-vue/dist/call-app/whiteboard/crdt.schema.json
health.descriptor.json	12	demo/call-app/call-diagnostics/health.descriptor.json | demo/call-app/planning-image/health.descriptor.json | demo/call-app/presentation/health.descriptor.json | demo/call-app/spreadsheet/health.descriptor.json | demo/call-app/text-document/health.descriptor.json | demo/call-app/whiteboard/health.descriptor.json | demo/video-chat/frontend-vue/dist/call-app/call-diagnostics/health.descriptor.json | demo/video-chat/frontend-vue/dist/call-app/planning-image/health.descriptor.json | demo/video-chat/frontend-vue/dist/call-app/presentation/health.descriptor.json | demo/video-chat/frontend-vue/dist/call-app/spreadsheet/health.descriptor.json | demo/video-chat/frontend-vue/dist/call-app/text-document/health.descriptor.json | demo/video-chat/frontend-vue/dist/call-app/whiteboard/health.descriptor.json
mcp.descriptor.json	12	demo/call-app/call-diagnostics/mcp.descriptor.json | demo/call-app/planning-image/mcp.descriptor.json | demo/call-app/presentation/mcp.descriptor.json | demo/call-app/spreadsheet/mcp.descriptor.json | demo/call-app/text-document/mcp.descriptor.json | demo/call-app/whiteboard/mcp.descriptor.json | demo/video-chat/frontend-vue/dist/call-app/call-diagnostics/mcp.descriptor.json | demo/video-chat/frontend-vue/dist/call-app/planning-image/mcp.descriptor.json | demo/video-chat/frontend-vue/dist/call-app/presentation/mcp.descriptor.json | demo/video-chat/frontend-vue/dist/call-app/spreadsheet/mcp.descriptor.json | demo/video-chat/frontend-vue/dist/call-app/text-document/mcp.descriptor.json | demo/video-chat/frontend-vue/dist/call-app/whiteboard/mcp.descriptor.json
descriptor.js	11	demo/video-chat/frontend-vue/src/modules/administration/descriptor.js | demo/video-chat/frontend-vue/src/modules/calendar/descriptor.js | demo/video-chat/frontend-vue/src/modules/calls/descriptor.js | demo/video-chat/frontend-vue/src/modules/governance/descriptor.js | demo/video-chat/frontend-vue/src/modules/infrastructure/descriptor.js | demo/video-chat/frontend-vue/src/modules/localization/descriptor.js | demo/video-chat/frontend-vue/src/modules/marketplace/descriptor.js | demo/video-chat/frontend-vue/src/modules/onboarding/descriptor.js | demo/video-chat/frontend-vue/src/modules/theme_editor/descriptor.js | demo/video-chat/frontend-vue/src/modules/users/descriptor.js | demo/video-chat/frontend-vue/src/modules/workspace_settings/descriptor.js
types.d.ts	11	demo/video-chat/frontend-vue/node_modules/@oxc-project/types/types.d.ts | demo/video-chat/frontend-vue/node_modules/@types/node/util/types.d.ts | demo/video-chat/frontend-vue/node_modules/@vue/devtools-kit/types.d.ts | demo/video-chat/frontend-vue/node_modules/flatbuffers/js/types.d.ts | demo/video-chat/frontend-vue/node_modules/flatbuffers/mjs/types.d.ts | demo/video-chat/frontend-vue/node_modules/long/types.d.ts | demo/video-chat/frontend-vue/node_modules/long/umd/types.d.ts | demo/video-chat/frontend-vue/node_modules/onnxruntime-web/types.d.ts | demo/video-chat/frontend-vue/node_modules/picocolors/types.d.ts | demo/video-chat/frontend-vue/node_modules/playwright-core/types/types.d.ts | demo/video-chat/frontend-vue/node_modules/superjson/dist/types.d.ts
util.js	11	demo/video-chat/frontend-vue/node_modules/@vue/devtools-api/lib/cjs/api/util.js | demo/video-chat/frontend-vue/node_modules/@vue/devtools-api/lib/esm/api/util.js | demo/video-chat/frontend-vue/node_modules/onnxruntime-web/lib/onnxjs/util.js | demo/video-chat/frontend-vue/node_modules/playwright/lib/util.js | demo/video-chat/frontend-vue/node_modules/playwright/lib/worker/util.js | demo/video-chat/frontend-vue/node_modules/preact/compat/src/util.js | demo/video-chat/frontend-vue/node_modules/preact/debug/src/util.js | demo/video-chat/frontend-vue/node_modules/preact/src/util.js | demo/video-chat/frontend-vue/node_modules/protobufjs/src/util.js | demo/video-chat/frontend-vue/node_modules/source-map-js/lib/util.js | demo/video-chat/frontend-vue/node_modules/superjson/dist/util.js
manifest.json	10	demo/video-chat/backend-king-php/modules/backend_modules/manifest.json | demo/video-chat/backend-king-php/support/workspace_background_seed/manifest.json | demo/video-chat/frontend-vue/dist/cdn/vendor/mediapipe/models/manifest.json | demo/video-chat/frontend-vue/dist/cdn/vendor/mediapipe/selfie_segmentation/manifest.json | demo/video-chat/frontend-vue/dist/cdn/vendor/mediapipe/tasks-vision/manifest.json | demo/video-chat/frontend-vue/dist/cdn/vendor/tensorflow/manifest.json | demo/video-chat/frontend-vue/public/cdn/vendor/mediapipe/models/manifest.json | demo/video-chat/frontend-vue/public/cdn/vendor/mediapipe/selfie_segmentation/manifest.json | demo/video-chat/frontend-vue/public/cdn/vendor/mediapipe/tasks-vision/manifest.json | demo/video-chat/frontend-vue/public/cdn/vendor/tensorflow/manifest.json
types.js	9	demo/video-chat/frontend-vue/node_modules/flatbuffers/js/types.js | demo/video-chat/frontend-vue/node_modules/flatbuffers/mjs/types.js | demo/video-chat/frontend-vue/node_modules/onnxruntime-web/lib/onnxjs/backends/webgl/types.js | demo/video-chat/frontend-vue/node_modules/playwright-core/lib/client/types.js | demo/video-chat/frontend-vue/node_modules/playwright-core/lib/server/codegen/types.js | demo/video-chat/frontend-vue/node_modules/playwright-core/lib/server/types.js | demo/video-chat/frontend-vue/node_modules/playwright-core/lib/utils/isomorphic/types.js | demo/video-chat/frontend-vue/node_modules/protobufjs/src/types.js | demo/video-chat/frontend-vue/node_modules/superjson/dist/types.js
utils.js	9	demo/video-chat/frontend-vue/node_modules/@babel/types/lib/definitions/utils.js | demo/video-chat/frontend-vue/node_modules/@rolldown/pluginutils/dist/utils.js | demo/video-chat/frontend-vue/node_modules/flatbuffers/js/utils.js | demo/video-chat/frontend-vue/node_modules/flatbuffers/mjs/utils.js | demo/video-chat/frontend-vue/node_modules/onnxruntime-web/lib/onnxjs/backends/webgl/utils.js | demo/video-chat/frontend-vue/node_modules/picomatch/lib/utils.js | demo/video-chat/frontend-vue/node_modules/playwright-core/lib/tools/backend/utils.js | demo/video-chat/frontend-vue/node_modules/playwright-core/lib/utils.js | demo/video-chat/frontend-vue/node_modules/rolldown/node_modules/@rolldown/pluginutils/dist/utils.js
index.d.mts	8	demo/video-chat/frontend-vue/node_modules/@vitejs/plugin-vue/dist/index.d.mts | demo/video-chat/frontend-vue/node_modules/birpc/dist/index.d.mts | demo/video-chat/frontend-vue/node_modules/fdir/dist/index.d.mts | demo/video-chat/frontend-vue/node_modules/rolldown/dist/index.d.mts | demo/video-chat/frontend-vue/node_modules/tinyglobby/dist/index.d.mts | demo/video-chat/frontend-vue/node_modules/vue-router/dist/experimental/index.d.mts | demo/video-chat/frontend-vue/node_modules/vue/compiler-sfc/index.d.mts | demo/video-chat/frontend-vue/node_modules/vue/server-renderer/index.d.mts
internal.d.ts	8	demo/video-chat/frontend-vue/node_modules/@fullcalendar/core/internal.d.ts | demo/video-chat/frontend-vue/node_modules/@fullcalendar/daygrid/internal.d.ts | demo/video-chat/frontend-vue/node_modules/@fullcalendar/timegrid/internal.d.ts | demo/video-chat/frontend-vue/node_modules/preact/compat/src/internal.d.ts | demo/video-chat/frontend-vue/node_modules/preact/debug/src/internal.d.ts | demo/video-chat/frontend-vue/node_modules/preact/hooks/src/internal.d.ts | demo/video-chat/frontend-vue/node_modules/preact/src/internal.d.ts | demo/video-chat/frontend-vue/node_modules/vite/dist/node/internal.d.ts
index.d.cts	7	demo/video-chat/frontend-vue/node_modules/@vue/devtools-kit/dist/index.d.cts | demo/video-chat/frontend-vue/node_modules/@vue/devtools-shared/dist/index.d.cts | demo/video-chat/frontend-vue/node_modules/birpc/dist/index.d.cts | demo/video-chat/frontend-vue/node_modules/fdir/dist/index.d.cts | demo/video-chat/frontend-vue/node_modules/nanoid/index.d.cts | demo/video-chat/frontend-vue/node_modules/pinia/node_modules/@vue/devtools-api/dist/index.d.cts | demo/video-chat/frontend-vue/node_modules/tinyglobby/dist/index.d.cts
index.d.ts.map	6	demo/video-chat/frontend-vue/node_modules/entities/dist/commonjs/index.d.ts.map | demo/video-chat/frontend-vue/node_modules/entities/dist/esm/index.d.ts.map | demo/video-chat/frontend-vue/node_modules/markdown-it/node_modules/entities/lib/esm/index.d.ts.map | demo/video-chat/frontend-vue/node_modules/markdown-it/node_modules/entities/lib/index.d.ts.map | demo/video-chat/frontend-vue/node_modules/onnxruntime-common/dist/cjs/index.d.ts.map | demo/video-chat/frontend-vue/node_modules/onnxruntime-common/dist/esm/index.d.ts.map
LICENSE.md	6	demo/video-chat/frontend-vue/node_modules/@fullcalendar/core/LICENSE.md | demo/video-chat/frontend-vue/node_modules/@fullcalendar/daygrid/LICENSE.md | demo/video-chat/frontend-vue/node_modules/@fullcalendar/interaction/LICENSE.md | demo/video-chat/frontend-vue/node_modules/@fullcalendar/timegrid/LICENSE.md | demo/video-chat/frontend-vue/node_modules/hookable/LICENSE.md | demo/video-chat/frontend-vue/node_modules/vite/LICENSE.md
promises.d.ts	6	demo/video-chat/frontend-vue/node_modules/@types/node/dns/promises.d.ts | demo/video-chat/frontend-vue/node_modules/@types/node/fs/promises.d.ts | demo/video-chat/frontend-vue/node_modules/@types/node/inspector/promises.d.ts | demo/video-chat/frontend-vue/node_modules/@types/node/readline/promises.d.ts | demo/video-chat/frontend-vue/node_modules/@types/node/stream/promises.d.ts | demo/video-chat/frontend-vue/node_modules/@types/node/timers/promises.d.ts
regex.mjs	6	demo/video-chat/frontend-vue/node_modules/uc.micro/categories/Cc/regex.mjs | demo/video-chat/frontend-vue/node_modules/uc.micro/categories/Cf/regex.mjs | demo/video-chat/frontend-vue/node_modules/uc.micro/categories/P/regex.mjs | demo/video-chat/frontend-vue/node_modules/uc.micro/categories/S/regex.mjs | demo/video-chat/frontend-vue/node_modules/uc.micro/categories/Z/regex.mjs | demo/video-chat/frontend-vue/node_modules/uc.micro/properties/Any/regex.mjs
cli.js	5	demo/video-chat/frontend-vue/node_modules/@playwright/test/cli.js | demo/video-chat/frontend-vue/node_modules/playwright-core/cli.js | demo/video-chat/frontend-vue/node_modules/playwright-core/lib/tools/cli-client/cli.js | demo/video-chat/frontend-vue/node_modules/playwright/cli.js | demo/video-chat/frontend-vue/node_modules/vite/dist/node/cli.js
constants.js	5	demo/video-chat/frontend-vue/node_modules/flatbuffers/js/constants.js | demo/video-chat/frontend-vue/node_modules/flatbuffers/mjs/constants.js | demo/video-chat/frontend-vue/node_modules/picomatch/lib/constants.js | demo/video-chat/frontend-vue/node_modules/preact/debug/src/constants.js | demo/video-chat/frontend-vue/node_modules/preact/src/constants.js
decode.d.ts	5	demo/video-chat/frontend-vue/node_modules/entities/decode.d.ts | demo/video-chat/frontend-vue/node_modules/entities/dist/commonjs/decode.d.ts | demo/video-chat/frontend-vue/node_modules/entities/dist/esm/decode.d.ts | demo/video-chat/frontend-vue/node_modules/markdown-it/node_modules/entities/lib/decode.d.ts | demo/video-chat/frontend-vue/node_modules/markdown-it/node_modules/entities/lib/esm/decode.d.ts
decode.js	5	demo/video-chat/frontend-vue/node_modules/entities/decode.js | demo/video-chat/frontend-vue/node_modules/entities/dist/commonjs/decode.js | demo/video-chat/frontend-vue/node_modules/entities/dist/esm/decode.js | demo/video-chat/frontend-vue/node_modules/markdown-it/node_modules/entities/lib/decode.js | demo/video-chat/frontend-vue/node_modules/markdown-it/node_modules/entities/lib/esm/decode.js
env.js	5	demo/video-chat/frontend-vue/node_modules/@vue/devtools-api/lib/cjs/env.js | demo/video-chat/frontend-vue/node_modules/@vue/devtools-api/lib/esm/env.js | demo/video-chat/frontend-vue/node_modules/onnxruntime-common/dist/cjs/env.js | demo/video-chat/frontend-vue/node_modules/onnxruntime-common/dist/esm/env.js | demo/video-chat/frontend-vue/node_modules/playwright-core/lib/server/utils/env.js
escape.d.ts	5	demo/video-chat/frontend-vue/node_modules/entities/dist/commonjs/escape.d.ts | demo/video-chat/frontend-vue/node_modules/entities/dist/esm/escape.d.ts | demo/video-chat/frontend-vue/node_modules/entities/escape.d.ts | demo/video-chat/frontend-vue/node_modules/markdown-it/node_modules/entities/lib/escape.d.ts | demo/video-chat/frontend-vue/node_modules/markdown-it/node_modules/entities/lib/esm/escape.d.ts
escape.js	5	demo/video-chat/frontend-vue/node_modules/entities/dist/commonjs/escape.js | demo/video-chat/frontend-vue/node_modules/entities/dist/esm/escape.js | demo/video-chat/frontend-vue/node_modules/entities/escape.js | demo/video-chat/frontend-vue/node_modules/markdown-it/node_modules/entities/lib/escape.js | demo/video-chat/frontend-vue/node_modules/markdown-it/node_modules/entities/lib/esm/escape.js
index.ts	5	demo/video-chat/frontend-vue/node_modules/entities/src/index.ts | demo/video-chat/frontend-vue/node_modules/onnxruntime-common/lib/index.ts | demo/video-chat/frontend-vue/node_modules/onnxruntime-web/lib/index.ts | demo/video-chat/frontend-vue/src/lib/kalman/index.ts | demo/video-chat/frontend-vue/src/lib/wavelet/index.ts
program.js	5	demo/video-chat/frontend-vue/node_modules/playwright-core/lib/cli/program.js | demo/video-chat/frontend-vue/node_modules/playwright-core/lib/tools/cli-client/program.js | demo/video-chat/frontend-vue/node_modules/playwright-core/lib/tools/cli-daemon/program.js | demo/video-chat/frontend-vue/node_modules/playwright-core/lib/tools/mcp/program.js | demo/video-chat/frontend-vue/node_modules/playwright/lib/program.js
builder.d.ts	4	demo/video-chat/frontend-vue/node_modules/flatbuffers/js/builder.d.ts | demo/video-chat/frontend-vue/node_modules/flatbuffers/js/flexbuffers/builder.d.ts | demo/video-chat/frontend-vue/node_modules/flatbuffers/mjs/builder.d.ts | demo/video-chat/frontend-vue/node_modules/flatbuffers/mjs/flexbuffers/builder.d.ts
builder.js	4	demo/video-chat/frontend-vue/node_modules/flatbuffers/js/builder.js | demo/video-chat/frontend-vue/node_modules/flatbuffers/js/flexbuffers/builder.js | demo/video-chat/frontend-vue/node_modules/flatbuffers/mjs/builder.js | demo/video-chat/frontend-vue/node_modules/flatbuffers/mjs/flexbuffers/builder.js
CHANGELOG.md	4	demo/video-chat/frontend-vue/node_modules/@babel/parser/CHANGELOG.md | demo/video-chat/frontend-vue/node_modules/argparse/CHANGELOG.md | demo/video-chat/frontend-vue/node_modules/estree-walker/CHANGELOG.md | demo/video-chat/frontend-vue/node_modules/speakingurl/CHANGELOG.md
config.js	4	demo/video-chat/frontend-vue/node_modules/playwright-core/lib/tools/backend/config.js | demo/video-chat/frontend-vue/node_modules/playwright-core/lib/tools/mcp/config.js | demo/video-chat/frontend-vue/node_modules/playwright/lib/common/config.js | demo/video-chat/frontend-vue/node_modules/vite/dist/node/chunks/config.js
decode-data-html.d.ts	4	demo/video-chat/frontend-vue/node_modules/entities/dist/commonjs/generated/decode-data-html.d.ts | demo/video-chat/frontend-vue/node_modules/entities/dist/esm/generated/decode-data-html.d.ts | demo/video-chat/frontend-vue/node_modules/markdown-it/node_modules/entities/lib/esm/generated/decode-data-html.d.ts | demo/video-chat/frontend-vue/node_modules/markdown-it/node_modules/entities/lib/generated/decode-data-html.d.ts
decode-data-html.d.ts.map	4	demo/video-chat/frontend-vue/node_modules/entities/dist/commonjs/generated/decode-data-html.d.ts.map | demo/video-chat/frontend-vue/node_modules/entities/dist/esm/generated/decode-data-html.d.ts.map | demo/video-chat/frontend-vue/node_modules/markdown-it/node_modules/entities/lib/esm/generated/decode-data-html.d.ts.map | demo/video-chat/frontend-vue/node_modules/markdown-it/node_modules/entities/lib/generated/decode-data-html.d.ts.map
decode-data-html.js	4	demo/video-chat/frontend-vue/node_modules/entities/dist/commonjs/generated/decode-data-html.js | demo/video-chat/frontend-vue/node_modules/entities/dist/esm/generated/decode-data-html.js | demo/video-chat/frontend-vue/node_modules/markdown-it/node_modules/entities/lib/esm/generated/decode-data-html.js | demo/video-chat/frontend-vue/node_modules/markdown-it/node_modules/entities/lib/generated/decode-data-html.js
decode-data-html.js.map	4	demo/video-chat/frontend-vue/node_modules/entities/dist/commonjs/generated/decode-data-html.js.map | demo/video-chat/frontend-vue/node_modules/entities/dist/esm/generated/decode-data-html.js.map | demo/video-chat/frontend-vue/node_modules/markdown-it/node_modules/entities/lib/esm/generated/decode-data-html.js.map | demo/video-chat/frontend-vue/node_modules/markdown-it/node_modules/entities/lib/generated/decode-data-html.js.map
decode-data-xml.d.ts	4	demo/video-chat/frontend-vue/node_modules/entities/dist/commonjs/generated/decode-data-xml.d.ts | demo/video-chat/frontend-vue/node_modules/entities/dist/esm/generated/decode-data-xml.d.ts | demo/video-chat/frontend-vue/node_modules/markdown-it/node_modules/entities/lib/esm/generated/decode-data-xml.d.ts | demo/video-chat/frontend-vue/node_modules/markdown-it/node_modules/entities/lib/generated/decode-data-xml.d.ts
decode-data-xml.d.ts.map	4	demo/video-chat/frontend-vue/node_modules/entities/dist/commonjs/generated/decode-data-xml.d.ts.map | demo/video-chat/frontend-vue/node_modules/entities/dist/esm/generated/decode-data-xml.d.ts.map | demo/video-chat/frontend-vue/node_modules/markdown-it/node_modules/entities/lib/esm/generated/decode-data-xml.d.ts.map | demo/video-chat/frontend-vue/node_modules/markdown-it/node_modules/entities/lib/generated/decode-data-xml.d.ts.map
decode-data-xml.js	4	demo/video-chat/frontend-vue/node_modules/entities/dist/commonjs/generated/decode-data-xml.js | demo/video-chat/frontend-vue/node_modules/entities/dist/esm/generated/decode-data-xml.js | demo/video-chat/frontend-vue/node_modules/markdown-it/node_modules/entities/lib/esm/generated/decode-data-xml.js | demo/video-chat/frontend-vue/node_modules/markdown-it/node_modules/entities/lib/generated/decode-data-xml.js
decode-data-xml.js.map	4	demo/video-chat/frontend-vue/node_modules/entities/dist/commonjs/generated/decode-data-xml.js.map | demo/video-chat/frontend-vue/node_modules/entities/dist/esm/generated/decode-data-xml.js.map | demo/video-chat/frontend-vue/node_modules/markdown-it/node_modules/entities/lib/esm/generated/decode-data-xml.js.map | demo/video-chat/frontend-vue/node_modules/markdown-it/node_modules/entities/lib/generated/decode-data-xml.js.map
decode.d.ts.map	4	demo/video-chat/frontend-vue/node_modules/entities/dist/commonjs/decode.d.ts.map | demo/video-chat/frontend-vue/node_modules/entities/dist/esm/decode.d.ts.map | demo/video-chat/frontend-vue/node_modules/markdown-it/node_modules/entities/lib/decode.d.ts.map | demo/video-chat/frontend-vue/node_modules/markdown-it/node_modules/entities/lib/esm/decode.d.ts.map
decode.js.map	4	demo/video-chat/frontend-vue/node_modules/entities/dist/commonjs/decode.js.map | demo/video-chat/frontend-vue/node_modules/entities/dist/esm/decode.js.map | demo/video-chat/frontend-vue/node_modules/markdown-it/node_modules/entities/lib/decode.js.map | demo/video-chat/frontend-vue/node_modules/markdown-it/node_modules/entities/lib/esm/decode.js.map
Dockerfile	4	demo/model-inference/backend-king-php/Dockerfile | demo/video-chat/backend-king-php/Dockerfile | demo/video-chat/edge/Dockerfile | demo/video-chat/frontend-vue/Dockerfile
encode-html.d.ts	4	demo/video-chat/frontend-vue/node_modules/entities/dist/commonjs/generated/encode-html.d.ts | demo/video-chat/frontend-vue/node_modules/entities/dist/esm/generated/encode-html.d.ts | demo/video-chat/frontend-vue/node_modules/markdown-it/node_modules/entities/lib/esm/generated/encode-html.d.ts | demo/video-chat/frontend-vue/node_modules/markdown-it/node_modules/entities/lib/generated/encode-html.d.ts
encode-html.d.ts.map	4	demo/video-chat/frontend-vue/node_modules/entities/dist/commonjs/generated/encode-html.d.ts.map | demo/video-chat/frontend-vue/node_modules/entities/dist/esm/generated/encode-html.d.ts.map | demo/video-chat/frontend-vue/node_modules/markdown-it/node_modules/entities/lib/esm/generated/encode-html.d.ts.map | demo/video-chat/frontend-vue/node_modules/markdown-it/node_modules/entities/lib/generated/encode-html.d.ts.map
encode-html.js	4	demo/video-chat/frontend-vue/node_modules/entities/dist/commonjs/generated/encode-html.js | demo/video-chat/frontend-vue/node_modules/entities/dist/esm/generated/encode-html.js | demo/video-chat/frontend-vue/node_modules/markdown-it/node_modules/entities/lib/esm/generated/encode-html.js | demo/video-chat/frontend-vue/node_modules/markdown-it/node_modules/entities/lib/generated/encode-html.js
encode-html.js.map	4	demo/video-chat/frontend-vue/node_modules/entities/dist/commonjs/generated/encode-html.js.map | demo/video-chat/frontend-vue/node_modules/entities/dist/esm/generated/encode-html.js.map | demo/video-chat/frontend-vue/node_modules/markdown-it/node_modules/entities/lib/esm/generated/encode-html.js.map | demo/video-chat/frontend-vue/node_modules/markdown-it/node_modules/entities/lib/generated/encode-html.js.map
encode.d.ts	4	demo/video-chat/frontend-vue/node_modules/entities/dist/commonjs/encode.d.ts | demo/video-chat/frontend-vue/node_modules/entities/dist/esm/encode.d.ts | demo/video-chat/frontend-vue/node_modules/markdown-it/node_modules/entities/lib/encode.d.ts | demo/video-chat/frontend-vue/node_modules/markdown-it/node_modules/entities/lib/esm/encode.d.ts
encode.d.ts.map	4	demo/video-chat/frontend-vue/node_modules/entities/dist/commonjs/encode.d.ts.map | demo/video-chat/frontend-vue/node_modules/entities/dist/esm/encode.d.ts.map | demo/video-chat/frontend-vue/node_modules/markdown-it/node_modules/entities/lib/encode.d.ts.map | demo/video-chat/frontend-vue/node_modules/markdown-it/node_modules/entities/lib/esm/encode.d.ts.map
encode.js	4	demo/video-chat/frontend-vue/node_modules/entities/dist/commonjs/encode.js | demo/video-chat/frontend-vue/node_modules/entities/dist/esm/encode.js | demo/video-chat/frontend-vue/node_modules/markdown-it/node_modules/entities/lib/encode.js | demo/video-chat/frontend-vue/node_modules/markdown-it/node_modules/entities/lib/esm/encode.js
encode.js.map	4	demo/video-chat/frontend-vue/node_modules/entities/dist/commonjs/encode.js.map | demo/video-chat/frontend-vue/node_modules/entities/dist/esm/encode.js.map | demo/video-chat/frontend-vue/node_modules/markdown-it/node_modules/entities/lib/encode.js.map | demo/video-chat/frontend-vue/node_modules/markdown-it/node_modules/entities/lib/esm/encode.js.map
escape.d.ts.map	4	demo/video-chat/frontend-vue/node_modules/entities/dist/commonjs/escape.d.ts.map | demo/video-chat/frontend-vue/node_modules/entities/dist/esm/escape.d.ts.map | demo/video-chat/frontend-vue/node_modules/markdown-it/node_modules/entities/lib/escape.d.ts.map | demo/video-chat/frontend-vue/node_modules/markdown-it/node_modules/entities/lib/esm/escape.d.ts.map
escape.js.map	4	demo/video-chat/frontend-vue/node_modules/entities/dist/commonjs/escape.js.map | demo/video-chat/frontend-vue/node_modules/entities/dist/esm/escape.js.map | demo/video-chat/frontend-vue/node_modules/markdown-it/node_modules/entities/lib/escape.js.map | demo/video-chat/frontend-vue/node_modules/markdown-it/node_modules/entities/lib/esm/escape.js.map
index.cjs.js	4	demo/video-chat/frontend-vue/node_modules/linkify-it/build/index.cjs.js | demo/video-chat/frontend-vue/node_modules/markdown-it/dist/index.cjs.js | demo/video-chat/frontend-vue/node_modules/mdurl/build/index.cjs.js | demo/video-chat/frontend-vue/node_modules/uc.micro/build/index.cjs.js
index.global.js	4	demo/video-chat/frontend-vue/node_modules/@fullcalendar/core/index.global.js | demo/video-chat/frontend-vue/node_modules/@fullcalendar/daygrid/index.global.js | demo/video-chat/frontend-vue/node_modules/@fullcalendar/interaction/index.global.js | demo/video-chat/frontend-vue/node_modules/@fullcalendar/timegrid/index.global.js
index.global.min.js	4	demo/video-chat/frontend-vue/node_modules/@fullcalendar/core/index.global.min.js | demo/video-chat/frontend-vue/node_modules/@fullcalendar/daygrid/index.global.min.js | demo/video-chat/frontend-vue/node_modules/@fullcalendar/interaction/index.global.min.js | demo/video-chat/frontend-vue/node_modules/@fullcalendar/timegrid/index.global.min.js
internal.js	4	demo/video-chat/frontend-vue/node_modules/@fullcalendar/core/internal.js | demo/video-chat/frontend-vue/node_modules/@fullcalendar/daygrid/internal.js | demo/video-chat/frontend-vue/node_modules/@fullcalendar/timegrid/internal.js | demo/video-chat/frontend-vue/node_modules/vite/dist/node/internal.js
logo.svg	4	demo/video-chat/frontend-vue/dist/assets/orgas/intelligent-intern/logo.svg | demo/video-chat/frontend-vue/dist/assets/orgas/kingrt/logo.svg | demo/video-chat/frontend-vue/public/assets/orgas/intelligent-intern/logo.svg | demo/video-chat/frontend-vue/public/assets/orgas/kingrt/logo.svg
network.js	4	demo/video-chat/frontend-vue/node_modules/playwright-core/lib/client/network.js | demo/video-chat/frontend-vue/node_modules/playwright-core/lib/server/network.js | demo/video-chat/frontend-vue/node_modules/playwright-core/lib/server/utils/network.js | demo/video-chat/frontend-vue/node_modules/playwright-core/lib/tools/backend/network.js
readme.md	4	demo/video-chat/frontend-vue/node_modules/driver.js/readme.md | demo/video-chat/frontend-vue/node_modules/entities/readme.md | demo/video-chat/frontend-vue/node_modules/markdown-it/node_modules/entities/readme.md | demo/video-chat/frontend-vue/node_modules/rfdc/readme.md
tensor.js	4	demo/video-chat/frontend-vue/node_modules/onnxruntime-common/dist/cjs/tensor.js | demo/video-chat/frontend-vue/node_modules/onnxruntime-common/dist/esm/tensor.js | demo/video-chat/frontend-vue/node_modules/onnxruntime-web/lib/onnxjs/ort-schema/flatbuffers/onnxruntime/fbs/tensor.js | demo/video-chat/frontend-vue/node_modules/onnxruntime-web/lib/onnxjs/tensor.js
tensor.js.map	4	demo/video-chat/frontend-vue/node_modules/onnxruntime-common/dist/cjs/tensor.js.map | demo/video-chat/frontend-vue/node_modules/onnxruntime-common/dist/esm/tensor.js.map | demo/video-chat/frontend-vue/node_modules/onnxruntime-web/lib/onnxjs/ort-schema/flatbuffers/onnxruntime/fbs/tensor.js.map | demo/video-chat/frontend-vue/node_modules/onnxruntime-web/lib/onnxjs/tensor.js.map
util.d.ts	4	demo/video-chat/frontend-vue/node_modules/@types/node/util.d.ts | demo/video-chat/frontend-vue/node_modules/@vue/devtools-api/lib/esm/api/util.d.ts | demo/video-chat/frontend-vue/node_modules/superjson/dist/util.d.ts | demo/video-chat/frontend-vue/node_modules/undici-types/util.d.ts
utils.d.ts	4	demo/video-chat/frontend-vue/node_modules/@rolldown/pluginutils/dist/utils.d.ts | demo/video-chat/frontend-vue/node_modules/flatbuffers/js/utils.d.ts | demo/video-chat/frontend-vue/node_modules/flatbuffers/mjs/utils.d.ts | demo/video-chat/frontend-vue/node_modules/rolldown/node_modules/@rolldown/pluginutils/dist/utils.d.ts
api.js	3	demo/video-chat/frontend-vue/node_modules/@vue/devtools-api/lib/cjs/api/api.js | demo/video-chat/frontend-vue/node_modules/@vue/devtools-api/lib/esm/api/api.js | demo/video-chat/frontend-vue/node_modules/playwright-core/lib/client/api.js
backend.js	3	demo/video-chat/frontend-vue/node_modules/onnxruntime-common/dist/cjs/backend.js | demo/video-chat/frontend-vue/node_modules/onnxruntime-common/dist/esm/backend.js | demo/video-chat/frontend-vue/node_modules/onnxruntime-web/lib/onnxjs/backend.js
backend.js.map	3	demo/video-chat/frontend-vue/node_modules/onnxruntime-common/dist/cjs/backend.js.map | demo/video-chat/frontend-vue/node_modules/onnxruntime-common/dist/esm/backend.js.map | demo/video-chat/frontend-vue/node_modules/onnxruntime-web/lib/onnxjs/backend.js.map
component.js	3	demo/video-chat/frontend-vue/node_modules/@vue/devtools-api/lib/cjs/api/component.js | demo/video-chat/frontend-vue/node_modules/@vue/devtools-api/lib/esm/api/component.js | demo/video-chat/frontend-vue/node_modules/preact/src/component.js
constants.d.ts	3	demo/video-chat/frontend-vue/node_modules/@types/node/constants.d.ts | demo/video-chat/frontend-vue/node_modules/flatbuffers/js/constants.d.ts | demo/video-chat/frontend-vue/node_modules/flatbuffers/mjs/constants.d.ts
context.js	3	demo/video-chat/frontend-vue/node_modules/@vue/devtools-api/lib/cjs/api/context.js | demo/video-chat/frontend-vue/node_modules/@vue/devtools-api/lib/esm/api/context.js | demo/video-chat/frontend-vue/node_modules/playwright-core/lib/tools/backend/context.js
debug.js	3	demo/video-chat/frontend-vue/node_modules/playwright-core/lib/server/utils/debug.js | demo/video-chat/frontend-vue/node_modules/preact/debug/dist/debug.js | demo/video-chat/frontend-vue/node_modules/preact/debug/src/debug.js
devtools.js	3	demo/video-chat/frontend-vue/node_modules/playwright-core/lib/tools/backend/devtools.js | demo/video-chat/frontend-vue/node_modules/preact/devtools/dist/devtools.js | demo/video-chat/frontend-vue/node_modules/preact/devtools/src/devtools.js
disposable.js	3	demo/video-chat/frontend-vue/node_modules/playwright-core/lib/client/disposable.js | demo/video-chat/frontend-vue/node_modules/playwright-core/lib/server/disposable.js | demo/video-chat/frontend-vue/node_modules/playwright-core/lib/server/utils/disposable.js
encoding.d.ts	3	demo/video-chat/frontend-vue/node_modules/@types/node/web-globals/encoding.d.ts | demo/video-chat/frontend-vue/node_modules/flatbuffers/js/encoding.d.ts | demo/video-chat/frontend-vue/node_modules/flatbuffers/mjs/encoding.d.ts
env.d.ts	3	demo/video-chat/frontend-vue/node_modules/@vue/devtools-api/lib/esm/env.d.ts | demo/video-chat/frontend-vue/node_modules/onnxruntime-common/dist/cjs/env.d.ts | demo/video-chat/frontend-vue/node_modules/onnxruntime-common/dist/esm/env.d.ts
hooks.js	3	demo/video-chat/frontend-vue/node_modules/@vue/devtools-api/lib/cjs/api/hooks.js | demo/video-chat/frontend-vue/node_modules/@vue/devtools-api/lib/esm/api/hooks.js | demo/video-chat/frontend-vue/node_modules/preact/hooks/dist/hooks.js
index.browser.js	3	demo/video-chat/frontend-vue/node_modules/nanoid/async/index.browser.js | demo/video-chat/frontend-vue/node_modules/nanoid/index.browser.js | demo/video-chat/frontend-vue/node_modules/vue/compiler-sfc/index.browser.js
index.js.flow	3	demo/video-chat/frontend-vue/node_modules/@babel/types/lib/index.js.flow | demo/video-chat/frontend-vue/node_modules/csstype/index.js.flow | demo/video-chat/frontend-vue/node_modules/lightningcss/node/index.js.flow
inference-session.js	3	demo/video-chat/frontend-vue/node_modules/onnxruntime-common/dist/cjs/inference-session.js | demo/video-chat/frontend-vue/node_modules/onnxruntime-common/dist/esm/inference-session.js | demo/video-chat/frontend-vue/node_modules/onnxruntime-web/lib/onnxjs/ort-schema/flatbuffers/onnxruntime/fbs/inference-session.js
inference-session.js.map	3	demo/video-chat/frontend-vue/node_modules/onnxruntime-common/dist/cjs/inference-session.js.map | demo/video-chat/frontend-vue/node_modules/onnxruntime-common/dist/esm/inference-session.js.map | demo/video-chat/frontend-vue/node_modules/onnxruntime-web/lib/onnxjs/ort-schema/flatbuffers/onnxruntime/fbs/inference-session.js.map
input.js	3	demo/video-chat/frontend-vue/node_modules/playwright-core/lib/client/input.js | demo/video-chat/frontend-vue/node_modules/playwright-core/lib/server/input.js | demo/video-chat/frontend-vue/node_modules/postcss/lib/input.js
internal.cjs	3	demo/video-chat/frontend-vue/node_modules/@fullcalendar/core/internal.cjs | demo/video-chat/frontend-vue/node_modules/@fullcalendar/daygrid/internal.cjs | demo/video-chat/frontend-vue/node_modules/@fullcalendar/timegrid/internal.cjs
is.js	3	demo/video-chat/frontend-vue/node_modules/@babel/types/lib/validators/is.js | demo/video-chat/frontend-vue/node_modules/@fullcalendar/core/locales/is.js | demo/video-chat/frontend-vue/node_modules/superjson/dist/is.js
node.js	3	demo/video-chat/frontend-vue/node_modules/onnxruntime-web/lib/onnxjs/ort-schema/flatbuffers/onnxruntime/fbs/node.js | demo/video-chat/frontend-vue/node_modules/postcss/lib/node.js | demo/video-chat/frontend-vue/node_modules/vite/dist/node/chunks/node.js
NOTICE	3	demo/video-chat/frontend-vue/node_modules/@playwright/test/NOTICE | demo/video-chat/frontend-vue/node_modules/playwright-core/NOTICE | demo/video-chat/frontend-vue/node_modules/playwright/NOTICE
parse.js	3	demo/video-chat/frontend-vue/node_modules/picomatch/lib/parse.js | demo/video-chat/frontend-vue/node_modules/postcss/lib/parse.js | demo/video-chat/frontend-vue/node_modules/protobufjs/src/parse.js
processor.ts	3	demo/video-chat/frontend-vue/src/lib/audio/processor.ts | demo/video-chat/frontend-vue/src/lib/kalman/processor.ts | demo/video-chat/frontend-vue/src/lib/wavelet/processor.ts
protobuf.js	3	demo/video-chat/frontend-vue/node_modules/protobufjs/dist/light/protobuf.js | demo/video-chat/frontend-vue/node_modules/protobufjs/dist/minimal/protobuf.js | demo/video-chat/frontend-vue/node_modules/protobufjs/dist/protobuf.js
protobuf.js.map	3	demo/video-chat/frontend-vue/node_modules/protobufjs/dist/light/protobuf.js.map | demo/video-chat/frontend-vue/node_modules/protobufjs/dist/minimal/protobuf.js.map | demo/video-chat/frontend-vue/node_modules/protobufjs/dist/protobuf.js.map
protobuf.min.js	3	demo/video-chat/frontend-vue/node_modules/protobufjs/dist/light/protobuf.min.js | demo/video-chat/frontend-vue/node_modules/protobufjs/dist/minimal/protobuf.min.js | demo/video-chat/frontend-vue/node_modules/protobufjs/dist/protobuf.min.js
protobuf.min.js.map	3	demo/video-chat/frontend-vue/node_modules/protobufjs/dist/light/protobuf.min.js.map | demo/video-chat/frontend-vue/node_modules/protobufjs/dist/minimal/protobuf.min.js.map | demo/video-chat/frontend-vue/node_modules/protobufjs/dist/protobuf.min.js.map
protocol.d.js	3	demo/video-chat/frontend-vue/node_modules/playwright-core/lib/server/chromium/protocol.d.js | demo/video-chat/frontend-vue/node_modules/playwright-core/lib/server/firefox/protocol.d.js | demo/video-chat/frontend-vue/node_modules/playwright-core/lib/server/webkit/protocol.d.js
server.js	3	demo/video-chat/frontend-vue/node_modules/playwright-core/lib/tools/utils/mcp/server.js | demo/video-chat/frontend-vue/node_modules/preact/compat/server.js | demo/video-chat/frontend-vue/node_modules/vite/dist/node/chunks/server.js
tensor.ts	3	demo/video-chat/frontend-vue/node_modules/onnxruntime-common/lib/tensor.ts | demo/video-chat/frontend-vue/node_modules/onnxruntime-web/lib/onnxjs/ort-schema/flatbuffers/onnxruntime/fbs/tensor.ts | demo/video-chat/frontend-vue/node_modules/onnxruntime-web/lib/onnxjs/tensor.ts
test.d.ts	3	demo/video-chat/frontend-vue/node_modules/@types/node/test.d.ts | demo/video-chat/frontend-vue/node_modules/playwright/test.d.ts | demo/video-chat/frontend-vue/node_modules/playwright/types/test.d.ts
test.js	3	demo/video-chat/frontend-vue/node_modules/playwright/lib/common/test.js | demo/video-chat/frontend-vue/node_modules/playwright/test.js | demo/video-chat/frontend-vue/node_modules/protobufjs/ext/descriptor/test.js
time.js	3	demo/video-chat/frontend-vue/node_modules/@vue/devtools-api/lib/cjs/time.js | demo/video-chat/frontend-vue/node_modules/@vue/devtools-api/lib/esm/time.js | demo/video-chat/frontend-vue/node_modules/playwright-core/lib/utils/isomorphic/time.js
tracing.js	3	demo/video-chat/frontend-vue/node_modules/playwright-core/lib/client/tracing.js | demo/video-chat/frontend-vue/node_modules/playwright-core/lib/server/trace/recorder/tracing.js | demo/video-chat/frontend-vue/node_modules/playwright-core/lib/tools/backend/tracing.js
types.ts	3	demo/video-chat/frontend-vue/node_modules/flatbuffers/ts/types.ts | demo/video-chat/frontend-vue/node_modules/onnxruntime-web/lib/onnxjs/backends/webgl/types.ts | demo/video-chat/frontend-vue/node_modules/onnxruntime-web/lib/wasm/jsep/webgpu/types.ts
utils.ts	3	demo/video-chat/frontend-vue/node_modules/flatbuffers/ts/utils.ts | demo/video-chat/frontend-vue/node_modules/onnxruntime-web/lib/onnxjs/backends/webgl/utils.ts | demo/video-chat/frontend-vue/src/domain/realtime/workspace/utils.ts
__commit.txt	2	demo/video-chat/frontend-vue/node_modules/onnxruntime-common/__commit.txt | demo/video-chat/frontend-vue/node_modules/onnxruntime-web/__commit.txt
.npmignore	2	demo/video-chat/frontend-vue/node_modules/@protobufjs/pool/.npmignore | demo/video-chat/frontend-vue/node_modules/speakingurl/.npmignore
add_to_call.png	2	demo/video-chat/frontend-vue/dist/assets/orgas/kingrt/icons/add_to_call.png | demo/video-chat/frontend-vue/public/assets/orgas/kingrt/icons/add_to_call.png
add.png	2	demo/video-chat/frontend-vue/dist/assets/orgas/kingrt/icons/add.png | demo/video-chat/frontend-vue/public/assets/orgas/kingrt/icons/add.png
adminoff.png	2	demo/video-chat/frontend-vue/dist/assets/orgas/kingrt/icons/adminoff.png | demo/video-chat/frontend-vue/public/assets/orgas/kingrt/icons/adminoff.png
adminon.png	2	demo/video-chat/frontend-vue/dist/assets/orgas/kingrt/icons/adminon.png | demo/video-chat/frontend-vue/public/assets/orgas/kingrt/icons/adminon.png
aibot.png	2	demo/video-chat/frontend-vue/dist/assets/orgas/kingrt/icons/aibot.png | demo/video-chat/frontend-vue/public/assets/orgas/kingrt/icons/aibot.png
android.js	2	demo/video-chat/frontend-vue/node_modules/playwright-core/lib/client/android.js | demo/video-chat/frontend-vue/node_modules/playwright-core/lib/server/android/android.js
api-ws-contract.catalog.json	2	demo/model-inference/contracts/v1/api-ws-contract.catalog.json | demo/video-chat/contracts/v1/api-ws-contract.catalog.json
api.d.ts	2	demo/video-chat/frontend-vue/node_modules/@vue/devtools-api/lib/esm/api/api.d.ts | demo/video-chat/frontend-vue/node_modules/undici-types/api.d.ts
api.ts	2	demo/video-chat/frontend-vue/src/domain/realtime/workspace/api.ts | demo/video-chat/frontend-vue/src/modules/users/pages/admin/api.ts
app.js	2	demo/video-chat/frontend-vue/node_modules/@vue/devtools-api/lib/cjs/api/app.js | demo/video-chat/frontend-vue/node_modules/@vue/devtools-api/lib/esm/api/app.js
appIcon.png	2	demo/video-chat/frontend-vue/node_modules/playwright-core/lib/server/chromium/appIcon.png | demo/video-chat/frontend-vue/node_modules/playwright-core/lib/tools/dashboard/appIcon.png
artifact.js	2	demo/video-chat/frontend-vue/node_modules/playwright-core/lib/client/artifact.js | demo/video-chat/frontend-vue/node_modules/playwright-core/lib/server/artifact.js
attribute-with-cache-key.ts	2	demo/video-chat/frontend-vue/node_modules/onnxruntime-web/lib/onnxjs/attribute-with-cache-key.ts | demo/video-chat/frontend-vue/node_modules/onnxruntime-web/lib/wasm/jsep/webgpu/attribute-with-cache-key.ts
attribute.js	2	demo/video-chat/frontend-vue/node_modules/onnxruntime-web/lib/onnxjs/attribute.js | demo/video-chat/frontend-vue/node_modules/onnxruntime-web/lib/onnxjs/ort-schema/flatbuffers/onnxruntime/fbs/attribute.js
attribute.js.map	2	demo/video-chat/frontend-vue/node_modules/onnxruntime-web/lib/onnxjs/attribute.js.map | demo/video-chat/frontend-vue/node_modules/onnxruntime-web/lib/onnxjs/ort-schema/flatbuffers/onnxruntime/fbs/attribute.js.map
attribute.ts	2	demo/video-chat/frontend-vue/node_modules/onnxruntime-web/lib/onnxjs/attribute.ts | demo/video-chat/frontend-vue/node_modules/onnxruntime-web/lib/onnxjs/ort-schema/flatbuffers/onnxruntime/fbs/attribute.ts
audio_wasm_internal.js	2	demo/video-chat/frontend-vue/dist/wasm/audio_wasm_internal.js | demo/video-chat/frontend-vue/public/wasm/audio_wasm_internal.js
audio_wasm_internal.wasm	2	demo/video-chat/frontend-vue/dist/wasm/audio_wasm_internal.wasm | demo/video-chat/frontend-vue/public/wasm/audio_wasm_internal.wasm
audio_wasm_module_internal.js	2	demo/video-chat/frontend-vue/dist/wasm/audio_wasm_module_internal.js | demo/video-chat/frontend-vue/public/wasm/audio_wasm_module_internal.js
audio_wasm_module_internal.wasm	2	demo/video-chat/frontend-vue/dist/wasm/audio_wasm_module_internal.wasm | demo/video-chat/frontend-vue/public/wasm/audio_wasm_module_internal.wasm
audio_wasm_nosimd_internal.js	2	demo/video-chat/frontend-vue/dist/wasm/audio_wasm_nosimd_internal.js | demo/video-chat/frontend-vue/public/wasm/audio_wasm_nosimd_internal.js
audio_wasm_nosimd_internal.wasm	2	demo/video-chat/frontend-vue/dist/wasm/audio_wasm_nosimd_internal.wasm | demo/video-chat/frontend-vue/public/wasm/audio_wasm_nosimd_internal.wasm
audio.h	2	demo/video-chat/frontend-vue/src/lib/wasm/audio.h | demo/video-chat/frontend-vue/src/lib/wasm/cpp/audio.h
avatar-placeholder.svg	2	demo/video-chat/frontend-vue/dist/assets/orgas/kingrt/avatar-placeholder.svg | demo/video-chat/frontend-vue/public/assets/orgas/kingrt/avatar-placeholder.svg
backend-impl.d.ts	2	demo/video-chat/frontend-vue/node_modules/onnxruntime-common/dist/cjs/backend-impl.d.ts | demo/video-chat/frontend-vue/node_modules/onnxruntime-common/dist/esm/backend-impl.d.ts
backend-impl.d.ts.map	2	demo/video-chat/frontend-vue/node_modules/onnxruntime-common/dist/cjs/backend-impl.d.ts.map | demo/video-chat/frontend-vue/node_modules/onnxruntime-common/dist/esm/backend-impl.d.ts.map
backend-impl.js	2	demo/video-chat/frontend-vue/node_modules/onnxruntime-common/dist/cjs/backend-impl.js | demo/video-chat/frontend-vue/node_modules/onnxruntime-common/dist/esm/backend-impl.js
backend-impl.js.map	2	demo/video-chat/frontend-vue/node_modules/onnxruntime-common/dist/cjs/backend-impl.js.map | demo/video-chat/frontend-vue/node_modules/onnxruntime-common/dist/esm/backend-impl.js.map
backend.d.ts	2	demo/video-chat/frontend-vue/node_modules/onnxruntime-common/dist/cjs/backend.d.ts | demo/video-chat/frontend-vue/node_modules/onnxruntime-common/dist/esm/backend.d.ts
backend.d.ts.map	2	demo/video-chat/frontend-vue/node_modules/onnxruntime-common/dist/cjs/backend.d.ts.map | demo/video-chat/frontend-vue/node_modules/onnxruntime-common/dist/esm/backend.d.ts.map
backend.ts	2	demo/video-chat/frontend-vue/node_modules/onnxruntime-common/lib/backend.ts | demo/video-chat/frontend-vue/node_modules/onnxruntime-web/lib/onnxjs/backend.ts
backward.png	2	demo/video-chat/frontend-vue/dist/assets/orgas/kingrt/icons/backward.png | demo/video-chat/frontend-vue/public/assets/orgas/kingrt/icons/backward.png
bin-trie-flags.d.ts	2	demo/video-chat/frontend-vue/node_modules/entities/dist/commonjs/internal/bin-trie-flags.d.ts | demo/video-chat/frontend-vue/node_modules/entities/dist/esm/internal/bin-trie-flags.d.ts
bin-trie-flags.d.ts.map	2	demo/video-chat/frontend-vue/node_modules/entities/dist/commonjs/internal/bin-trie-flags.d.ts.map | demo/video-chat/frontend-vue/node_modules/entities/dist/esm/internal/bin-trie-flags.d.ts.map
bin-trie-flags.js	2	demo/video-chat/frontend-vue/node_modules/entities/dist/commonjs/internal/bin-trie-flags.js | demo/video-chat/frontend-vue/node_modules/entities/dist/esm/internal/bin-trie-flags.js
bin-trie-flags.js.map	2	demo/video-chat/frontend-vue/node_modules/entities/dist/commonjs/internal/bin-trie-flags.js.map | demo/video-chat/frontend-vue/node_modules/entities/dist/esm/internal/bin-trie-flags.js.map
binary-op.ts	2	demo/video-chat/frontend-vue/node_modules/onnxruntime-web/lib/onnxjs/backends/webgl/ops/binary-op.ts | demo/video-chat/frontend-vue/node_modules/onnxruntime-web/lib/wasm/jsep/webgpu/ops/binary-op.ts
bit-width-util.d.ts	2	demo/video-chat/frontend-vue/node_modules/flatbuffers/js/flexbuffers/bit-width-util.d.ts | demo/video-chat/frontend-vue/node_modules/flatbuffers/mjs/flexbuffers/bit-width-util.d.ts
bit-width-util.js	2	demo/video-chat/frontend-vue/node_modules/flatbuffers/js/flexbuffers/bit-width-util.js | demo/video-chat/frontend-vue/node_modules/flatbuffers/mjs/flexbuffers/bit-width-util.js
bit-width.d.ts	2	demo/video-chat/frontend-vue/node_modules/flatbuffers/js/flexbuffers/bit-width.d.ts | demo/video-chat/frontend-vue/node_modules/flatbuffers/mjs/flexbuffers/bit-width.d.ts
bit-width.js	2	demo/video-chat/frontend-vue/node_modules/flatbuffers/js/flexbuffers/bit-width.js | demo/video-chat/frontend-vue/node_modules/flatbuffers/mjs/flexbuffers/bit-width.js
blur.png	2	demo/video-chat/frontend-vue/dist/assets/orgas/kingrt/icons/blur.png | demo/video-chat/frontend-vue/public/assets/orgas/kingrt/icons/blur.png
blurmore.png	2	demo/video-chat/frontend-vue/dist/assets/orgas/kingrt/icons/blurmore.png | demo/video-chat/frontend-vue/public/assets/orgas/kingrt/icons/blurmore.png
body-segmentation.min.js	2	demo/video-chat/frontend-vue/dist/cdn/vendor/tensorflow/body-segmentation/body-segmentation.min.js | demo/video-chat/frontend-vue/public/cdn/vendor/tensorflow/body-segmentation/body-segmentation.min.js
browser.js	2	demo/video-chat/frontend-vue/node_modules/playwright-core/lib/client/browser.js | demo/video-chat/frontend-vue/node_modules/playwright-core/lib/server/browser.js
browserBackend.js	2	demo/video-chat/frontend-vue/node_modules/playwright-core/lib/tools/backend/browserBackend.js | demo/video-chat/frontend-vue/node_modules/playwright/lib/mcp/test/browserBackend.js
browserContext.js	2	demo/video-chat/frontend-vue/node_modules/playwright-core/lib/client/browserContext.js | demo/video-chat/frontend-vue/node_modules/playwright-core/lib/server/browserContext.js
browserType.js	2	demo/video-chat/frontend-vue/node_modules/playwright-core/lib/client/browserType.js | demo/video-chat/frontend-vue/node_modules/playwright-core/lib/server/browserType.js
buffer.buffer.d.ts	2	demo/video-chat/frontend-vue/node_modules/@types/node/buffer.buffer.d.ts | demo/video-chat/frontend-vue/node_modules/@types/node/ts5.6/buffer.buffer.d.ts
builder.ts	2	demo/video-chat/frontend-vue/node_modules/flatbuffers/ts/builder.ts | demo/video-chat/frontend-vue/node_modules/flatbuffers/ts/flexbuffers/builder.ts
byte-buffer.d.ts	2	demo/video-chat/frontend-vue/node_modules/flatbuffers/js/byte-buffer.d.ts | demo/video-chat/frontend-vue/node_modules/flatbuffers/mjs/byte-buffer.d.ts
byte-buffer.js	2	demo/video-chat/frontend-vue/node_modules/flatbuffers/js/byte-buffer.js | demo/video-chat/frontend-vue/node_modules/flatbuffers/mjs/byte-buffer.js
call-diagnostics.css	2	demo/call-app/call-diagnostics/public/call-diagnostics.css | demo/video-chat/frontend-vue/dist/call-app/call-diagnostics/public/call-diagnostics.css
call-diagnostics.js	2	demo/call-app/call-diagnostics/public/call-diagnostics.js | demo/video-chat/frontend-vue/dist/call-app/call-diagnostics/public/call-diagnostics.js
cameraoff.png	2	demo/video-chat/frontend-vue/dist/assets/orgas/kingrt/icons/cameraoff.png | demo/video-chat/frontend-vue/public/assets/orgas/kingrt/icons/cameraoff.png
camon.png	2	demo/video-chat/frontend-vue/dist/assets/orgas/kingrt/icons/camon.png | demo/video-chat/frontend-vue/public/assets/orgas/kingrt/icons/camon.png
cancel.png	2	demo/video-chat/frontend-vue/dist/assets/orgas/kingrt/icons/cancel.png | demo/video-chat/frontend-vue/public/assets/orgas/kingrt/icons/cancel.png
chat.png	2	demo/video-chat/frontend-vue/dist/assets/orgas/kingrt/icons/chat.png | demo/video-chat/frontend-vue/public/assets/orgas/kingrt/icons/chat.png
cli.mjs	2	demo/video-chat/frontend-vue/node_modules/rolldown/bin/cli.mjs | demo/video-chat/frontend-vue/node_modules/rolldown/dist/cli.mjs
client.d.ts	2	demo/video-chat/frontend-vue/node_modules/undici-types/client.d.ts | demo/video-chat/frontend-vue/node_modules/vite/client.d.ts
client.mjs	2	demo/video-chat/frontend-vue/node_modules/preact/compat/client.mjs | demo/video-chat/frontend-vue/node_modules/vite/dist/client/client.mjs
clientDiagnostics.ts	2	demo/video-chat/frontend-vue/src/domain/realtime/workspace/callWorkspace/clientDiagnostics.ts | demo/video-chat/frontend-vue/src/support/clientDiagnostics.ts
clock.js	2	demo/video-chat/frontend-vue/node_modules/playwright-core/lib/client/clock.js | demo/video-chat/frontend-vue/node_modules/playwright-core/lib/server/clock.js
codec.cpp	2	demo/video-chat/frontend-vue/src/lib/wasm/codec.cpp | demo/video-chat/frontend-vue/src/lib/wasm/cpp/codec.cpp
codec.h	2	demo/video-chat/frontend-vue/src/lib/wasm/codec.h | demo/video-chat/frontend-vue/src/lib/wasm/cpp/codec.h
common.js	2	demo/video-chat/frontend-vue/node_modules/playwright-core/lib/tools/backend/common.js | demo/video-chat/frontend-vue/node_modules/protobufjs/src/common.js
composable-filters.d.ts	2	demo/video-chat/frontend-vue/node_modules/@rolldown/pluginutils/dist/filter/composable-filters.d.ts | demo/video-chat/frontend-vue/node_modules/rolldown/node_modules/@rolldown/pluginutils/dist/filter/composable-filters.d.ts
composable-filters.js	2	demo/video-chat/frontend-vue/node_modules/@rolldown/pluginutils/dist/filter/composable-filters.js | demo/video-chat/frontend-vue/node_modules/rolldown/node_modules/@rolldown/pluginutils/dist/filter/composable-filters.js
compose.ts	2	demo/video-chat/frontend-vue/src/domain/calls/admin/compose.ts | demo/video-chat/frontend-vue/src/domain/calls/dashboard/compose.ts
concat.ts	2	demo/video-chat/frontend-vue/node_modules/onnxruntime-web/lib/onnxjs/backends/webgl/ops/concat.ts | demo/video-chat/frontend-vue/node_modules/onnxruntime-web/lib/wasm/jsep/webgpu/ops/concat.ts
connect.js	2	demo/video-chat/frontend-vue/node_modules/playwright-core/lib/client/connect.js | demo/video-chat/frontend-vue/node_modules/playwright-core/lib/tools/utils/connect.js
console.d.ts	2	demo/video-chat/frontend-vue/node_modules/@types/node/console.d.ts | demo/video-chat/frontend-vue/node_modules/@types/node/web-globals/console.d.ts
console.js	2	demo/video-chat/frontend-vue/node_modules/playwright-core/lib/server/console.js | demo/video-chat/frontend-vue/node_modules/playwright-core/lib/tools/backend/console.js
const.js	2	demo/video-chat/frontend-vue/node_modules/@vue/devtools-api/lib/cjs/const.js | demo/video-chat/frontend-vue/node_modules/@vue/devtools-api/lib/esm/const.js
contract-catalog-parity-contract.php	2	demo/model-inference/backend-king-php/tests/contract-catalog-parity-contract.php | demo/video-chat/backend-king-php/tests/contract-catalog-parity-contract.php
contract-catalog-parity-contract.sh	2	demo/model-inference/backend-king-php/tests/contract-catalog-parity-contract.sh | demo/video-chat/backend-king-php/tests/contract-catalog-parity-contract.sh
conv-grouped.ts	2	demo/video-chat/frontend-vue/node_modules/onnxruntime-web/lib/onnxjs/backends/webgl/ops/conv-grouped.ts | demo/video-chat/frontend-vue/node_modules/onnxruntime-web/lib/wasm/jsep/webgpu/ops/conv-grouped.ts
conv-transpose.ts	2	demo/video-chat/frontend-vue/node_modules/onnxruntime-web/lib/onnxjs/backends/webgl/ops/conv-transpose.ts | demo/video-chat/frontend-vue/node_modules/onnxruntime-web/lib/wasm/jsep/webgpu/ops/conv-transpose.ts
conv.ts	2	demo/video-chat/frontend-vue/node_modules/onnxruntime-web/lib/onnxjs/backends/webgl/ops/conv.ts | demo/video-chat/frontend-vue/node_modules/onnxruntime-web/lib/wasm/jsep/webgpu/ops/conv.ts
crypto.d.ts	2	demo/video-chat/frontend-vue/node_modules/@types/node/crypto.d.ts | demo/video-chat/frontend-vue/node_modules/@types/node/web-globals/crypto.d.ts
database.php	2	demo/model-inference/backend-king-php/support/database.php | demo/video-chat/backend-king-php/support/database.php
debugger.js	2	demo/video-chat/frontend-vue/node_modules/playwright-core/lib/client/debugger.js | demo/video-chat/frontend-vue/node_modules/playwright-core/lib/server/debugger.js
decode_codepoint.d.ts	2	demo/video-chat/frontend-vue/node_modules/markdown-it/node_modules/entities/lib/decode_codepoint.d.ts | demo/video-chat/frontend-vue/node_modules/markdown-it/node_modules/entities/lib/esm/decode_codepoint.d.ts
decode_codepoint.d.ts.map	2	demo/video-chat/frontend-vue/node_modules/markdown-it/node_modules/entities/lib/decode_codepoint.d.ts.map | demo/video-chat/frontend-vue/node_modules/markdown-it/node_modules/entities/lib/esm/decode_codepoint.d.ts.map
decode_codepoint.js	2	demo/video-chat/frontend-vue/node_modules/markdown-it/node_modules/entities/lib/decode_codepoint.js | demo/video-chat/frontend-vue/node_modules/markdown-it/node_modules/entities/lib/esm/decode_codepoint.js
decode_codepoint.js.map	2	demo/video-chat/frontend-vue/node_modules/markdown-it/node_modules/entities/lib/decode_codepoint.js.map | demo/video-chat/frontend-vue/node_modules/markdown-it/node_modules/entities/lib/esm/decode_codepoint.js.map
decode-codepoint.d.ts	2	demo/video-chat/frontend-vue/node_modules/entities/dist/commonjs/decode-codepoint.d.ts | demo/video-chat/frontend-vue/node_modules/entities/dist/esm/decode-codepoint.d.ts
decode-codepoint.d.ts.map	2	demo/video-chat/frontend-vue/node_modules/entities/dist/commonjs/decode-codepoint.d.ts.map | demo/video-chat/frontend-vue/node_modules/entities/dist/esm/decode-codepoint.d.ts.map
decode-codepoint.js	2	demo/video-chat/frontend-vue/node_modules/entities/dist/commonjs/decode-codepoint.js | demo/video-chat/frontend-vue/node_modules/entities/dist/esm/decode-codepoint.js
decode-codepoint.js.map	2	demo/video-chat/frontend-vue/node_modules/entities/dist/commonjs/decode-codepoint.js.map | demo/video-chat/frontend-vue/node_modules/entities/dist/esm/decode-codepoint.js.map
decode-shared.d.ts	2	demo/video-chat/frontend-vue/node_modules/entities/dist/commonjs/internal/decode-shared.d.ts | demo/video-chat/frontend-vue/node_modules/entities/dist/esm/internal/decode-shared.d.ts
decode-shared.d.ts.map	2	demo/video-chat/frontend-vue/node_modules/entities/dist/commonjs/internal/decode-shared.d.ts.map | demo/video-chat/frontend-vue/node_modules/entities/dist/esm/internal/decode-shared.d.ts.map
decode-shared.js	2	demo/video-chat/frontend-vue/node_modules/entities/dist/commonjs/internal/decode-shared.js | demo/video-chat/frontend-vue/node_modules/entities/dist/esm/internal/decode-shared.js
decode-shared.js.map	2	demo/video-chat/frontend-vue/node_modules/entities/dist/commonjs/internal/decode-shared.js.map | demo/video-chat/frontend-vue/node_modules/entities/dist/esm/internal/decode-shared.js.map
depth-to-space.ts	2	demo/video-chat/frontend-vue/node_modules/onnxruntime-web/lib/onnxjs/backends/webgl/ops/depth-to-space.ts | demo/video-chat/frontend-vue/node_modules/onnxruntime-web/lib/wasm/jsep/webgpu/ops/depth-to-space.ts
desktop.png	2	demo/video-chat/frontend-vue/dist/assets/orgas/kingrt/icons/desktop.png | demo/video-chat/frontend-vue/public/assets/orgas/kingrt/icons/desktop.png
dialog.js	2	demo/video-chat/frontend-vue/node_modules/playwright-core/lib/client/dialog.js | demo/video-chat/frontend-vue/node_modules/playwright-core/lib/server/dialog.js
dispatcher.js	2	demo/video-chat/frontend-vue/node_modules/playwright-core/lib/server/dispatchers/dispatcher.js | demo/video-chat/frontend-vue/node_modules/playwright/lib/runner/dispatcher.js
docker-compose.v1.yml	2	demo/model-inference/docker-compose.v1.yml | demo/video-chat/docker-compose.v1.yml
download.js	2	demo/video-chat/frontend-vue/node_modules/playwright-core/lib/client/download.js | demo/video-chat/frontend-vue/node_modules/playwright-core/lib/server/download.js
dwt.cpp	2	demo/video-chat/frontend-vue/src/lib/wasm/cpp/dwt.cpp | demo/video-chat/frontend-vue/src/lib/wasm/dwt.cpp
dwt.h	2	demo/video-chat/frontend-vue/src/lib/wasm/cpp/dwt.h | demo/video-chat/frontend-vue/src/lib/wasm/dwt.h
electron.js	2	demo/video-chat/frontend-vue/node_modules/playwright-core/lib/client/electron.js | demo/video-chat/frontend-vue/node_modules/playwright-core/lib/server/electron/electron.js
encode-shared.d.ts	2	demo/video-chat/frontend-vue/node_modules/entities/dist/commonjs/internal/encode-shared.d.ts | demo/video-chat/frontend-vue/node_modules/entities/dist/esm/internal/encode-shared.d.ts
encode-shared.d.ts.map	2	demo/video-chat/frontend-vue/node_modules/entities/dist/commonjs/internal/encode-shared.d.ts.map | demo/video-chat/frontend-vue/node_modules/entities/dist/esm/internal/encode-shared.d.ts.map
encode-shared.js	2	demo/video-chat/frontend-vue/node_modules/entities/dist/commonjs/internal/encode-shared.js | demo/video-chat/frontend-vue/node_modules/entities/dist/esm/internal/encode-shared.js
encode-shared.js.map	2	demo/video-chat/frontend-vue/node_modules/entities/dist/commonjs/internal/encode-shared.js.map | demo/video-chat/frontend-vue/node_modules/entities/dist/esm/internal/encode-shared.js.map
encoding.js	2	demo/video-chat/frontend-vue/node_modules/flatbuffers/js/encoding.js | demo/video-chat/frontend-vue/node_modules/flatbuffers/mjs/encoding.js
end_call.png	2	demo/video-chat/frontend-vue/dist/assets/orgas/kingrt/icons/end_call.png | demo/video-chat/frontend-vue/public/assets/orgas/kingrt/icons/end_call.png
enterCall.ts	2	demo/video-chat/frontend-vue/src/domain/calls/admin/enterCall.ts | demo/video-chat/frontend-vue/src/domain/calls/dashboard/enterCall.ts
entropy.cpp	2	demo/video-chat/frontend-vue/src/lib/wasm/cpp/entropy.cpp | demo/video-chat/frontend-vue/src/lib/wasm/entropy.cpp
entropy.h	2	demo/video-chat/frontend-vue/src/lib/wasm/cpp/entropy.h | demo/video-chat/frontend-vue/src/lib/wasm/entropy.h
env-impl.d.ts	2	demo/video-chat/frontend-vue/node_modules/onnxruntime-common/dist/cjs/env-impl.d.ts | demo/video-chat/frontend-vue/node_modules/onnxruntime-common/dist/esm/env-impl.d.ts
env-impl.d.ts.map	2	demo/video-chat/frontend-vue/node_modules/onnxruntime-common/dist/cjs/env-impl.d.ts.map | demo/video-chat/frontend-vue/node_modules/onnxruntime-common/dist/esm/env-impl.d.ts.map
env-impl.js	2	demo/video-chat/frontend-vue/node_modules/onnxruntime-common/dist/cjs/env-impl.js | demo/video-chat/frontend-vue/node_modules/onnxruntime-common/dist/esm/env-impl.js
env-impl.js.map	2	demo/video-chat/frontend-vue/node_modules/onnxruntime-common/dist/cjs/env-impl.js.map | demo/video-chat/frontend-vue/node_modules/onnxruntime-common/dist/esm/env-impl.js.map
env.d.ts.map	2	demo/video-chat/frontend-vue/node_modules/onnxruntime-common/dist/cjs/env.d.ts.map | demo/video-chat/frontend-vue/node_modules/onnxruntime-common/dist/esm/env.d.ts.map
env.js.map	2	demo/video-chat/frontend-vue/node_modules/onnxruntime-common/dist/cjs/env.js.map | demo/video-chat/frontend-vue/node_modules/onnxruntime-common/dist/esm/env.js.map
errors.js	2	demo/video-chat/frontend-vue/node_modules/playwright-core/lib/client/errors.js | demo/video-chat/frontend-vue/node_modules/playwright-core/lib/server/errors.js
estree-walker.js	2	demo/video-chat/frontend-vue/node_modules/estree-walker/dist/esm/estree-walker.js | demo/video-chat/frontend-vue/node_modules/estree-walker/dist/umd/estree-walker.js
events.d.ts	2	demo/video-chat/frontend-vue/node_modules/@types/node/events.d.ts | demo/video-chat/frontend-vue/node_modules/@types/node/web-globals/events.d.ts
events.js	2	demo/video-chat/frontend-vue/node_modules/playwright-core/lib/client/events.js | demo/video-chat/frontend-vue/node_modules/playwright/lib/isomorphic/events.js
exports.cpp	2	demo/video-chat/frontend-vue/src/lib/wasm/cpp/exports.cpp | demo/video-chat/frontend-vue/src/lib/wasm/exports.cpp
fetch.d.ts	2	demo/video-chat/frontend-vue/node_modules/@types/node/web-globals/fetch.d.ts | demo/video-chat/frontend-vue/node_modules/undici-types/fetch.d.ts
fetch.js	2	demo/video-chat/frontend-vue/node_modules/playwright-core/lib/client/fetch.js | demo/video-chat/frontend-vue/node_modules/playwright-core/lib/server/fetch.js
fileChooser.js	2	demo/video-chat/frontend-vue/node_modules/playwright-core/lib/client/fileChooser.js | demo/video-chat/frontend-vue/node_modules/playwright-core/lib/server/fileChooser.js
fileUtils.js	2	demo/video-chat/frontend-vue/node_modules/playwright-core/lib/client/fileUtils.js | demo/video-chat/frontend-vue/node_modules/playwright-core/lib/server/utils/fileUtils.js
filter-vite-plugins.d.ts	2	demo/video-chat/frontend-vue/node_modules/@rolldown/pluginutils/dist/filter/filter-vite-plugins.d.ts | demo/video-chat/frontend-vue/node_modules/rolldown/node_modules/@rolldown/pluginutils/dist/filter/filter-vite-plugins.d.ts
filter-vite-plugins.js	2	demo/video-chat/frontend-vue/node_modules/@rolldown/pluginutils/dist/filter/filter-vite-plugins.js | demo/video-chat/frontend-vue/node_modules/rolldown/node_modules/@rolldown/pluginutils/dist/filter/filter-vite-plugins.js
flatbuffers.d.ts	2	demo/video-chat/frontend-vue/node_modules/flatbuffers/js/flatbuffers.d.ts | demo/video-chat/frontend-vue/node_modules/flatbuffers/mjs/flatbuffers.d.ts
flatbuffers.js	2	demo/video-chat/frontend-vue/node_modules/flatbuffers/js/flatbuffers.js | demo/video-chat/frontend-vue/node_modules/flatbuffers/mjs/flatbuffers.js
flexbuffers-util.d.ts	2	demo/video-chat/frontend-vue/node_modules/flatbuffers/js/flexbuffers/flexbuffers-util.d.ts | demo/video-chat/frontend-vue/node_modules/flatbuffers/mjs/flexbuffers/flexbuffers-util.d.ts
flexbuffers-util.js	2	demo/video-chat/frontend-vue/node_modules/flatbuffers/js/flexbuffers/flexbuffers-util.js | demo/video-chat/frontend-vue/node_modules/flatbuffers/mjs/flexbuffers/flexbuffers-util.js
flexbuffers.d.ts	2	demo/video-chat/frontend-vue/node_modules/flatbuffers/js/flexbuffers.d.ts | demo/video-chat/frontend-vue/node_modules/flatbuffers/mjs/flexbuffers.d.ts
flexbuffers.js	2	demo/video-chat/frontend-vue/node_modules/flatbuffers/js/flexbuffers.js | demo/video-chat/frontend-vue/node_modules/flatbuffers/mjs/flexbuffers.js
float16array.d.ts	2	demo/video-chat/frontend-vue/node_modules/@types/node/ts5.6/compatibility/float16array.d.ts | demo/video-chat/frontend-vue/node_modules/@types/node/ts5.7/compatibility/float16array.d.ts
forward.png	2	demo/video-chat/frontend-vue/dist/assets/orgas/kingrt/icons/forward.png | demo/video-chat/frontend-vue/public/assets/orgas/kingrt/icons/forward.png
fuse-utils.ts	2	demo/video-chat/frontend-vue/node_modules/onnxruntime-web/lib/onnxjs/backends/webgl/ops/fuse-utils.ts | demo/video-chat/frontend-vue/node_modules/onnxruntime-web/lib/wasm/jsep/webgpu/ops/fuse-utils.ts
gather.ts	2	demo/video-chat/frontend-vue/node_modules/onnxruntime-web/lib/onnxjs/backends/webgl/ops/gather.ts | demo/video-chat/frontend-vue/node_modules/onnxruntime-web/lib/wasm/jsep/webgpu/ops/gather.ts
gear.png	2	demo/video-chat/frontend-vue/dist/assets/orgas/kingrt/icons/gear.png | demo/video-chat/frontend-vue/public/assets/orgas/kingrt/icons/gear.png
gemm.ts	2	demo/video-chat/frontend-vue/node_modules/onnxruntime-web/lib/onnxjs/backends/webgl/ops/gemm.ts | demo/video-chat/frontend-vue/node_modules/onnxruntime-web/lib/wasm/jsep/webgpu/ops/gemm.ts
globals.typedarray.d.ts	2	demo/video-chat/frontend-vue/node_modules/@types/node/globals.typedarray.d.ts | demo/video-chat/frontend-vue/node_modules/@types/node/ts5.6/globals.typedarray.d.ts
gossip-harness.html	2	demo/video-chat/frontend-vue/dist/gossip-harness.html | demo/video-chat/frontend-vue/public/gossip-harness.html
graph.js	2	demo/video-chat/frontend-vue/node_modules/onnxruntime-web/lib/onnxjs/graph.js | demo/video-chat/frontend-vue/node_modules/onnxruntime-web/lib/onnxjs/ort-schema/flatbuffers/onnxruntime/fbs/graph.js
graph.js.map	2	demo/video-chat/frontend-vue/node_modules/onnxruntime-web/lib/onnxjs/graph.js.map | demo/video-chat/frontend-vue/node_modules/onnxruntime-web/lib/onnxjs/ort-schema/flatbuffers/onnxruntime/fbs/graph.js.map
graph.ts	2	demo/video-chat/frontend-vue/node_modules/onnxruntime-web/lib/onnxjs/graph.ts | demo/video-chat/frontend-vue/node_modules/onnxruntime-web/lib/onnxjs/ort-schema/flatbuffers/onnxruntime/fbs/graph.ts
hand.png	2	demo/video-chat/frontend-vue/dist/assets/orgas/kingrt/icons/hand.png | demo/video-chat/frontend-vue/public/assets/orgas/kingrt/icons/hand.png
icon.svg	2	demo/video-chat/frontend-vue/dist/assets/orgas/kingrt/icon.svg | demo/video-chat/frontend-vue/public/assets/orgas/kingrt/icon.svg
index.browser.cjs	2	demo/video-chat/frontend-vue/node_modules/nanoid/async/index.browser.cjs | demo/video-chat/frontend-vue/node_modules/nanoid/index.browser.cjs
inference-session-impl.d.ts	2	demo/video-chat/frontend-vue/node_modules/onnxruntime-common/dist/cjs/inference-session-impl.d.ts | demo/video-chat/frontend-vue/node_modules/onnxruntime-common/dist/esm/inference-session-impl.d.ts
inference-session-impl.d.ts.map	2	demo/video-chat/frontend-vue/node_modules/onnxruntime-common/dist/cjs/inference-session-impl.d.ts.map | demo/video-chat/frontend-vue/node_modules/onnxruntime-common/dist/esm/inference-session-impl.d.ts.map
inference-session-impl.js	2	demo/video-chat/frontend-vue/node_modules/onnxruntime-common/dist/cjs/inference-session-impl.js | demo/video-chat/frontend-vue/node_modules/onnxruntime-common/dist/esm/inference-session-impl.js
inference-session-impl.js.map	2	demo/video-chat/frontend-vue/node_modules/onnxruntime-common/dist/cjs/inference-session-impl.js.map | demo/video-chat/frontend-vue/node_modules/onnxruntime-common/dist/esm/inference-session-impl.js.map
inference-session.d.ts	2	demo/video-chat/frontend-vue/node_modules/onnxruntime-common/dist/cjs/inference-session.d.ts | demo/video-chat/frontend-vue/node_modules/onnxruntime-common/dist/esm/inference-session.d.ts
inference-session.d.ts.map	2	demo/video-chat/frontend-vue/node_modules/onnxruntime-common/dist/cjs/inference-session.d.ts.map | demo/video-chat/frontend-vue/node_modules/onnxruntime-common/dist/esm/inference-session.d.ts.map
inference-session.ts	2	demo/video-chat/frontend-vue/node_modules/onnxruntime-common/lib/inference-session.ts | demo/video-chat/frontend-vue/node_modules/onnxruntime-web/lib/onnxjs/ort-schema/flatbuffers/onnxruntime/fbs/inference-session.ts
invitation-preview.png	2	demo/video-chat/frontend-vue/dist/assets/orgas/kingrt/social/invitation-preview.png | demo/video-chat/frontend-vue/public/assets/orgas/kingrt/social/invitation-preview.png
is.d.ts	2	demo/video-chat/frontend-vue/node_modules/@fullcalendar/core/locales/is.d.ts | demo/video-chat/frontend-vue/node_modules/superjson/dist/is.d.ts
is.js.map	2	demo/video-chat/frontend-vue/node_modules/@babel/types/lib/validators/is.js.map | demo/video-chat/frontend-vue/node_modules/superjson/dist/is.js.map
isType.js	2	demo/video-chat/frontend-vue/node_modules/@babel/types/lib/validators/isType.js | demo/video-chat/frontend-vue/node_modules/is-what/dist/isType.js
javascript.js	2	demo/video-chat/frontend-vue/node_modules/playwright-core/lib/server/codegen/javascript.js | demo/video-chat/frontend-vue/node_modules/playwright-core/lib/server/javascript.js
jsx-runtime.js	2	demo/video-chat/frontend-vue/node_modules/playwright/jsx-runtime.js | demo/video-chat/frontend-vue/node_modules/preact/compat/jsx-runtime.js
jsx-runtime.mjs	2	demo/video-chat/frontend-vue/node_modules/playwright/jsx-runtime.mjs | demo/video-chat/frontend-vue/node_modules/preact/compat/jsx-runtime.mjs
jsx.d.ts	2	demo/video-chat/frontend-vue/node_modules/preact/src/jsx.d.ts | demo/video-chat/frontend-vue/node_modules/vue/jsx.d.ts
king_logo-withslogan.svg	2	demo/video-chat/frontend-vue/dist/assets/orgas/kingrt/king_logo-withslogan.svg | demo/video-chat/frontend-vue/public/assets/orgas/kingrt/king_logo-withslogan.svg
lifecycle.ts	2	demo/video-chat/frontend-vue/src/domain/realtime/sfu/lifecycle.ts | demo/video-chat/frontend-vue/src/domain/realtime/workspace/callWorkspace/lifecycle.ts
linkify.mjs	2	demo/video-chat/frontend-vue/node_modules/markdown-it/lib/rules_core/linkify.mjs | demo/video-chat/frontend-vue/node_modules/markdown-it/lib/rules_inline/linkify.mjs
list.js	2	demo/video-chat/frontend-vue/node_modules/playwright/lib/reporters/list.js | demo/video-chat/frontend-vue/node_modules/postcss/lib/list.js
lobby.png	2	demo/video-chat/frontend-vue/dist/assets/orgas/kingrt/icons/lobby.png | demo/video-chat/frontend-vue/public/assets/orgas/kingrt/icons/lobby.png
localUtils.js	2	demo/video-chat/frontend-vue/node_modules/playwright-core/lib/client/localUtils.js | demo/video-chat/frontend-vue/node_modules/playwright-core/lib/server/localUtils.js
main.ts	2	demo/video-chat/frontend-vue/node_modules/onnxruntime-web/lib/wasm/proxy-worker/main.ts | demo/video-chat/frontend-vue/src/main.ts
markdown-it.js	2	demo/video-chat/frontend-vue/node_modules/.vite/deps/markdown-it.js | demo/video-chat/frontend-vue/node_modules/markdown-it/dist/markdown-it.js
matmul.ts	2	demo/video-chat/frontend-vue/node_modules/onnxruntime-web/lib/onnxjs/backends/webgl/ops/matmul.ts | demo/video-chat/frontend-vue/node_modules/onnxruntime-web/lib/wasm/jsep/webgpu/ops/matmul.ts
metadata-float.json	2	demo/video-chat/frontend-vue/dist/cdn/vendor/sinet/metadata-float.json | demo/video-chat/frontend-vue/public/cdn/vendor/sinet/metadata-float.json
micoff.png	2	demo/video-chat/frontend-vue/dist/assets/orgas/kingrt/icons/micoff.png | demo/video-chat/frontend-vue/public/assets/orgas/kingrt/icons/micoff.png
micon.png	2	demo/video-chat/frontend-vue/dist/assets/orgas/kingrt/icons/micon.png | demo/video-chat/frontend-vue/public/assets/orgas/kingrt/icons/micon.png
minimal.js	2	demo/video-chat/frontend-vue/node_modules/protobufjs/minimal.js | demo/video-chat/frontend-vue/node_modules/protobufjs/src/util/minimal.js
model.js	2	demo/video-chat/frontend-vue/node_modules/onnxruntime-web/lib/onnxjs/model.js | demo/video-chat/frontend-vue/node_modules/onnxruntime-web/lib/onnxjs/ort-schema/flatbuffers/onnxruntime/fbs/model.js
model.js.map	2	demo/video-chat/frontend-vue/node_modules/onnxruntime-web/lib/onnxjs/model.js.map | demo/video-chat/frontend-vue/node_modules/onnxruntime-web/lib/onnxjs/ort-schema/flatbuffers/onnxruntime/fbs/model.js.map
model.ts	2	demo/video-chat/frontend-vue/node_modules/onnxruntime-web/lib/onnxjs/model.ts | demo/video-chat/frontend-vue/node_modules/onnxruntime-web/lib/onnxjs/ort-schema/flatbuffers/onnxruntime/fbs/model.ts
module_realtime.php	2	demo/model-inference/backend-king-php/http/module_realtime.php | demo/video-chat/backend-king-php/http/module_realtime.php
module_runtime.php	2	demo/model-inference/backend-king-php/http/module_runtime.php | demo/video-chat/backend-king-php/http/module_runtime.php
motion.cpp	2	demo/video-chat/frontend-vue/src/lib/wasm/cpp/motion.cpp | demo/video-chat/frontend-vue/src/lib/wasm/motion.cpp
motion.h	2	demo/video-chat/frontend-vue/src/lib/wasm/cpp/motion.h | demo/video-chat/frontend-vue/src/lib/wasm/motion.h
object.js	2	demo/video-chat/frontend-vue/node_modules/@protobufjs/inquire/tests/data/object.js | demo/video-chat/frontend-vue/node_modules/protobufjs/src/object.js
onnx-model.d.ts	2	demo/video-chat/frontend-vue/node_modules/onnxruntime-common/dist/cjs/onnx-model.d.ts | demo/video-chat/frontend-vue/node_modules/onnxruntime-common/dist/esm/onnx-model.d.ts
onnx-model.d.ts.map	2	demo/video-chat/frontend-vue/node_modules/onnxruntime-common/dist/cjs/onnx-model.d.ts.map | demo/video-chat/frontend-vue/node_modules/onnxruntime-common/dist/esm/onnx-model.d.ts.map
onnx-model.js	2	demo/video-chat/frontend-vue/node_modules/onnxruntime-common/dist/cjs/onnx-model.js | demo/video-chat/frontend-vue/node_modules/onnxruntime-common/dist/esm/onnx-model.js
onnx-model.js.map	2	demo/video-chat/frontend-vue/node_modules/onnxruntime-common/dist/cjs/onnx-model.js.map | demo/video-chat/frontend-vue/node_modules/onnxruntime-common/dist/esm/onnx-model.js.map
onnx-value.d.ts	2	demo/video-chat/frontend-vue/node_modules/onnxruntime-common/dist/cjs/onnx-value.d.ts | demo/video-chat/frontend-vue/node_modules/onnxruntime-common/dist/esm/onnx-value.d.ts
onnx-value.d.ts.map	2	demo/video-chat/frontend-vue/node_modules/onnxruntime-common/dist/cjs/onnx-value.d.ts.map | demo/video-chat/frontend-vue/node_modules/onnxruntime-common/dist/esm/onnx-value.d.ts.map
onnx-value.js	2	demo/video-chat/frontend-vue/node_modules/onnxruntime-common/dist/cjs/onnx-value.js | demo/video-chat/frontend-vue/node_modules/onnxruntime-common/dist/esm/onnx-value.js
onnx-value.js.map	2	demo/video-chat/frontend-vue/node_modules/onnxruntime-common/dist/cjs/onnx-value.js.map | demo/video-chat/frontend-vue/node_modules/onnxruntime-common/dist/esm/onnx-value.js.map
op-resolve-rules.ts	2	demo/video-chat/frontend-vue/node_modules/onnxruntime-web/lib/onnxjs/backends/webgl/op-resolve-rules.ts | demo/video-chat/frontend-vue/node_modules/onnxruntime-web/lib/wasm/jsep/webgpu/op-resolve-rules.ts
pad.ts	2	demo/video-chat/frontend-vue/node_modules/onnxruntime-web/lib/onnxjs/backends/webgl/ops/pad.ts | demo/video-chat/frontend-vue/node_modules/onnxruntime-web/lib/wasm/jsep/webgpu/ops/pad.ts
page.js	2	demo/video-chat/frontend-vue/node_modules/playwright-core/lib/client/page.js | demo/video-chat/frontend-vue/node_modules/playwright-core/lib/server/page.js
pipeTransport.js	2	demo/video-chat/frontend-vue/node_modules/playwright-core/lib/server/pipeTransport.js | demo/video-chat/frontend-vue/node_modules/playwright-core/lib/server/utils/pipeTransport.js
planning-image.css	2	demo/call-app/planning-image/public/planning-image.css | demo/video-chat/frontend-vue/dist/call-app/planning-image/public/planning-image.css
planning-image.js	2	demo/call-app/planning-image/public/planning-image.js | demo/video-chat/frontend-vue/dist/call-app/planning-image/public/planning-image.js
platform.js	2	demo/video-chat/frontend-vue/node_modules/platform/platform.js | demo/video-chat/frontend-vue/node_modules/playwright-core/lib/client/platform.js
playwright-logo.svg	2	demo/video-chat/frontend-vue/node_modules/playwright-core/lib/vite/recorder/playwright-logo.svg | demo/video-chat/frontend-vue/node_modules/playwright-core/lib/vite/traceViewer/playwright-logo.svg
playwright.js	2	demo/video-chat/frontend-vue/node_modules/playwright-core/lib/client/playwright.js | demo/video-chat/frontend-vue/node_modules/playwright-core/lib/server/playwright.js
plugin.js	2	demo/video-chat/frontend-vue/node_modules/@vue/devtools-api/lib/cjs/plugin.js | demo/video-chat/frontend-vue/node_modules/@vue/devtools-api/lib/esm/plugin.js
pool.ts	2	demo/video-chat/frontend-vue/node_modules/onnxruntime-web/lib/onnxjs/backends/webgl/ops/pool.ts | demo/video-chat/frontend-vue/node_modules/onnxruntime-web/lib/wasm/jsep/webgpu/ops/pool.ts
preact.js	2	demo/video-chat/frontend-vue/node_modules/@fullcalendar/core/preact.js | demo/video-chat/frontend-vue/node_modules/preact/dist/preact.js
presentation.css	2	demo/call-app/presentation/public/presentation.css | demo/video-chat/frontend-vue/dist/call-app/presentation/public/presentation.css
presentation.js	2	demo/call-app/presentation/public/presentation.js | demo/video-chat/frontend-vue/dist/call-app/presentation/public/presentation.js
process.js	2	demo/video-chat/frontend-vue/node_modules/detect-libc/lib/process.js | demo/video-chat/frontend-vue/node_modules/playwright/lib/common/process.js
program-manager.ts	2	demo/video-chat/frontend-vue/node_modules/onnxruntime-web/lib/onnxjs/backends/webgl/program-manager.ts | demo/video-chat/frontend-vue/node_modules/onnxruntime-web/lib/wasm/jsep/webgpu/program-manager.ts
proxy.js	2	demo/video-chat/frontend-vue/node_modules/@vue/devtools-api/lib/cjs/proxy.js | demo/video-chat/frontend-vue/node_modules/@vue/devtools-api/lib/esm/proxy.js
quantize.cpp	2	demo/video-chat/frontend-vue/src/lib/wasm/cpp/quantize.cpp | demo/video-chat/frontend-vue/src/lib/wasm/quantize.cpp
quantize.h	2	demo/video-chat/frontend-vue/src/lib/wasm/cpp/quantize.h | demo/video-chat/frontend-vue/src/lib/wasm/quantize.h
reduce.ts	2	demo/video-chat/frontend-vue/node_modules/onnxruntime-web/lib/onnxjs/backends/webgl/ops/reduce.ts | demo/video-chat/frontend-vue/node_modules/onnxruntime-web/lib/wasm/jsep/webgpu/ops/reduce.ts
reference-util.d.ts	2	demo/video-chat/frontend-vue/node_modules/flatbuffers/js/flexbuffers/reference-util.d.ts | demo/video-chat/frontend-vue/node_modules/flatbuffers/mjs/flexbuffers/reference-util.d.ts
reference-util.js	2	demo/video-chat/frontend-vue/node_modules/flatbuffers/js/flexbuffers/reference-util.js | demo/video-chat/frontend-vue/node_modules/flatbuffers/mjs/flexbuffers/reference-util.js
reference.d.ts	2	demo/video-chat/frontend-vue/node_modules/flatbuffers/js/flexbuffers/reference.d.ts | demo/video-chat/frontend-vue/node_modules/flatbuffers/mjs/flexbuffers/reference.d.ts
reference.js	2	demo/video-chat/frontend-vue/node_modules/flatbuffers/js/flexbuffers/reference.js | demo/video-chat/frontend-vue/node_modules/flatbuffers/mjs/flexbuffers/reference.js
registry.js	2	demo/video-chat/frontend-vue/node_modules/playwright-core/lib/tools/cli-client/registry.js | demo/video-chat/frontend-vue/node_modules/superjson/dist/registry.js
remove_user.png	2	demo/video-chat/frontend-vue/dist/assets/orgas/kingrt/icons/remove_user.png | demo/video-chat/frontend-vue/public/assets/orgas/kingrt/icons/remove_user.png
removeTypeDuplicates.js	2	demo/video-chat/frontend-vue/node_modules/@babel/types/lib/modifications/flow/removeTypeDuplicates.js | demo/video-chat/frontend-vue/node_modules/@babel/types/lib/modifications/typescript/removeTypeDuplicates.js
removeTypeDuplicates.js.map	2	demo/video-chat/frontend-vue/node_modules/@babel/types/lib/modifications/flow/removeTypeDuplicates.js.map | demo/video-chat/frontend-vue/node_modules/@babel/types/lib/modifications/typescript/removeTypeDuplicates.js.map
render.js	2	demo/video-chat/frontend-vue/node_modules/preact/compat/src/render.js | demo/video-chat/frontend-vue/node_modules/preact/src/render.js
root.js	2	demo/video-chat/frontend-vue/node_modules/postcss/lib/root.js | demo/video-chat/frontend-vue/node_modules/protobufjs/src/root.js
router-module-order-contract.php	2	demo/model-inference/backend-king-php/tests/router-module-order-contract.php | demo/video-chat/backend-king-php/tests/router-module-order-contract.php
router-module-order-contract.sh	2	demo/model-inference/backend-king-php/tests/router-module-order-contract.sh | demo/video-chat/backend-king-php/tests/router-module-order-contract.sh
router.php	2	demo/model-inference/backend-king-php/http/router.php | demo/video-chat/backend-king-php/http/router.php
run-dev.sh	2	demo/model-inference/backend-king-php/run-dev.sh | demo/video-chat/backend-king-php/run-dev.sh
scheduler.js	2	demo/video-chat/frontend-vue/node_modules/preact/compat/scheduler.js | demo/video-chat/frontend-vue/src/domain/realtime/background/pipeline/scheduler.js
screencast.js	2	demo/video-chat/frontend-vue/node_modules/playwright-core/lib/client/screencast.js | demo/video-chat/frontend-vue/node_modules/playwright-core/lib/server/screencast.js
selectors.js	2	demo/video-chat/frontend-vue/node_modules/playwright-core/lib/client/selectors.js | demo/video-chat/frontend-vue/node_modules/playwright-core/lib/server/selectors.js
selfie_multiclass_256x256.tflite	2	demo/video-chat/frontend-vue/dist/cdn/vendor/mediapipe/models/selfie_multiclass_256x256.tflite | demo/video-chat/frontend-vue/public/cdn/vendor/mediapipe/models/selfie_multiclass_256x256.tflite
selfie_segmentation_landscape.tflite	2	demo/video-chat/frontend-vue/dist/cdn/vendor/mediapipe/selfie_segmentation/selfie_segmentation_landscape.tflite | demo/video-chat/frontend-vue/public/cdn/vendor/mediapipe/selfie_segmentation/selfie_segmentation_landscape.tflite
selfie_segmentation_solution_simd_wasm_bin.data	2	demo/video-chat/frontend-vue/dist/cdn/vendor/mediapipe/selfie_segmentation/selfie_segmentation_solution_simd_wasm_bin.data | demo/video-chat/frontend-vue/public/cdn/vendor/mediapipe/selfie_segmentation/selfie_segmentation_solution_simd_wasm_bin.data
selfie_segmentation_solution_simd_wasm_bin.js	2	demo/video-chat/frontend-vue/dist/cdn/vendor/mediapipe/selfie_segmentation/selfie_segmentation_solution_simd_wasm_bin.js | demo/video-chat/frontend-vue/public/cdn/vendor/mediapipe/selfie_segmentation/selfie_segmentation_solution_simd_wasm_bin.js
selfie_segmentation_solution_simd_wasm_bin.wasm	2	demo/video-chat/frontend-vue/dist/cdn/vendor/mediapipe/selfie_segmentation/selfie_segmentation_solution_simd_wasm_bin.wasm | demo/video-chat/frontend-vue/public/cdn/vendor/mediapipe/selfie_segmentation/selfie_segmentation_solution_simd_wasm_bin.wasm
selfie_segmentation_solution_wasm_bin.js	2	demo/video-chat/frontend-vue/dist/cdn/vendor/mediapipe/selfie_segmentation/selfie_segmentation_solution_wasm_bin.js | demo/video-chat/frontend-vue/public/cdn/vendor/mediapipe/selfie_segmentation/selfie_segmentation_solution_wasm_bin.js
selfie_segmentation_solution_wasm_bin.wasm	2	demo/video-chat/frontend-vue/dist/cdn/vendor/mediapipe/selfie_segmentation/selfie_segmentation_solution_wasm_bin.wasm | demo/video-chat/frontend-vue/public/cdn/vendor/mediapipe/selfie_segmentation/selfie_segmentation_solution_wasm_bin.wasm
selfie_segmentation.binarypb	2	demo/video-chat/frontend-vue/dist/cdn/vendor/mediapipe/selfie_segmentation/selfie_segmentation.binarypb | demo/video-chat/frontend-vue/public/cdn/vendor/mediapipe/selfie_segmentation/selfie_segmentation.binarypb
selfie_segmentation.js	2	demo/video-chat/frontend-vue/dist/cdn/vendor/mediapipe/selfie_segmentation/selfie_segmentation.js | demo/video-chat/frontend-vue/public/cdn/vendor/mediapipe/selfie_segmentation/selfie_segmentation.js
selfie_segmentation.tflite	2	demo/video-chat/frontend-vue/dist/cdn/vendor/mediapipe/selfie_segmentation/selfie_segmentation.tflite | demo/video-chat/frontend-vue/public/cdn/vendor/mediapipe/selfie_segmentation/selfie_segmentation.tflite
send.png	2	demo/video-chat/frontend-vue/dist/assets/orgas/kingrt/icons/send.png | demo/video-chat/frontend-vue/public/assets/orgas/kingrt/icons/send.png
server.php	2	demo/model-inference/backend-king-php/server.php | demo/video-chat/backend-king-php/server.php
service.js	2	demo/video-chat/frontend-vue/node_modules/protobufjs/src/rpc/service.js | demo/video-chat/frontend-vue/node_modules/protobufjs/src/service.js
session-handler-inference.ts	2	demo/video-chat/frontend-vue/node_modules/onnxruntime-web/lib/onnxjs/session-handler-inference.ts | demo/video-chat/frontend-vue/node_modules/onnxruntime-web/lib/wasm/session-handler-inference.ts
session.js	2	demo/video-chat/frontend-vue/node_modules/onnxruntime-web/lib/onnxjs/session.js | demo/video-chat/frontend-vue/node_modules/playwright-core/lib/tools/cli-client/session.js
session.ts	2	demo/video-chat/frontend-vue/node_modules/onnxruntime-web/lib/onnxjs/session.ts | demo/video-chat/frontend-vue/src/domain/auth/session.ts
sfuClient.ts	2	demo/video-chat/frontend-vue/src/lib/sfu/sfuClient.ts | demo/video-chat/frontend-vue/src/lib/sfuClient.ts
shape.js	2	demo/video-chat/frontend-vue/node_modules/onnxruntime-web/lib/onnxjs/backends/webgl/ops/shape.js | demo/video-chat/frontend-vue/node_modules/onnxruntime-web/lib/onnxjs/ort-schema/flatbuffers/onnxruntime/fbs/shape.js
shape.js.map	2	demo/video-chat/frontend-vue/node_modules/onnxruntime-web/lib/onnxjs/backends/webgl/ops/shape.js.map | demo/video-chat/frontend-vue/node_modules/onnxruntime-web/lib/onnxjs/ort-schema/flatbuffers/onnxruntime/fbs/shape.js.map
shape.ts	2	demo/video-chat/frontend-vue/node_modules/onnxruntime-web/lib/onnxjs/backends/webgl/ops/shape.ts | demo/video-chat/frontend-vue/node_modules/onnxruntime-web/lib/onnxjs/ort-schema/flatbuffers/onnxruntime/fbs/shape.ts
share_screen.png	2	demo/video-chat/frontend-vue/dist/assets/orgas/kingrt/icons/share_screen.png | demo/video-chat/frontend-vue/public/assets/orgas/kingrt/icons/share_screen.png
simple-filters.d.ts	2	demo/video-chat/frontend-vue/node_modules/@rolldown/pluginutils/dist/filter/simple-filters.d.ts | demo/video-chat/frontend-vue/node_modules/rolldown/node_modules/@rolldown/pluginutils/dist/filter/simple-filters.d.ts
simple-filters.js	2	demo/video-chat/frontend-vue/node_modules/@rolldown/pluginutils/dist/filter/simple-filters.js | demo/video-chat/frontend-vue/node_modules/rolldown/node_modules/@rolldown/pluginutils/dist/filter/simple-filters.js
sinet-float.onnx	2	demo/video-chat/frontend-vue/dist/cdn/vendor/sinet/sinet-float.onnx | demo/video-chat/frontend-vue/public/cdn/vendor/sinet/sinet-float.onnx
sinet.data	2	demo/video-chat/frontend-vue/dist/cdn/vendor/sinet/sinet.data | demo/video-chat/frontend-vue/public/cdn/vendor/sinet/sinet.data
SKILL.md	2	demo/video-chat/frontend-vue/node_modules/playwright-core/lib/tools/cli-client/skill/SKILL.md | demo/video-chat/frontend-vue/node_modules/playwright-core/lib/tools/trace/SKILL.md
slice.ts	2	demo/video-chat/frontend-vue/node_modules/onnxruntime-web/lib/onnxjs/backends/webgl/ops/slice.ts | demo/video-chat/frontend-vue/node_modules/onnxruntime-web/lib/wasm/jsep/webgpu/ops/slice.ts
smoke.sh	2	demo/model-inference/scripts/smoke.sh | demo/video-chat/scripts/smoke.sh
softmax.ts	2	demo/video-chat/frontend-vue/node_modules/onnxruntime-web/lib/onnxjs/backends/webgl/ops/softmax.ts | demo/video-chat/frontend-vue/node_modules/onnxruntime-web/lib/wasm/jsep/webgpu/ops/softmax.ts
solid.png	2	demo/video-chat/frontend-vue/dist/assets/orgas/kingrt/icons/solid.png | demo/video-chat/frontend-vue/public/assets/orgas/kingrt/icons/solid.png
split.ts	2	demo/video-chat/frontend-vue/node_modules/onnxruntime-web/lib/onnxjs/backends/webgl/ops/split.ts | demo/video-chat/frontend-vue/node_modules/onnxruntime-web/lib/wasm/jsep/webgpu/ops/split.ts
spreadsheet.css	2	demo/call-app/spreadsheet/public/spreadsheet.css | demo/video-chat/frontend-vue/dist/call-app/spreadsheet/public/spreadsheet.css
spreadsheet.js	2	demo/call-app/spreadsheet/public/spreadsheet.js | demo/video-chat/frontend-vue/dist/call-app/spreadsheet/public/spreadsheet.js
stack-value.d.ts	2	demo/video-chat/frontend-vue/node_modules/flatbuffers/js/flexbuffers/stack-value.d.ts | demo/video-chat/frontend-vue/node_modules/flatbuffers/mjs/flexbuffers/stack-value.d.ts
stack-value.js	2	demo/video-chat/frontend-vue/node_modules/flatbuffers/js/flexbuffers/stack-value.js | demo/video-chat/frontend-vue/node_modules/flatbuffers/mjs/flexbuffers/stack-value.js
tensor-conversion-impl.d.ts	2	demo/video-chat/frontend-vue/node_modules/onnxruntime-common/dist/cjs/tensor-conversion-impl.d.ts | demo/video-chat/frontend-vue/node_modules/onnxruntime-common/dist/esm/tensor-conversion-impl.d.ts
tensor-conversion-impl.d.ts.map	2	demo/video-chat/frontend-vue/node_modules/onnxruntime-common/dist/cjs/tensor-conversion-impl.d.ts.map | demo/video-chat/frontend-vue/node_modules/onnxruntime-common/dist/esm/tensor-conversion-impl.d.ts.map
tensor-conversion-impl.js	2	demo/video-chat/frontend-vue/node_modules/onnxruntime-common/dist/cjs/tensor-conversion-impl.js | demo/video-chat/frontend-vue/node_modules/onnxruntime-common/dist/esm/tensor-conversion-impl.js
tensor-conversion-impl.js.map	2	demo/video-chat/frontend-vue/node_modules/onnxruntime-common/dist/cjs/tensor-conversion-impl.js.map | demo/video-chat/frontend-vue/node_modules/onnxruntime-common/dist/esm/tensor-conversion-impl.js.map
tensor-conversion.d.ts	2	demo/video-chat/frontend-vue/node_modules/onnxruntime-common/dist/cjs/tensor-conversion.d.ts | demo/video-chat/frontend-vue/node_modules/onnxruntime-common/dist/esm/tensor-conversion.d.ts
tensor-conversion.d.ts.map	2	demo/video-chat/frontend-vue/node_modules/onnxruntime-common/dist/cjs/tensor-conversion.d.ts.map | demo/video-chat/frontend-vue/node_modules/onnxruntime-common/dist/esm/tensor-conversion.d.ts.map
tensor-conversion.js	2	demo/video-chat/frontend-vue/node_modules/onnxruntime-common/dist/cjs/tensor-conversion.js | demo/video-chat/frontend-vue/node_modules/onnxruntime-common/dist/esm/tensor-conversion.js
tensor-conversion.js.map	2	demo/video-chat/frontend-vue/node_modules/onnxruntime-common/dist/cjs/tensor-conversion.js.map | demo/video-chat/frontend-vue/node_modules/onnxruntime-common/dist/esm/tensor-conversion.js.map
tensor-factory-impl.d.ts	2	demo/video-chat/frontend-vue/node_modules/onnxruntime-common/dist/cjs/tensor-factory-impl.d.ts | demo/video-chat/frontend-vue/node_modules/onnxruntime-common/dist/esm/tensor-factory-impl.d.ts
tensor-factory-impl.d.ts.map	2	demo/video-chat/frontend-vue/node_modules/onnxruntime-common/dist/cjs/tensor-factory-impl.d.ts.map | demo/video-chat/frontend-vue/node_modules/onnxruntime-common/dist/esm/tensor-factory-impl.d.ts.map
tensor-factory-impl.js	2	demo/video-chat/frontend-vue/node_modules/onnxruntime-common/dist/cjs/tensor-factory-impl.js | demo/video-chat/frontend-vue/node_modules/onnxruntime-common/dist/esm/tensor-factory-impl.js
tensor-factory-impl.js.map	2	demo/video-chat/frontend-vue/node_modules/onnxruntime-common/dist/cjs/tensor-factory-impl.js.map | demo/video-chat/frontend-vue/node_modules/onnxruntime-common/dist/esm/tensor-factory-impl.js.map
tensor-factory.d.ts	2	demo/video-chat/frontend-vue/node_modules/onnxruntime-common/dist/cjs/tensor-factory.d.ts | demo/video-chat/frontend-vue/node_modules/onnxruntime-common/dist/esm/tensor-factory.d.ts
tensor-factory.d.ts.map	2	demo/video-chat/frontend-vue/node_modules/onnxruntime-common/dist/cjs/tensor-factory.d.ts.map | demo/video-chat/frontend-vue/node_modules/onnxruntime-common/dist/esm/tensor-factory.d.ts.map
tensor-factory.js	2	demo/video-chat/frontend-vue/node_modules/onnxruntime-common/dist/cjs/tensor-factory.js | demo/video-chat/frontend-vue/node_modules/onnxruntime-common/dist/esm/tensor-factory.js
tensor-factory.js.map	2	demo/video-chat/frontend-vue/node_modules/onnxruntime-common/dist/cjs/tensor-factory.js.map | demo/video-chat/frontend-vue/node_modules/onnxruntime-common/dist/esm/tensor-factory.js.map
tensor-impl-type-mapping.d.ts	2	demo/video-chat/frontend-vue/node_modules/onnxruntime-common/dist/cjs/tensor-impl-type-mapping.d.ts | demo/video-chat/frontend-vue/node_modules/onnxruntime-common/dist/esm/tensor-impl-type-mapping.d.ts
tensor-impl-type-mapping.d.ts.map	2	demo/video-chat/frontend-vue/node_modules/onnxruntime-common/dist/cjs/tensor-impl-type-mapping.d.ts.map | demo/video-chat/frontend-vue/node_modules/onnxruntime-common/dist/esm/tensor-impl-type-mapping.d.ts.map
tensor-impl-type-mapping.js	2	demo/video-chat/frontend-vue/node_modules/onnxruntime-common/dist/cjs/tensor-impl-type-mapping.js | demo/video-chat/frontend-vue/node_modules/onnxruntime-common/dist/esm/tensor-impl-type-mapping.js
tensor-impl-type-mapping.js.map	2	demo/video-chat/frontend-vue/node_modules/onnxruntime-common/dist/cjs/tensor-impl-type-mapping.js.map | demo/video-chat/frontend-vue/node_modules/onnxruntime-common/dist/esm/tensor-impl-type-mapping.js.map
tensor-impl.d.ts	2	demo/video-chat/frontend-vue/node_modules/onnxruntime-common/dist/cjs/tensor-impl.d.ts | demo/video-chat/frontend-vue/node_modules/onnxruntime-common/dist/esm/tensor-impl.d.ts
tensor-impl.d.ts.map	2	demo/video-chat/frontend-vue/node_modules/onnxruntime-common/dist/cjs/tensor-impl.d.ts.map | demo/video-chat/frontend-vue/node_modules/onnxruntime-common/dist/esm/tensor-impl.d.ts.map
tensor-impl.js	2	demo/video-chat/frontend-vue/node_modules/onnxruntime-common/dist/cjs/tensor-impl.js | demo/video-chat/frontend-vue/node_modules/onnxruntime-common/dist/esm/tensor-impl.js
tensor-impl.js.map	2	demo/video-chat/frontend-vue/node_modules/onnxruntime-common/dist/cjs/tensor-impl.js.map | demo/video-chat/frontend-vue/node_modules/onnxruntime-common/dist/esm/tensor-impl.js.map
tensor-utils-impl.d.ts	2	demo/video-chat/frontend-vue/node_modules/onnxruntime-common/dist/cjs/tensor-utils-impl.d.ts | demo/video-chat/frontend-vue/node_modules/onnxruntime-common/dist/esm/tensor-utils-impl.d.ts
tensor-utils-impl.d.ts.map	2	demo/video-chat/frontend-vue/node_modules/onnxruntime-common/dist/cjs/tensor-utils-impl.d.ts.map | demo/video-chat/frontend-vue/node_modules/onnxruntime-common/dist/esm/tensor-utils-impl.d.ts.map
tensor-utils-impl.js	2	demo/video-chat/frontend-vue/node_modules/onnxruntime-common/dist/cjs/tensor-utils-impl.js | demo/video-chat/frontend-vue/node_modules/onnxruntime-common/dist/esm/tensor-utils-impl.js
tensor-utils-impl.js.map	2	demo/video-chat/frontend-vue/node_modules/onnxruntime-common/dist/cjs/tensor-utils-impl.js.map | demo/video-chat/frontend-vue/node_modules/onnxruntime-common/dist/esm/tensor-utils-impl.js.map
tensor-utils.d.ts	2	demo/video-chat/frontend-vue/node_modules/onnxruntime-common/dist/cjs/tensor-utils.d.ts | demo/video-chat/frontend-vue/node_modules/onnxruntime-common/dist/esm/tensor-utils.d.ts
tensor-utils.d.ts.map	2	demo/video-chat/frontend-vue/node_modules/onnxruntime-common/dist/cjs/tensor-utils.d.ts.map | demo/video-chat/frontend-vue/node_modules/onnxruntime-common/dist/esm/tensor-utils.d.ts.map
tensor-utils.js	2	demo/video-chat/frontend-vue/node_modules/onnxruntime-common/dist/cjs/tensor-utils.js | demo/video-chat/frontend-vue/node_modules/onnxruntime-common/dist/esm/tensor-utils.js
tensor-utils.js.map	2	demo/video-chat/frontend-vue/node_modules/onnxruntime-common/dist/cjs/tensor-utils.js.map | demo/video-chat/frontend-vue/node_modules/onnxruntime-common/dist/esm/tensor-utils.js.map
tensor.d.ts	2	demo/video-chat/frontend-vue/node_modules/onnxruntime-common/dist/cjs/tensor.d.ts | demo/video-chat/frontend-vue/node_modules/onnxruntime-common/dist/esm/tensor.d.ts
tensor.d.ts.map	2	demo/video-chat/frontend-vue/node_modules/onnxruntime-common/dist/cjs/tensor.d.ts.map | demo/video-chat/frontend-vue/node_modules/onnxruntime-common/dist/esm/tensor.d.ts.map
text_wasm_internal.js	2	demo/video-chat/frontend-vue/dist/wasm/text_wasm_internal.js | demo/video-chat/frontend-vue/public/wasm/text_wasm_internal.js
text_wasm_internal.wasm	2	demo/video-chat/frontend-vue/dist/wasm/text_wasm_internal.wasm | demo/video-chat/frontend-vue/public/wasm/text_wasm_internal.wasm
text_wasm_module_internal.js	2	demo/video-chat/frontend-vue/dist/wasm/text_wasm_module_internal.js | demo/video-chat/frontend-vue/public/wasm/text_wasm_module_internal.js
text_wasm_module_internal.wasm	2	demo/video-chat/frontend-vue/dist/wasm/text_wasm_module_internal.wasm | demo/video-chat/frontend-vue/public/wasm/text_wasm_module_internal.wasm
text_wasm_nosimd_internal.js	2	demo/video-chat/frontend-vue/dist/wasm/text_wasm_nosimd_internal.js | demo/video-chat/frontend-vue/public/wasm/text_wasm_nosimd_internal.js
text_wasm_nosimd_internal.wasm	2	demo/video-chat/frontend-vue/dist/wasm/text_wasm_nosimd_internal.wasm | demo/video-chat/frontend-vue/public/wasm/text_wasm_nosimd_internal.wasm
text-document.css	2	demo/call-app/text-document/public/text-document.css | demo/video-chat/frontend-vue/dist/call-app/text-document/public/text-document.css
text-document.js	2	demo/call-app/text-document/public/text-document.js | demo/video-chat/frontend-vue/dist/call-app/text-document/public/text-document.js
tf-backend-webgl.min.js	2	demo/video-chat/frontend-vue/dist/cdn/vendor/tensorflow/tfjs-backend-webgl/tf-backend-webgl.min.js | demo/video-chat/frontend-vue/public/cdn/vendor/tensorflow/tfjs-backend-webgl/tf-backend-webgl.min.js
tf-converter.min.js	2	demo/video-chat/frontend-vue/dist/cdn/vendor/tensorflow/tfjs-converter/tf-converter.min.js | demo/video-chat/frontend-vue/public/cdn/vendor/tensorflow/tfjs-converter/tf-converter.min.js
tf-core.min.js	2	demo/video-chat/frontend-vue/dist/cdn/vendor/tensorflow/tfjs-core/tf-core.min.js | demo/video-chat/frontend-vue/public/cdn/vendor/tensorflow/tfjs-core/tf-core.min.js
ThirdPartyNotices.txt	2	demo/video-chat/frontend-vue/node_modules/playwright-core/ThirdPartyNotices.txt | demo/video-chat/frontend-vue/node_modules/playwright/ThirdPartyNotices.txt
tile.ts	2	demo/video-chat/frontend-vue/node_modules/onnxruntime-web/lib/onnxjs/backends/webgl/ops/tile.ts | demo/video-chat/frontend-vue/node_modules/onnxruntime-web/lib/wasm/jsep/webgpu/ops/tile.ts
timers.d.ts	2	demo/video-chat/frontend-vue/node_modules/@types/node/timers.d.ts | demo/video-chat/frontend-vue/node_modules/@types/node/web-globals/timers.d.ts
tokenize.js	2	demo/video-chat/frontend-vue/node_modules/postcss/lib/tokenize.js | demo/video-chat/frontend-vue/node_modules/protobufjs/src/tokenize.js
tool.js	2	demo/video-chat/frontend-vue/node_modules/playwright-core/lib/tools/backend/tool.js | demo/video-chat/frontend-vue/node_modules/playwright-core/lib/tools/utils/mcp/tool.js
trace.d.ts	2	demo/video-chat/frontend-vue/node_modules/onnxruntime-common/dist/cjs/trace.d.ts | demo/video-chat/frontend-vue/node_modules/onnxruntime-common/dist/esm/trace.d.ts
trace.d.ts.map	2	demo/video-chat/frontend-vue/node_modules/onnxruntime-common/dist/cjs/trace.d.ts.map | demo/video-chat/frontend-vue/node_modules/onnxruntime-common/dist/esm/trace.d.ts.map
trace.js	2	demo/video-chat/frontend-vue/node_modules/onnxruntime-common/dist/cjs/trace.js | demo/video-chat/frontend-vue/node_modules/onnxruntime-common/dist/esm/trace.js
trace.js.map	2	demo/video-chat/frontend-vue/node_modules/onnxruntime-common/dist/cjs/trace.js.map | demo/video-chat/frontend-vue/node_modules/onnxruntime-common/dist/esm/trace.js.map
traceUtils.js	2	demo/video-chat/frontend-vue/node_modules/playwright-core/lib/tools/trace/traceUtils.js | demo/video-chat/frontend-vue/node_modules/playwright-core/lib/utils/isomorphic/trace/traceUtils.js
transpose.ts	2	demo/video-chat/frontend-vue/node_modules/onnxruntime-web/lib/onnxjs/backends/webgl/ops/transpose.ts | demo/video-chat/frontend-vue/node_modules/onnxruntime-web/lib/wasm/jsep/webgpu/ops/transpose.ts
type-helper.d.ts	2	demo/video-chat/frontend-vue/node_modules/onnxruntime-common/dist/cjs/type-helper.d.ts | demo/video-chat/frontend-vue/node_modules/onnxruntime-common/dist/esm/type-helper.d.ts
type-helper.d.ts.map	2	demo/video-chat/frontend-vue/node_modules/onnxruntime-common/dist/cjs/type-helper.d.ts.map | demo/video-chat/frontend-vue/node_modules/onnxruntime-common/dist/esm/type-helper.d.ts.map
type-helper.js	2	demo/video-chat/frontend-vue/node_modules/onnxruntime-common/dist/cjs/type-helper.js | demo/video-chat/frontend-vue/node_modules/onnxruntime-common/dist/esm/type-helper.js
type-helper.js.map	2	demo/video-chat/frontend-vue/node_modules/onnxruntime-common/dist/cjs/type-helper.js.map | demo/video-chat/frontend-vue/node_modules/onnxruntime-common/dist/esm/type-helper.js.map
types.js.map	2	demo/video-chat/frontend-vue/node_modules/onnxruntime-web/lib/onnxjs/backends/webgl/types.js.map | demo/video-chat/frontend-vue/node_modules/superjson/dist/types.js.map
unary-op.ts	2	demo/video-chat/frontend-vue/node_modules/onnxruntime-web/lib/onnxjs/backends/webgl/ops/unary-op.ts | demo/video-chat/frontend-vue/node_modules/onnxruntime-web/lib/wasm/jsep/webgpu/ops/unary-op.ts
url.d.ts	2	demo/video-chat/frontend-vue/node_modules/@types/node/url.d.ts | demo/video-chat/frontend-vue/node_modules/@types/node/web-globals/url.d.ts
user.png	2	demo/video-chat/frontend-vue/dist/assets/orgas/kingrt/icons/user.png | demo/video-chat/frontend-vue/public/assets/orgas/kingrt/icons/user.png
users.png	2	demo/video-chat/frontend-vue/dist/assets/orgas/kingrt/icons/users.png | demo/video-chat/frontend-vue/public/assets/orgas/kingrt/icons/users.png
util.js.map	2	demo/video-chat/frontend-vue/node_modules/onnxruntime-web/lib/onnxjs/util.js.map | demo/video-chat/frontend-vue/node_modules/superjson/dist/util.js.map
util.ts	2	demo/video-chat/frontend-vue/node_modules/onnxruntime-web/lib/onnxjs/util.ts | demo/video-chat/frontend-vue/node_modules/onnxruntime-web/lib/wasm/jsep/util.ts
utils.js.map	2	demo/video-chat/frontend-vue/node_modules/@babel/types/lib/definitions/utils.js.map | demo/video-chat/frontend-vue/node_modules/onnxruntime-web/lib/onnxjs/backends/webgl/utils.js.map
utilsBundle.js	2	demo/video-chat/frontend-vue/node_modules/playwright-core/lib/utilsBundle.js | demo/video-chat/frontend-vue/node_modules/playwright/lib/utilsBundle.js
value-type-util.d.ts	2	demo/video-chat/frontend-vue/node_modules/flatbuffers/js/flexbuffers/value-type-util.d.ts | demo/video-chat/frontend-vue/node_modules/flatbuffers/mjs/flexbuffers/value-type-util.d.ts
value-type-util.js	2	demo/video-chat/frontend-vue/node_modules/flatbuffers/js/flexbuffers/value-type-util.js | demo/video-chat/frontend-vue/node_modules/flatbuffers/mjs/flexbuffers/value-type-util.js
value-type.d.ts	2	demo/video-chat/frontend-vue/node_modules/flatbuffers/js/flexbuffers/value-type.d.ts | demo/video-chat/frontend-vue/node_modules/flatbuffers/mjs/flexbuffers/value-type.d.ts
value-type.js	2	demo/video-chat/frontend-vue/node_modules/flatbuffers/js/flexbuffers/value-type.js | demo/video-chat/frontend-vue/node_modules/flatbuffers/mjs/flexbuffers/value-type.js
version.d.ts	2	demo/video-chat/frontend-vue/node_modules/onnxruntime-common/dist/cjs/version.d.ts | demo/video-chat/frontend-vue/node_modules/onnxruntime-common/dist/esm/version.d.ts
version.d.ts.map	2	demo/video-chat/frontend-vue/node_modules/onnxruntime-common/dist/cjs/version.d.ts.map | demo/video-chat/frontend-vue/node_modules/onnxruntime-common/dist/esm/version.d.ts.map
version.js	2	demo/video-chat/frontend-vue/node_modules/onnxruntime-common/dist/cjs/version.js | demo/video-chat/frontend-vue/node_modules/onnxruntime-common/dist/esm/version.js
version.js.map	2	demo/video-chat/frontend-vue/node_modules/onnxruntime-common/dist/cjs/version.js.map | demo/video-chat/frontend-vue/node_modules/onnxruntime-common/dist/esm/version.js.map
version.ts	2	demo/video-chat/frontend-vue/node_modules/onnxruntime-common/lib/version.ts | demo/video-chat/frontend-vue/node_modules/onnxruntime-web/lib/version.ts
video.js	2	demo/video-chat/frontend-vue/node_modules/playwright-core/lib/client/video.js | demo/video-chat/frontend-vue/node_modules/playwright-core/lib/tools/backend/video.js
vision_bundle_mjs.js.map	2	demo/video-chat/frontend-vue/dist/cdn/vendor/mediapipe/tasks-vision/vision_bundle_mjs.js.map | demo/video-chat/frontend-vue/public/cdn/vendor/mediapipe/tasks-vision/vision_bundle_mjs.js.map
vision_bundle.mjs	2	demo/video-chat/frontend-vue/dist/cdn/vendor/mediapipe/tasks-vision/vision_bundle.mjs | demo/video-chat/frontend-vue/public/cdn/vendor/mediapipe/tasks-vision/vision_bundle.mjs
vision_wasm_internal.js	2	demo/video-chat/frontend-vue/dist/wasm/vision_wasm_internal.js | demo/video-chat/frontend-vue/public/wasm/vision_wasm_internal.js
vision_wasm_internal.wasm	2	demo/video-chat/frontend-vue/dist/wasm/vision_wasm_internal.wasm | demo/video-chat/frontend-vue/public/wasm/vision_wasm_internal.wasm
vision_wasm_module_internal.js	2	demo/video-chat/frontend-vue/dist/wasm/vision_wasm_module_internal.js | demo/video-chat/frontend-vue/public/wasm/vision_wasm_module_internal.js
vision_wasm_module_internal.wasm	2	demo/video-chat/frontend-vue/dist/wasm/vision_wasm_module_internal.wasm | demo/video-chat/frontend-vue/public/wasm/vision_wasm_module_internal.wasm
vision_wasm_nosimd_internal.js	2	demo/video-chat/frontend-vue/dist/wasm/vision_wasm_nosimd_internal.js | demo/video-chat/frontend-vue/public/wasm/vision_wasm_nosimd_internal.js
vision_wasm_nosimd_internal.wasm	2	demo/video-chat/frontend-vue/dist/wasm/vision_wasm_nosimd_internal.wasm | demo/video-chat/frontend-vue/public/wasm/vision_wasm_nosimd_internal.wasm
whiteboard.css	2	demo/call-app/whiteboard/public/whiteboard.css | demo/video-chat/frontend-vue/dist/call-app/whiteboard/public/whiteboard.css
whiteboard.js	2	demo/call-app/whiteboard/public/whiteboard.js | demo/video-chat/frontend-vue/dist/call-app/whiteboard/public/whiteboard.js
