path	bytes	lines	class	audit_status	flags
demo/call-app/README.md	3245	74	documentation	manual_audit_required	sfu
demo/call-app/call-diagnostics/call-app.manifest.json	2389	98	config	manual_audit_required	sfu,capabilities
demo/call-app/call-diagnostics/crdt.schema.json	1085	50	config	low_signal_inventory_only	
demo/call-app/call-diagnostics/health.descriptor.json	1079	47	config	low_signal_inventory_only	
demo/call-app/call-diagnostics/mcp.descriptor.json	1969	71	config	manual_audit_required	capabilities
demo/call-app/call-diagnostics/public/call-diagnostics.css	8403	520	other	manual_audit_required	background
demo/call-app/call-diagnostics/public/call-diagnostics.js	30367	748	other	manual_audit_required	sfu,reconnect,capabilities,fallback,keyframe_delta
demo/call-app/call-diagnostics/public/index.html	4707	94	other	manual_audit_required	sfu
demo/call-app/planning-image/call-app.manifest.json	2189	86	config	manual_audit_required	capabilities
demo/call-app/planning-image/crdt.schema.json	1185	53	config	low_signal_inventory_only	
demo/call-app/planning-image/health.descriptor.json	1073	47	config	low_signal_inventory_only	
demo/call-app/planning-image/mcp.descriptor.json	1818	62	config	manual_audit_required	capabilities
demo/call-app/planning-image/public/index.html	1690	42	other	low_signal_inventory_only	
demo/call-app/planning-image/public/planning-image.css	4185	234	other	manual_audit_required	background
demo/call-app/planning-image/public/planning-image.js	20703	577	other	manual_audit_required	capabilities,fallback,keyframe_delta
demo/call-app/presentation/call-app.manifest.json	2427	90	config	manual_audit_required	capabilities
demo/call-app/presentation/crdt.schema.json	1420	58	config	low_signal_inventory_only	
demo/call-app/presentation/health.descriptor.json	1067	47	config	low_signal_inventory_only	
demo/call-app/presentation/mcp.descriptor.json	1809	63	config	manual_audit_required	capabilities
demo/call-app/presentation/public/index.html	2122	49	other	low_signal_inventory_only	
demo/call-app/presentation/public/presentation.css	4957	288	other	manual_audit_required	background
demo/call-app/presentation/public/presentation.js	37551	696	other	manual_audit_required	capabilities,fallback,keyframe_delta
demo/call-app/spreadsheet/call-app.manifest.json	2320	91	config	manual_audit_required	capabilities
demo/call-app/spreadsheet/crdt.schema.json	1213	58	config	low_signal_inventory_only	
demo/call-app/spreadsheet/health.descriptor.json	1064	47	config	low_signal_inventory_only	
demo/call-app/spreadsheet/mcp.descriptor.json	2214	77	config	manual_audit_required	capabilities
demo/call-app/spreadsheet/public/index.html	2449	59	other	low_signal_inventory_only	
demo/call-app/spreadsheet/public/spreadsheet.css	4028	279	other	manual_audit_required	background
demo/call-app/spreadsheet/public/spreadsheet.js	29859	795	other	manual_audit_required	background,capabilities
demo/call-app/text-document/call-app.manifest.json	2325	92	config	manual_audit_required	capabilities
demo/call-app/text-document/crdt.schema.json	1286	60	config	low_signal_inventory_only	
demo/call-app/text-document/health.descriptor.json	1070	47	config	low_signal_inventory_only	
demo/call-app/text-document/mcp.descriptor.json	1767	62	config	manual_audit_required	capabilities
demo/call-app/text-document/public/index.html	2301	53	other	low_signal_inventory_only	
demo/call-app/text-document/public/text-document.css	4359	271	other	manual_audit_required	background
demo/call-app/text-document/public/text-document.js	27469	675	other	manual_audit_required	background,capabilities
demo/call-app/whiteboard/call-app.manifest.json	2259	90	config	manual_audit_required	capabilities
demo/call-app/whiteboard/crdt.schema.json	1252	60	config	low_signal_inventory_only	
demo/call-app/whiteboard/health.descriptor.json	1061	47	config	low_signal_inventory_only	
demo/call-app/whiteboard/mcp.descriptor.json	1711	62	config	manual_audit_required	capabilities
demo/call-app/whiteboard/public/index.html	3200	65	other	low_signal_inventory_only	
demo/call-app/whiteboard/public/whiteboard.css	3654	204	other	manual_audit_required	background
demo/call-app/whiteboard/public/whiteboard.js	31500	805	other	manual_audit_required	capabilities,fallback
demo/model-inference/backend-king-php/Dockerfile	1696	45	source	low_signal_inventory_only	
demo/model-inference/backend-king-php/domain/auth/auth_middleware.php	2133	56	source	low_signal_inventory_only	
demo/model-inference/backend-king-php/domain/auth/auth_store.php	14728	409	source	low_signal_inventory_only	
demo/model-inference/backend-king-php/domain/conversation/conversation_store.php	13900	335	source	low_signal_inventory_only	
demo/model-inference/backend-king-php/domain/discovery/dns_semantic_query.php	3305	99	source	low_signal_inventory_only	
demo/model-inference/backend-king-php/domain/discovery/graph_expand.php	3063	99	source	low_signal_inventory_only	
demo/model-inference/backend-king-php/domain/discovery/graph_store.php	7981	219	source	low_signal_inventory_only	
demo/model-inference/backend-king-php/domain/discovery/hybrid_discover.php	8247	271	source	manual_audit_required	capabilities
demo/model-inference/backend-king-php/domain/discovery/mcp_pick.php	2440	72	source	manual_audit_required	orchestrator
demo/model-inference/backend-king-php/domain/discovery/semantic_discover.php	2393	77	source	low_signal_inventory_only	
demo/model-inference/backend-king-php/domain/discovery/service_descriptor.php	6870	216	source	manual_audit_required	capabilities
demo/model-inference/backend-king-php/domain/discovery/service_embedding_store.php	8209	227	source	low_signal_inventory_only	
demo/model-inference/backend-king-php/domain/discovery/service_embedding_upsert.php	3103	77	source	low_signal_inventory_only	
demo/model-inference/backend-king-php/domain/discovery/tool_descriptor.php	8944	235	source	manual_audit_required	capabilities
demo/model-inference/backend-king-php/domain/discovery/tool_descriptor_store.php	8296	235	source	low_signal_inventory_only	
demo/model-inference/backend-king-php/domain/discovery/tool_discover.php	5892	171	source	low_signal_inventory_only	
demo/model-inference/backend-king-php/domain/embedding/embedding_request.php	7531	212	source	low_signal_inventory_only	
demo/model-inference/backend-king-php/domain/embedding/embedding_session.php	9476	256	source	low_signal_inventory_only	
demo/model-inference/backend-king-php/domain/inference/chat_messages.php	2417	53	source	low_signal_inventory_only	
demo/model-inference/backend-king-php/domain/inference/inference_request.php	17644	473	source	low_signal_inventory_only	
demo/model-inference/backend-king-php/domain/inference/inference_session.php	13545	332	source	low_signal_inventory_only	
demo/model-inference/backend-king-php/domain/inference/inference_stream.php	8943	242	source	manual_audit_required	keyframe_delta
demo/model-inference/backend-king-php/domain/inference/transcript_store.php	4250	127	source	low_signal_inventory_only	
demo/model-inference/backend-king-php/domain/profile/hardware_profile.php	13294	371	source	manual_audit_required	capabilities
demo/model-inference/backend-king-php/domain/registry/model_fit_selector.php	7090	162	source	manual_audit_required	capabilities,fallback
demo/model-inference/backend-king-php/domain/registry/model_registry.php	12823	325	source	low_signal_inventory_only	
demo/model-inference/backend-king-php/domain/retrieval/cosine_similarity.php	1841	67	source	low_signal_inventory_only	
demo/model-inference/backend-king-php/domain/retrieval/document_store.php	3530	111	source	low_signal_inventory_only	
demo/model-inference/backend-king-php/domain/retrieval/rag_orchestrator.php	8594	259	source	manual_audit_required	orchestrator
demo/model-inference/backend-king-php/domain/retrieval/retrieval_pipeline.php	1735	59	source	low_signal_inventory_only	
demo/model-inference/backend-king-php/domain/retrieval/text_chunker.php	5601	173	source	low_signal_inventory_only	
demo/model-inference/backend-king-php/domain/retrieval/vector_store.php	5535	162	source	low_signal_inventory_only	
demo/model-inference/backend-king-php/domain/routing/inference_routing.php	7040	207	source	low_signal_inventory_only	
demo/model-inference/backend-king-php/domain/telemetry/discovery_metrics.php	1924	61	source	low_signal_inventory_only	
demo/model-inference/backend-king-php/domain/telemetry/inference_metrics.php	7124	174	source	low_signal_inventory_only	
demo/model-inference/backend-king-php/domain/telemetry/rag_metrics.php	2018	63	source	low_signal_inventory_only	
demo/model-inference/backend-king-php/fixtures/demo-users.json	2403	36	config	low_signal_inventory_only	
demo/model-inference/backend-king-php/http/module_auth.php	8944	252	source	manual_audit_required	fallback
demo/model-inference/backend-king-php/http/module_conversations.php	6211	165	source	low_signal_inventory_only	
demo/model-inference/backend-king-php/http/module_discover.php	30048	737	source	low_signal_inventory_only	
demo/model-inference/backend-king-php/http/module_embed.php	3760	108	source	low_signal_inventory_only	
demo/model-inference/backend-king-php/http/module_inference.php	7989	218	source	low_signal_inventory_only	
demo/model-inference/backend-king-php/http/module_ingest.php	5101	163	source	low_signal_inventory_only	
demo/model-inference/backend-king-php/http/module_profile.php	944	34	source	low_signal_inventory_only	
demo/model-inference/backend-king-php/http/module_realtime.php	10651	277	source	manual_audit_required	keyframe_delta
demo/model-inference/backend-king-php/http/module_registry.php	7460	192	source	low_signal_inventory_only	
demo/model-inference/backend-king-php/http/module_retrieve.php	11594	322	source	manual_audit_required	orchestrator
demo/model-inference/backend-king-php/http/module_routing.php	2049	70	source	low_signal_inventory_only	
demo/model-inference/backend-king-php/http/module_runtime.php	1945	59	source	low_signal_inventory_only	
demo/model-inference/backend-king-php/http/module_telemetry.php	2869	88	source	low_signal_inventory_only	
demo/model-inference/backend-king-php/http/module_ui.php	2733	74	source	low_signal_inventory_only	
demo/model-inference/backend-king-php/http/router.php	8271	296	source	low_signal_inventory_only	
demo/model-inference/backend-king-php/public/chat.html	46004	1298	source	manual_audit_required	background,keyframe_delta
demo/model-inference/backend-king-php/public/login.html	15886	509	source	manual_audit_required	background,security
demo/model-inference/backend-king-php/run-dev.sh	3165	93	script	low_signal_inventory_only	
demo/model-inference/backend-king-php/scripts/demo-walkthrough.sh	6727	152	script	low_signal_inventory_only	
demo/model-inference/backend-king-php/scripts/install-embedding-model.sh	3903	95	script	low_signal_inventory_only	
demo/model-inference/backend-king-php/scripts/install-llama-runtime.sh	4618	113	script	manual_audit_required	fallback
demo/model-inference/backend-king-php/scripts/run-proxy.sh	4696	124	script	low_signal_inventory_only	
demo/model-inference/backend-king-php/scripts/seed-model.php	4807	133	script	low_signal_inventory_only	
demo/model-inference/backend-king-php/scripts/seed-users.sh	1268	30	script	manual_audit_required	repair
demo/model-inference/backend-king-php/server.php	19550	523	source	manual_audit_required	capabilities
demo/model-inference/backend-king-php/support/database.php	2701	84	source	low_signal_inventory_only	
demo/model-inference/backend-king-php/support/llama_cpp_worker.php	13162	384	source	low_signal_inventory_only	
demo/model-inference/backend-king-php/support/object_store.php	2785	69	source	low_signal_inventory_only	
demo/model-inference/backend-king-php/support/semantic_dns.php	4516	138	source	manual_audit_required	capabilities
demo/model-inference/backend-king-php/support/token_frame.php	10841	278	source	manual_audit_required	keyframe_delta
demo/model-inference/backend-king-php/tests/auth-endpoint-contract.php	11386	202	test	manual_audit_required	
demo/model-inference/backend-king-php/tests/auth-endpoint-contract.sh	179	5	test	manual_audit_required	
demo/model-inference/backend-king-php/tests/auth-middleware-contract.php	6421	123	test	manual_audit_required	
demo/model-inference/backend-king-php/tests/auth-middleware-contract.sh	181	5	test	manual_audit_required	
demo/model-inference/backend-king-php/tests/auth-seed-contract.php	7174	126	test	manual_audit_required	
demo/model-inference/backend-king-php/tests/auth-seed-contract.sh	175	5	test	manual_audit_required	
demo/model-inference/backend-king-php/tests/auth-store-contract.php	12207	239	test	manual_audit_required	
demo/model-inference/backend-king-php/tests/auth-store-contract.sh	178	7	test	manual_audit_required	
demo/model-inference/backend-king-php/tests/chat-memory-contract.php	9309	195	test	manual_audit_required	
demo/model-inference/backend-king-php/tests/chat-memory-contract.sh	179	7	test	manual_audit_required	
demo/model-inference/backend-king-php/tests/chunk-persistence-contract.php	6155	127	test	manual_audit_required	fallback
demo/model-inference/backend-king-php/tests/chunk-persistence-contract.sh	185	7	test	manual_audit_required	
demo/model-inference/backend-king-php/tests/contract-catalog-parity-contract.php	21860	373	test	manual_audit_required	keyframe_delta
demo/model-inference/backend-king-php/tests/contract-catalog-parity-contract.sh	191	7	test	manual_audit_required	
demo/model-inference/backend-king-php/tests/conversation-ownership-contract.php	11096	217	test	manual_audit_required	
demo/model-inference/backend-king-php/tests/conversation-ownership-contract.sh	188	5	test	manual_audit_required	
demo/model-inference/backend-king-php/tests/conversation-store-contract.php	11217	226	test	manual_audit_required	
demo/model-inference/backend-king-php/tests/conversation-store-contract.sh	186	7	test	manual_audit_required	
demo/model-inference/backend-king-php/tests/conversations-endpoint-contract.php	8425	142	test	manual_audit_required	
demo/model-inference/backend-king-php/tests/conversations-endpoint-contract.sh	190	7	test	manual_audit_required	
demo/model-inference/backend-king-php/tests/cosine-similarity-contract.php	4743	110	test	manual_audit_required	
demo/model-inference/backend-king-php/tests/cosine-similarity-contract.sh	185	7	test	manual_audit_required	
demo/model-inference/backend-king-php/tests/discover-envelope-contract.php	10329	234	test	manual_audit_required	
demo/model-inference/backend-king-php/tests/discover-envelope-contract.sh	185	7	test	manual_audit_required	
demo/model-inference/backend-king-php/tests/discovery-telemetry-contract.php	6304	157	test	manual_audit_required	
demo/model-inference/backend-king-php/tests/discovery-telemetry-contract.sh	187	7	test	manual_audit_required	
demo/model-inference/backend-king-php/tests/dns-semantic-query-contract.php	5077	119	test	manual_audit_required	
demo/model-inference/backend-king-php/tests/dns-semantic-query-contract.sh	186	7	test	manual_audit_required	
demo/model-inference/backend-king-php/tests/document-ingest-contract.php	6892	143	test	manual_audit_required	
demo/model-inference/backend-king-php/tests/document-ingest-contract.sh	183	7	test	manual_audit_required	
demo/model-inference/backend-king-php/tests/embedding-generation-contract.php	7534	200	test	manual_audit_required	
demo/model-inference/backend-king-php/tests/embedding-generation-contract.sh	188	7	test	manual_audit_required	
demo/model-inference/backend-king-php/tests/embedding-model-registry-contract.php	5830	160	test	manual_audit_required	
demo/model-inference/backend-king-php/tests/embedding-model-registry-contract.sh	192	7	test	manual_audit_required	
demo/model-inference/backend-king-php/tests/embedding-request-envelope-contract.php	6954	151	test	manual_audit_required	
demo/model-inference/backend-king-php/tests/embedding-request-envelope-contract.sh	194	7	test	manual_audit_required	
demo/model-inference/backend-king-php/tests/embedding-worker-contract.php	4736	132	test	manual_audit_required	
demo/model-inference/backend-king-php/tests/embedding-worker-contract.sh	184	7	test	manual_audit_required	
demo/model-inference/backend-king-php/tests/graph-expand-contract.php	7366	136	test	manual_audit_required	
demo/model-inference/backend-king-php/tests/graph-expand-contract.sh	180	7	test	manual_audit_required	
demo/model-inference/backend-king-php/tests/graph-store-contract.php	7851	168	test	manual_audit_required	
demo/model-inference/backend-king-php/tests/graph-store-contract.sh	179	7	test	manual_audit_required	
demo/model-inference/backend-king-php/tests/hybrid-discover-contract.php	10563	210	test	manual_audit_required	capabilities
demo/model-inference/backend-king-php/tests/hybrid-discover-contract.sh	183	7	test	manual_audit_required	
demo/model-inference/backend-king-php/tests/infer-http-nonstreaming-contract.php	13754	266	test	manual_audit_required	
demo/model-inference/backend-king-php/tests/infer-http-nonstreaming-contract.sh	1727	40	test	manual_audit_required	
demo/model-inference/backend-king-php/tests/infer-ws-streaming-contract.php	8931	176	test	manual_audit_required	keyframe_delta
demo/model-inference/backend-king-php/tests/infer-ws-streaming-contract.sh	1484	40	test	manual_audit_required	
demo/model-inference/backend-king-php/tests/inference-request-envelope-contract.php	15595	347	test	manual_audit_required	
demo/model-inference/backend-king-php/tests/inference-request-envelope-contract.sh	194	7	test	manual_audit_required	
demo/model-inference/backend-king-php/tests/inference-routing-contract.php	9131	236	test	manual_audit_required	fallback
demo/model-inference/backend-king-php/tests/inference-routing-contract.sh	185	7	test	manual_audit_required	
demo/model-inference/backend-king-php/tests/inference-telemetry-contract.php	15330	268	test	manual_audit_required	
demo/model-inference/backend-king-php/tests/inference-telemetry-contract.sh	1489	40	test	manual_audit_required	
demo/model-inference/backend-king-php/tests/llama-cpp-worker-contract.php	7971	140	test	manual_audit_required	
demo/model-inference/backend-king-php/tests/llama-cpp-worker-contract.sh	1339	32	test	manual_audit_required	
demo/model-inference/backend-king-php/tests/mcp-pick-contract.php	4775	103	test	manual_audit_required	capabilities
demo/model-inference/backend-king-php/tests/mcp-pick-contract.sh	176	7	test	manual_audit_required	
demo/model-inference/backend-king-php/tests/model-fit-selector-contract.php	14898	236	test	manual_audit_required	capabilities,fallback
demo/model-inference/backend-king-php/tests/model-fit-selector-contract.sh	186	7	test	manual_audit_required	
demo/model-inference/backend-king-php/tests/model-registry-contract.php	12602	206	test	manual_audit_required	
demo/model-inference/backend-king-php/tests/model-registry-contract.sh	1102	28	test	manual_audit_required	
demo/model-inference/backend-king-php/tests/node-profile-contract.php	12095	281	test	manual_audit_required	capabilities
demo/model-inference/backend-king-php/tests/node-profile-contract.sh	180	7	test	manual_audit_required	
demo/model-inference/backend-king-php/tests/rag-orchestrator-contract.php	9061	146	test	manual_audit_required	orchestrator
demo/model-inference/backend-king-php/tests/rag-orchestrator-contract.sh	184	7	test	manual_audit_required	orchestrator
demo/model-inference/backend-king-php/tests/rag-telemetry-contract.php	3970	98	test	manual_audit_required	
demo/model-inference/backend-king-php/tests/rag-telemetry-contract.sh	181	7	test	manual_audit_required	
demo/model-inference/backend-king-php/tests/realtime-auth-contract.php	8902	172	test	manual_audit_required	
demo/model-inference/backend-king-php/tests/realtime-auth-contract.sh	179	5	test	manual_audit_required	
demo/model-inference/backend-king-php/tests/retrieval-pipeline-contract.php	7943	136	test	manual_audit_required	
demo/model-inference/backend-king-php/tests/retrieval-pipeline-contract.sh	186	7	test	manual_audit_required	
demo/model-inference/backend-king-php/tests/router-module-order-contract.php	9151	237	test	manual_audit_required	
demo/model-inference/backend-king-php/tests/router-module-order-contract.sh	187	7	test	manual_audit_required	
demo/model-inference/backend-king-php/tests/runtime-bootstrap-contract.php	10063	190	test	manual_audit_required	
demo/model-inference/backend-king-php/tests/runtime-bootstrap-contract.sh	185	7	test	manual_audit_required	
demo/model-inference/backend-king-php/tests/semantic-discover-contract.php	8627	172	test	manual_audit_required	
demo/model-inference/backend-king-php/tests/semantic-discover-contract.sh	185	7	test	manual_audit_required	
demo/model-inference/backend-king-php/tests/semantic-dns-contract.php	3799	116	test	manual_audit_required	capabilities,fallback
demo/model-inference/backend-king-php/tests/semantic-dns-contract.sh	180	7	test	manual_audit_required	
demo/model-inference/backend-king-php/tests/semantic-dns-embedding-contract.php	2753	87	test	manual_audit_required	capabilities,fallback
demo/model-inference/backend-king-php/tests/semantic-dns-embedding-contract.sh	190	7	test	manual_audit_required	
demo/model-inference/backend-king-php/tests/service-descriptor-contract.php	9621	211	test	manual_audit_required	capabilities
demo/model-inference/backend-king-php/tests/service-descriptor-contract.sh	186	7	test	manual_audit_required	
demo/model-inference/backend-king-php/tests/service-embedding-store-contract.php	9689	205	test	manual_audit_required	capabilities
demo/model-inference/backend-king-php/tests/service-embedding-store-contract.sh	191	7	test	manual_audit_required	
demo/model-inference/backend-king-php/tests/service-embedding-upsert-contract.php	9307	215	test	manual_audit_required	capabilities
demo/model-inference/backend-king-php/tests/service-embedding-upsert-contract.sh	192	7	test	manual_audit_required	
demo/model-inference/backend-king-php/tests/text-chunker-contract.php	7184	151	test	manual_audit_required	
demo/model-inference/backend-king-php/tests/text-chunker-contract.sh	180	7	test	manual_audit_required	
demo/model-inference/backend-king-php/tests/token-frame-wire-contract.php	11702	237	test	manual_audit_required	regression,keyframe_delta
demo/model-inference/backend-king-php/tests/token-frame-wire-contract.sh	184	7	test	manual_audit_required	
demo/model-inference/backend-king-php/tests/tool-descriptor-contract.php	10333	227	test	manual_audit_required	capabilities
demo/model-inference/backend-king-php/tests/tool-descriptor-contract.sh	183	7	test	manual_audit_required	
demo/model-inference/backend-king-php/tests/tool-discover-contract.php	6230	133	test	manual_audit_required	capabilities
demo/model-inference/backend-king-php/tests/tool-discover-contract.sh	181	7	test	manual_audit_required	
demo/model-inference/backend-king-php/tests/transcript-persistence-contract.php	10205	269	test	manual_audit_required	fallback
demo/model-inference/backend-king-php/tests/transcript-persistence-contract.sh	190	7	test	manual_audit_required	
demo/model-inference/backend-king-php/tests/ui-chat-contract.php	6751	143	test	manual_audit_required	keyframe_delta
demo/model-inference/backend-king-php/tests/ui-chat-contract.sh	175	7	test	manual_audit_required	
demo/model-inference/backend-king-php/tests/vector-store-contract.php	4239	108	test	manual_audit_required	
demo/model-inference/backend-king-php/tests/vector-store-contract.sh	180	7	test	manual_audit_required	
demo/model-inference/contracts/v1/api-ws-contract.catalog.json	21761	614	contract	manual_audit_required	capabilities,keyframe_delta
demo/model-inference/contracts/v1/auth-request.contract.json	3377	65	contract	manual_audit_required	
demo/model-inference/contracts/v1/chunk-envelope.contract.json	1960	57	contract	manual_audit_required	
demo/model-inference/contracts/v1/conversation-message.contract.json	2963	44	contract	manual_audit_required	keyframe_delta
demo/model-inference/contracts/v1/embedding-request.contract.json	3265	66	contract	manual_audit_required	
demo/model-inference/contracts/v1/inference-request.contract.json	5837	86	contract	manual_audit_required	
demo/model-inference/contracts/v1/model-registry-entry.contract.json	4371	69	contract	manual_audit_required	
demo/model-inference/contracts/v1/node-profile.contract.json	2811	50	contract	manual_audit_required	capabilities
demo/model-inference/contracts/v1/retrieval-request.contract.json	2552	70	contract	manual_audit_required	
demo/model-inference/contracts/v1/service-descriptor.contract.json	2591	59	contract	manual_audit_required	capabilities
demo/model-inference/contracts/v1/service-graph.contract.json	3144	41	contract	manual_audit_required	
demo/model-inference/contracts/v1/token-frame.contract.json	6137	101	contract	manual_audit_required	repair,keyframe_delta
demo/model-inference/contracts/v1/tool-descriptor.contract.json	2689	67	contract	manual_audit_required	capabilities
demo/model-inference/contracts/v1/user-session.contract.json	1763	26	contract	manual_audit_required	
demo/model-inference/docker-compose.v1.yml	2328	66	config	low_signal_inventory_only	
demo/model-inference/scripts/auth-smoke.sh	6510	150	script	manual_audit_required	regression
demo/model-inference/scripts/discovery-smoke.sh	12151	308	script	manual_audit_required	regression
demo/model-inference/scripts/failover-smoke.sh	9733	243	script	low_signal_inventory_only	
demo/model-inference/scripts/rag-smoke.sh	13927	359	script	manual_audit_required	regression,capabilities,orchestrator
demo/model-inference/scripts/smoke.sh	12233	302	script	low_signal_inventory_only	
demo/userland/flow-php/src/CheckpointStore.php	13798	469	source	low_signal_inventory_only	
demo/userland/flow-php/src/ControlPlane.php	32643	978	source	manual_audit_required	capabilities,repair
demo/userland/flow-php/src/ExecutionBackend.php	15315	525	source	manual_audit_required	capabilities,orchestrator
demo/userland/flow-php/src/FailureTaxonomy.php	20720	671	source	manual_audit_required	security,reconnect,backpressure,orchestrator,repair
demo/userland/flow-php/src/McpHost.php	17521	628	source	low_signal_inventory_only	
demo/userland/flow-php/src/McpServiceDiscovery.php	11873	376	source	manual_audit_required	fallback
demo/userland/flow-php/src/ObjectStoreDataset.php	15809	554	source	low_signal_inventory_only	
demo/userland/flow-php/src/ObjectStoreIngest.php	10392	341	source	manual_audit_required	fallback
demo/userland/flow-php/src/Partitioning.php	25204	877	source	manual_audit_required	backpressure,capabilities
demo/userland/flow-php/src/RagOrchestrationReference.php	10906	362	source	manual_audit_required	capabilities
demo/userland/flow-php/src/SerializationBridge.php	26670	957	source	manual_audit_required	
demo/userland/flow-php/src/SqlVectorBridge.php	10057	354	source	low_signal_inventory_only	
demo/userland/flow-php/src/StreamingSink.php	35181	1251	source	manual_audit_required	security,reconnect
demo/userland/flow-php/src/StreamingSource.php	24594	850	source	manual_audit_required	
demo/video-chat/.env	719	22	config	manual_audit_required	sfu,gossip
demo/video-chat/.env.local	1649	28	other	manual_audit_required	sfu
demo/video-chat/backend-king-php/.local/email-outbox.log	71177	1430	generated:local-runtime	generated_or_vendor_ignore_for_dead_code	
demo/video-chat/backend-king-php/Dockerfile	2138	65	other	manual_audit_required	sfu
demo/video-chat/backend-king-php/domain/audit/audit_events.php	30456	734	source	low_signal_inventory_only	
demo/video-chat/backend-king-php/domain/audit/iam_audit_events.php	9427	227	source	low_signal_inventory_only	
demo/video-chat/backend-king-php/domain/call_apps/call_app_availability.php	9050	264	source	manual_audit_required	fallback
demo/video-chat/backend-king-php/domain/call_apps/call_app_call_subjects.php	4340	137	source	low_signal_inventory_only	
demo/video-chat/backend-king-php/domain/call_apps/call_app_crdt.php	19826	461	source	manual_audit_required	fallback
demo/video-chat/backend-king-php/domain/call_apps/call_app_diagnostics.php	18891	396	source	manual_audit_required	fallback
demo/video-chat/backend-king-php/domain/call_apps/call_app_launch_token_retirement.php	1419	40	source	low_signal_inventory_only	
demo/video-chat/backend-king-php/domain/call_apps/call_app_launch_tokens.php	21766	533	source	manual_audit_required	capabilities
demo/video-chat/backend-king-php/domain/call_apps/call_app_marketplace_entitlements.php	32567	797	source	manual_audit_required	capabilities,fallback
demo/video-chat/backend-king-php/domain/call_apps/call_app_mcp_metadata.php	19450	467	source	manual_audit_required	capabilities
demo/video-chat/backend-king-php/domain/call_apps/call_app_semantic_dns.php	27538	748	source	manual_audit_required	capabilities
demo/video-chat/backend-king-php/domain/call_apps/call_app_session_lifecycle.php	3403	91	source	low_signal_inventory_only	
demo/video-chat/backend-king-php/domain/call_apps/call_app_sessions.php	35214	844	source	manual_audit_required	reconnect,capabilities
demo/video-chat/backend-king-php/domain/calls/appointment_calendar.php	20999	552	source	low_signal_inventory_only	
demo/video-chat/backend-king-php/domain/calls/appointment_calendar_booking.php	16836	381	source	low_signal_inventory_only	
demo/video-chat/backend-king-php/domain/calls/appointment_calendar_mail.php	11799	285	source	low_signal_inventory_only	
demo/video-chat/backend-king-php/domain/calls/appointment_calendar_settings.php	17837	435	source	low_signal_inventory_only	
demo/video-chat/backend-king-php/domain/calls/call_access.php	460	12	source	low_signal_inventory_only	
demo/video-chat/backend-king-php/domain/calls/call_access_account_confirmation.php	40551	1031	source	manual_audit_required	fallback
demo/video-chat/backend-king-php/domain/calls/call_access_calendar_guards.php	1073	39	source	low_signal_inventory_only	
demo/video-chat/backend-king-php/domain/calls/call_access_contract.php	27258	835	source	manual_audit_required	security
demo/video-chat/backend-king-php/domain/calls/call_access_decision.php	8794	279	source	low_signal_inventory_only	
demo/video-chat/backend-king-php/domain/calls/call_access_links.php	18217	574	source	low_signal_inventory_only	
demo/video-chat/backend-king-php/domain/calls/call_access_public.php	6893	204	source	low_signal_inventory_only	
demo/video-chat/backend-king-php/domain/calls/call_access_review.php	20537	554	source	low_signal_inventory_only	
demo/video-chat/backend-king-php/domain/calls/call_access_session.php	26215	701	source	low_signal_inventory_only	
demo/video-chat/backend-king-php/domain/calls/call_directory.php	10092	314	source	low_signal_inventory_only	
demo/video-chat/backend-king-php/domain/calls/call_guest_lifecycle.php	7050	224	source	low_signal_inventory_only	
demo/video-chat/backend-king-php/domain/calls/call_guest_list_audit.php	7234	198	source	low_signal_inventory_only	
demo/video-chat/backend-king-php/domain/calls/call_lifecycle.php	10974	324	source	low_signal_inventory_only	
demo/video-chat/backend-king-php/domain/calls/call_management.php	470	12	source	low_signal_inventory_only	
demo/video-chat/backend-king-php/domain/calls/call_management_cancel.php	19185	605	source	low_signal_inventory_only	
demo/video-chat/backend-king-php/domain/calls/call_management_contract.php	14085	452	source	manual_audit_required	fallback
demo/video-chat/backend-king-php/domain/calls/call_management_create.php	12236	321	source	low_signal_inventory_only	
demo/video-chat/backend-king-php/domain/calls/call_management_guest_list.php	4298	154	source	manual_audit_required	fallback
demo/video-chat/backend-king-php/domain/calls/call_management_owner_transfer.php	15833	479	source	low_signal_inventory_only	
demo/video-chat/backend-king-php/domain/calls/call_management_query.php	24574	726	source	manual_audit_required	fallback
demo/video-chat/backend-king-php/domain/calls/call_management_update.php	28719	678	source	low_signal_inventory_only	
demo/video-chat/backend-king-php/domain/calls/invite_code_contract.php	7873	287	source	low_signal_inventory_only	
demo/video-chat/backend-king-php/domain/calls/invite_codes.php	22748	708	source	low_signal_inventory_only	
demo/video-chat/backend-king-php/domain/infrastructure/infrastructure_inventory.php	24773	650	source	manual_audit_required	sfu,capabilities,orchestrator,fallback,keyframe_delta
demo/video-chat/backend-king-php/domain/localization/email_templates.php	3313	88	source	manual_audit_required	fallback
demo/video-chat/backend-king-php/domain/localization/translation_imports.php	22803	608	source	manual_audit_required	fallback
demo/video-chat/backend-king-php/domain/marketplace/call_app_marketplace.php	17313	488	source	manual_audit_required	fallback
demo/video-chat/backend-king-php/domain/operations/video_operations.php	17688	489	source	manual_audit_required	sfu,gossip
demo/video-chat/backend-king-php/domain/realtime/chat_archive.php	24311	721	source	low_signal_inventory_only	
demo/video-chat/backend-king-php/domain/realtime/chat_attachment_contract.php	13778	393	source	manual_audit_required	security,fallback
demo/video-chat/backend-king-php/domain/realtime/chat_attachment_storage.php	9313	280	source	low_signal_inventory_only	
demo/video-chat/backend-king-php/domain/realtime/chat_attachments.php	12205	368	source	low_signal_inventory_only	
demo/video-chat/backend-king-php/domain/realtime/client_diagnostics.php	9391	296	source	manual_audit_required	fallback
demo/video-chat/backend-king-php/domain/realtime/gateway_backend_mapping.php	15448	412	source	low_signal_inventory_only	
demo/video-chat/backend-king-php/domain/realtime/gateway_jwt.php	8015	252	source	low_signal_inventory_only	
demo/video-chat/backend-king-php/domain/realtime/operator_feedback.php	28404	662	source	manual_audit_required	fallback
demo/video-chat/backend-king-php/domain/realtime/realtime_activity_layout.php	30317	733	source	manual_audit_required	fallback
demo/video-chat/backend-king-php/domain/realtime/realtime_admin_sync.php	3581	142	source	low_signal_inventory_only	
demo/video-chat/backend-king-php/domain/realtime/realtime_asset_version.php	2522	92	source	manual_audit_required	reconnect
demo/video-chat/backend-king-php/domain/realtime/realtime_call_context.php	28005	854	source	manual_audit_required	reconnect,fallback
demo/video-chat/backend-king-php/domain/realtime/realtime_call_presence_db.php	7479	227	source	manual_audit_required	capabilities
demo/video-chat/backend-king-php/domain/realtime/realtime_call_role_context.php	8971	287	source	manual_audit_required	fallback
demo/video-chat/backend-king-php/domain/realtime/realtime_chat.php	19891	665	source	low_signal_inventory_only	
demo/video-chat/backend-king-php/domain/realtime/realtime_client_capabilities.php	14189	385	source	manual_audit_required	security,capabilities,fallback
demo/video-chat/backend-king-php/domain/realtime/realtime_connection_contract.php	10941	358	source	manual_audit_required	reconnect,fallback
demo/video-chat/backend-king-php/domain/realtime/realtime_gossipmesh.php	54595	1492	source	manual_audit_required	gossip,security,reconnect,repair,keyframe_delta
demo/video-chat/backend-king-php/domain/realtime/realtime_gossipmesh_recovery.php	6421	147	source	manual_audit_required	gossip,security,repair,keyframe_delta
demo/video-chat/backend-king-php/domain/realtime/realtime_gossipmesh_room_state.php	8232	236	source	manual_audit_required	gossip,capabilities,fallback,repair
demo/video-chat/backend-king-php/domain/realtime/realtime_lobby.php	21801	666	source	low_signal_inventory_only	
demo/video-chat/backend-king-php/domain/realtime/realtime_lobby_state.php	12725	399	source	low_signal_inventory_only	
demo/video-chat/backend-king-php/domain/realtime/realtime_lobby_sync.php	13677	396	source	manual_audit_required	fallback
demo/video-chat/backend-king-php/domain/realtime/realtime_media_session_plan.php	9359	231	source	manual_audit_required	capabilities
demo/video-chat/backend-king-php/domain/realtime/realtime_owner_absence.php	18903	589	source	low_signal_inventory_only	
demo/video-chat/backend-king-php/domain/realtime/realtime_presence.php	21481	617	source	manual_audit_required	gossip,capabilities,fallback
demo/video-chat/backend-king-php/domain/realtime/realtime_reaction.php	14089	431	source	low_signal_inventory_only	
demo/video-chat/backend-king-php/domain/realtime/realtime_reaction_broker.php	4650	142	source	low_signal_inventory_only	
demo/video-chat/backend-king-php/domain/realtime/realtime_reaction_contract.php	11195	429	source	low_signal_inventory_only	
demo/video-chat/backend-king-php/domain/realtime/realtime_room_snapshot.php	20190	540	source	manual_audit_required	gossip,capabilities
demo/video-chat/backend-king-php/domain/realtime/realtime_sfu_binary_payload.php	1791	55	source	low_signal_inventory_only	
demo/video-chat/backend-king-php/domain/realtime/realtime_sfu_broker_replay.php	16423	527	source	manual_audit_required	sfu,keyframe_delta
demo/video-chat/backend-king-php/domain/realtime/realtime_sfu_frame_buffer.php	14081	406	source	manual_audit_required	sfu,backpressure,keyframe_delta
demo/video-chat/backend-king-php/domain/realtime/realtime_sfu_gateway.php	43943	975	source	manual_audit_required	sfu,security,reconnect,backpressure,capabilities,fallback,repair,keyframe_delta
demo/video-chat/backend-king-php/domain/realtime/realtime_sfu_iibin.php	13412	327	source	manual_audit_required	sfu,backpressure,keyframe_delta
demo/video-chat/backend-king-php/domain/realtime/realtime_sfu_operations_mirror.php	6329	195	source	low_signal_inventory_only	
demo/video-chat/backend-king-php/domain/realtime/realtime_sfu_recovery_requests.php	7606	206	source	manual_audit_required	sfu,quality,fallback,repair,keyframe_delta
demo/video-chat/backend-king-php/domain/realtime/realtime_sfu_session_protocol.php	5609	157	source	manual_audit_required	sfu,capabilities,fallback,keyframe_delta
demo/video-chat/backend-king-php/domain/realtime/realtime_sfu_store.php	62657	1518	source	manual_audit_required	sfu,background,security,reconnect,quality,capabilities,repair,keyframe_delta
demo/video-chat/backend-king-php/domain/realtime/realtime_sfu_subscriber_budget.php	23992	595	source	manual_audit_required	sfu,background,reconnect,backpressure,quality,fallback,repair,keyframe_delta
demo/video-chat/backend-king-php/domain/realtime/realtime_signaling.php	14851	490	source	manual_audit_required	security,backpressure
demo/video-chat/backend-king-php/domain/realtime/realtime_typing.php	13373	447	source	low_signal_inventory_only	
demo/video-chat/backend-king-php/domain/realtime/turn_ice.php	4689	154	source	manual_audit_required	sfu
demo/video-chat/backend-king-php/domain/tenancy/governance_group_memberships.php	26517	727	source	low_signal_inventory_only	
demo/video-chat/backend-king-php/domain/tenancy/governance_organization_memberships.php	8735	256	source	low_signal_inventory_only	
demo/video-chat/backend-king-php/domain/tenancy/governance_permission_grants.php	32312	776	source	low_signal_inventory_only	
demo/video-chat/backend-king-php/domain/tenancy/governance_policies.php	31121	653	source	low_signal_inventory_only	
demo/video-chat/backend-king-php/domain/tenancy/governance_portability_jobs.php	14632	291	source	low_signal_inventory_only	
demo/video-chat/backend-king-php/domain/tenancy/governance_role_assignments.php	32090	685	source	low_signal_inventory_only	
demo/video-chat/backend-king-php/domain/tenancy/governance_roles.php	26327	551	source	low_signal_inventory_only	
demo/video-chat/backend-king-php/domain/tenancy/governance_summaries.php	19325	497	source	low_signal_inventory_only	
demo/video-chat/backend-king-php/domain/tenancy/governance_user_group_assignments.php	8815	237	source	low_signal_inventory_only	
demo/video-chat/backend-king-php/domain/tenancy/permission_grants.php	4634	135	source	low_signal_inventory_only	
demo/video-chat/backend-king-php/domain/tenancy/tenant_administration.php	29232	798	source	low_signal_inventory_only	
demo/video-chat/backend-king-php/domain/tenancy/tenant_portability.php	5428	127	source	low_signal_inventory_only	
demo/video-chat/backend-king-php/domain/users/avatar_upload.php	13845	476	source	low_signal_inventory_only	
demo/video-chat/backend-king-php/domain/users/onboarding_progress.php	7307	237	source	low_signal_inventory_only	
demo/video-chat/backend-king-php/domain/users/user_directory.php	11477	388	source	low_signal_inventory_only	
demo/video-chat/backend-king-php/domain/users/user_email_identity.php	7656	268	source	low_signal_inventory_only	
demo/video-chat/backend-king-php/domain/users/user_emails.php	15594	506	source	low_signal_inventory_only	
demo/video-chat/backend-king-php/domain/users/user_management.php	15367	480	source	low_signal_inventory_only	
demo/video-chat/backend-king-php/domain/users/user_management_contract.php	11050	369	source	low_signal_inventory_only	
demo/video-chat/backend-king-php/domain/users/user_settings.php	31181	822	source	manual_audit_required	
demo/video-chat/backend-king-php/domain/workspace/workspace_administration.php	35671	747	source	manual_audit_required	fallback
demo/video-chat/backend-king-php/domain/workspace/workspace_app_configuration.php	42443	962	source	manual_audit_required	background,fallback
demo/video-chat/backend-king-php/domain/workspace/workspace_calendars.php	24047	684	source	low_signal_inventory_only	
demo/video-chat/backend-king-php/http/module_appointment_calendar.php	12204	283	source	low_signal_inventory_only	
demo/video-chat/backend-king-php/http/module_auth_session.php	33494	729	source	manual_audit_required	reconnect
demo/video-chat/backend-king-php/http/module_backend_modules.php	3894	97	source	manual_audit_required	orchestrator
demo/video-chat/backend-king-php/http/module_call_apps.php	39707	799	source	manual_audit_required	reconnect,fallback
demo/video-chat/backend-king-php/http/module_calls.php	32947	775	source	low_signal_inventory_only	
demo/video-chat/backend-king-php/http/module_calls_access.php	25831	545	source	low_signal_inventory_only	
demo/video-chat/backend-king-php/http/module_calls_leave.php	2885	85	source	low_signal_inventory_only	
demo/video-chat/backend-king-php/http/module_infrastructure.php	609	24	source	low_signal_inventory_only	
demo/video-chat/backend-king-php/http/module_invites.php	10890	254	source	low_signal_inventory_only	
demo/video-chat/backend-king-php/http/module_localization.php	13912	343	source	manual_audit_required	fallback
demo/video-chat/backend-king-php/http/module_marketplace.php	21280	485	source	low_signal_inventory_only	
demo/video-chat/backend-king-php/http/module_operations.php	866	34	source	low_signal_inventory_only	
demo/video-chat/backend-king-php/http/module_operator_feedback.php	9396	242	source	manual_audit_required	fallback
demo/video-chat/backend-king-php/http/module_realtime.php	3865	121	source	manual_audit_required	sfu,gossip,reconnect
demo/video-chat/backend-king-php/http/module_realtime_attachments.php	8575	186	source	low_signal_inventory_only	
demo/video-chat/backend-king-php/http/module_realtime_chat_commands.php	6745	188	source	low_signal_inventory_only	
demo/video-chat/backend-king-php/http/module_realtime_gossip_media_relay.php	14737	412	source	manual_audit_required	sfu,gossip,security
demo/video-chat/backend-king-php/http/module_realtime_gossipmesh_recovery.php	9082	189	source	manual_audit_required	gossip,backpressure,repair,keyframe_delta
demo/video-chat/backend-king-php/http/module_realtime_lobby_security.php	5715	183	source	low_signal_inventory_only	
demo/video-chat/backend-king-php/http/module_realtime_media_fanout_guard.php	4332	136	source	manual_audit_required	sfu,gossip,security,fallback
demo/video-chat/backend-king-php/http/module_realtime_media_session_commands.php	3597	89	source	manual_audit_required	capabilities
demo/video-chat/backend-king-php/http/module_realtime_websocket.php	39434	835	source	manual_audit_required	gossip,security,backpressure
demo/video-chat/backend-king-php/http/module_realtime_websocket_admin_sync.php	1289	36	source	low_signal_inventory_only	
demo/video-chat/backend-king-php/http/module_realtime_websocket_brokers.php	4723	109	source	manual_audit_required	fallback
demo/video-chat/backend-king-php/http/module_realtime_websocket_commands.php	30550	782	source	manual_audit_required	gossip,capabilities,fallback,repair
demo/video-chat/backend-king-php/http/module_realtime_websocket_lobby.php	11440	301	source	low_signal_inventory_only	
demo/video-chat/backend-king-php/http/module_realtime_websocket_reconnect.php	5675	178	source	manual_audit_required	reconnect
demo/video-chat/backend-king-php/http/module_runtime.php	4393	104	source	low_signal_inventory_only	
demo/video-chat/backend-king-php/http/module_tenancy.php	31616	710	source	low_signal_inventory_only	
demo/video-chat/backend-king-php/http/module_user_onboarding.php	3057	88	source	low_signal_inventory_only	
demo/video-chat/backend-king-php/http/module_users.php	40496	1009	source	manual_audit_required	
demo/video-chat/backend-king-php/http/module_users_admin_accounts.php	31407	624	source	low_signal_inventory_only	
demo/video-chat/backend-king-php/http/module_workspace_administration.php	32100	676	source	manual_audit_required	background
demo/video-chat/backend-king-php/http/module_workspace_calendars.php	7897	202	source	manual_audit_required	fallback
demo/video-chat/backend-king-php/http/router.php	13904	401	source	manual_audit_required	background,reconnect
demo/video-chat/backend-king-php/modules/backend_modules/manifest.json	1163	52	config	low_signal_inventory_only	
demo/video-chat/backend-king-php/public/index.php	384	12	other	low_signal_inventory_only	
demo/video-chat/backend-king-php/run-dev.sh	7183	200	script	low_signal_inventory_only	
demo/video-chat/backend-king-php/server.php	19180	491	other	manual_audit_required	sfu,fallback
demo/video-chat/backend-king-php/support/auth.php	27159	786	source	manual_audit_required	reconnect
demo/video-chat/backend-king-php/support/auth_rbac.php	8289	283	source	low_signal_inventory_only	
demo/video-chat/backend-king-php/support/auth_request.php	3806	147	source	low_signal_inventory_only	
demo/video-chat/backend-king-php/support/auth_session_cache.php	8060	211	source	low_signal_inventory_only	
demo/video-chat/backend-king-php/support/backend_modules.php	10932	309	source	manual_audit_required	orchestrator
demo/video-chat/backend-king-php/support/call_app_marketplace_migrations.php	3876	78	source	manual_audit_required	capabilities
demo/video-chat/backend-king-php/support/call_app_session_migrations.php	8306	162	source	low_signal_inventory_only	
demo/video-chat/backend-king-php/support/call_layout_migrations.php	2095	58	source	low_signal_inventory_only	
demo/video-chat/backend-king-php/support/config_hardening.php	5841	177	source	manual_audit_required	fallback
demo/video-chat/backend-king-php/support/database.php	14155	394	source	manual_audit_required	repair
demo/video-chat/backend-king-php/support/database_core.php	1732	54	source	low_signal_inventory_only	
demo/video-chat/backend-king-php/support/database_demo_seed.php	21473	594	source	low_signal_inventory_only	
demo/video-chat/backend-king-php/support/database_migrations.php	37048	792	source	low_signal_inventory_only	
demo/video-chat/backend-king-php/support/error_envelope.php	2855	98	source	manual_audit_required	fallback
demo/video-chat/backend-king-php/support/localization.php	14805	369	source	low_signal_inventory_only	
demo/video-chat/backend-king-php/support/operator_feedback_migrations.php	2431	46	source	low_signal_inventory_only	
demo/video-chat/backend-king-php/support/tenant_context.php	10600	310	source	low_signal_inventory_only	
demo/video-chat/backend-king-php/support/tenant_migrations.php	32889	678	source	manual_audit_required	background
demo/video-chat/backend-king-php/support/user_profile_migrations.php	3383	69	source	low_signal_inventory_only	
demo/video-chat/backend-king-php/support/wlvc_frame.php	10177	273	source	manual_audit_required	keyframe_delta
demo/video-chat/backend-king-php/support/workspace_app_configuration_migrations.php	2143	47	source	manual_audit_required	background
demo/video-chat/backend-king-php/support/workspace_background_seed/background-16538dcd3c6a354f.jpg	169548	0	seed-asset:background-parked	manual_audit_required	background
demo/video-chat/backend-king-php/support/workspace_background_seed/background-420e57c0d7804beb.jpg	190871	0	seed-asset:background-parked	manual_audit_required	background
demo/video-chat/backend-king-php/support/workspace_background_seed/background-4a4ec734e9ea67cc.jpg	226681	0	seed-asset:background-parked	manual_audit_required	background
demo/video-chat/backend-king-php/support/workspace_background_seed/background-4b6c85963ef58386.png	1177564	0	seed-asset:background-parked	manual_audit_required	background
demo/video-chat/backend-king-php/support/workspace_background_seed/background-8a1bf0cb0786efb8.png	4461643	0	seed-asset:background-parked	manual_audit_required	background
demo/video-chat/backend-king-php/support/workspace_background_seed/background-9184136da45925dd.jpg	195872	0	seed-asset:background-parked	manual_audit_required	background
demo/video-chat/backend-king-php/support/workspace_background_seed/background-b74aad87e72eb08e.png	3694003	0	seed-asset:background-parked	manual_audit_required	background
demo/video-chat/backend-king-php/support/workspace_background_seed/background-original-bbd1b131ecd0138d.jpg	201160	0	seed-asset:background-parked	manual_audit_required	background
demo/video-chat/backend-king-php/support/workspace_background_seed/background-original-cde4b12be962a8fd.jpg	74490	0	seed-asset:background-parked	manual_audit_required	background
demo/video-chat/backend-king-php/support/workspace_background_seed/manifest.json	2470	70	seed-asset:background-parked	manual_audit_required	background
demo/video-chat/backend-king-php/support/workspace_calendar_migrations.php	2699	59	source	low_signal_inventory_only	
demo/video-chat/backend-king-php/support/workspace_theme_migrations.php	2863	92	source	low_signal_inventory_only	
demo/video-chat/backend-king-php/tests/admin-infrastructure-contract.php	7397	145	test	manual_audit_required	sfu,capabilities,fallback
demo/video-chat/backend-king-php/tests/admin-infrastructure-contract.sh	98	5	test	manual_audit_required	
demo/video-chat/backend-king-php/tests/admin-marketplace-apps-contract.php	14693	336	test	manual_audit_required	
demo/video-chat/backend-king-php/tests/admin-user-create-contract.php	18209	388	test	manual_audit_required	
demo/video-chat/backend-king-php/tests/admin-user-create-contract.sh	340	12	test	manual_audit_required	
demo/video-chat/backend-king-php/tests/admin-user-list-contract.php	8406	189	test	manual_audit_required	
demo/video-chat/backend-king-php/tests/admin-user-list-contract.sh	336	12	test	manual_audit_required	
demo/video-chat/backend-king-php/tests/admin-user-mutation-contract.php	13093	274	test	manual_audit_required	
demo/video-chat/backend-king-php/tests/admin-user-mutation-contract.sh	344	12	test	manual_audit_required	
demo/video-chat/backend-king-php/tests/admin-user-status-contract.php	13015	322	test	manual_audit_required	
demo/video-chat/backend-king-php/tests/admin-user-status-contract.sh	340	12	test	manual_audit_required	
demo/video-chat/backend-king-php/tests/admin-user-update-contract.php	13999	357	test	manual_audit_required	
demo/video-chat/backend-king-php/tests/admin-user-update-contract.sh	340	12	test	manual_audit_required	
demo/video-chat/backend-king-php/tests/admin-video-operations-contract.php	18256	350	test	manual_audit_required	sfu,gossip
demo/video-chat/backend-king-php/tests/admin-video-operations-contract.sh	100	5	test	manual_audit_required	
demo/video-chat/backend-king-php/tests/appointment-calendar-contract.php	7296	152	test	manual_audit_required	
demo/video-chat/backend-king-php/tests/appointment-calendar-contract.sh	346	12	test	manual_audit_required	
demo/video-chat/backend-king-php/tests/audit-call-access-events-contract.php	21312	380	test	manual_audit_required	
demo/video-chat/backend-king-php/tests/audit-call-access-events-contract.sh	330	8	test	manual_audit_required	
demo/video-chat/backend-king-php/tests/audit-call-access-membership-contract.php	8194	171	test	manual_audit_required	
demo/video-chat/backend-king-php/tests/audit-call-access-membership-contract.sh	338	8	test	manual_audit_required	
demo/video-chat/backend-king-php/tests/auth-sqlite-lock-contract.php	9651	191	test	manual_audit_required	reconnect,backpressure,fallback
demo/video-chat/backend-king-php/tests/avatar-upload-contract.php	7868	172	test	manual_audit_required	
demo/video-chat/backend-king-php/tests/avatar-upload-contract.sh	332	12	test	manual_audit_required	
demo/video-chat/backend-king-php/tests/avatar-upload-endpoint-contract.php	17651	438	test	manual_audit_required	
demo/video-chat/backend-king-php/tests/avatar-upload-endpoint-contract.sh	350	12	test	manual_audit_required	
demo/video-chat/backend-king-php/tests/backend-module-descriptor-runtime-contract.php	8217	162	test	manual_audit_required	orchestrator
demo/video-chat/backend-king-php/tests/backend-module-descriptor-runtime-contract.sh	872	26	test	manual_audit_required	orchestrator
demo/video-chat/backend-king-php/tests/call-access-admin-prevention-contract.php	12040	233	test	manual_audit_required	
demo/video-chat/backend-king-php/tests/call-access-admin-prevention-contract.sh	368	12	test	manual_audit_required	
demo/video-chat/backend-king-php/tests/call-access-anonymous-disabled-link-contract.php	18916	383	test	manual_audit_required	
demo/video-chat/backend-king-php/tests/call-access-anonymous-disabled-link-contract.sh	352	8	test	manual_audit_required	
demo/video-chat/backend-king-php/tests/call-access-anonymous-lobby-contract.php	37945	758	test	manual_audit_required	
demo/video-chat/backend-king-php/tests/call-access-anonymous-lobby-contract.sh	1533	43	test	manual_audit_required	fallback
demo/video-chat/backend-king-php/tests/call-access-anonymous-logged-in-rights-contract.php	18589	373	test	manual_audit_required	
demo/video-chat/backend-king-php/tests/call-access-anonymous-logged-in-rights-contract.sh	382	12	test	manual_audit_required	
demo/video-chat/backend-king-php/tests/call-access-anonymous-temp-rights-contract.php	19550	405	test	manual_audit_required	
demo/video-chat/backend-king-php/tests/call-access-anonymous-temp-rights-docker-proof.sh	1943	56	test	manual_audit_required	fallback
demo/video-chat/backend-king-php/tests/call-access-authorized-rejoin-contract.php	17989	426	test	manual_audit_required	capabilities
demo/video-chat/backend-king-php/tests/call-access-authorized-rejoin-contract.sh	429	15	test	manual_audit_required	
demo/video-chat/backend-king-php/tests/call-access-cross-org-contract.php	45778	735	test	manual_audit_required	fallback
demo/video-chat/backend-king-php/tests/call-access-cross-org-contract.sh	484	13	test	manual_audit_required	
demo/video-chat/backend-king-php/tests/call-access-cross-org-stale-role-docker-proof.sh	2646	80	test	manual_audit_required	
demo/video-chat/backend-king-php/tests/call-access-decision-contract.php	10598	152	test	manual_audit_required	
demo/video-chat/backend-king-php/tests/call-access-decision-contract.sh	322	8	test	manual_audit_required	
demo/video-chat/backend-king-php/tests/call-access-deleted-ended-disabled-join-contract.php	19735	406	test	manual_audit_required	reconnect
demo/video-chat/backend-king-php/tests/call-access-deleted-ended-disabled-join-contract.sh	360	8	test	manual_audit_required	
demo/video-chat/backend-king-php/tests/call-access-deleted-ended-hardening-contract.php	12057	298	test	manual_audit_required	
demo/video-chat/backend-king-php/tests/call-access-deleted-ended-hardening-contract.sh	352	8	test	manual_audit_required	
demo/video-chat/backend-king-php/tests/call-access-duplicate-review-contract.php	36964	657	test	manual_audit_required	fallback
demo/video-chat/backend-king-php/tests/call-access-duplicate-review-contract.sh	362	12	test	manual_audit_required	
demo/video-chat/backend-king-php/tests/call-access-edge-error-matrix-contract.php	16363	317	test	manual_audit_required	
demo/video-chat/backend-king-php/tests/call-access-edge-error-matrix-contract.sh	1489	40	test	manual_audit_required	fallback
demo/video-chat/backend-king-php/tests/call-access-email-confirmation-contract.php	44174	615	test	manual_audit_required	fallback
demo/video-chat/backend-king-php/tests/call-access-email-confirmation-contract.sh	342	8	test	manual_audit_required	
demo/video-chat/backend-king-php/tests/call-access-foreign-link-review-audit-contract.php	13117	230	test	manual_audit_required	
demo/video-chat/backend-king-php/tests/call-access-foreign-link-review-audit-contract.sh	356	8	test	manual_audit_required	
demo/video-chat/backend-king-php/tests/call-access-guest-list-membership-docker-proof.sh	2154	65	test	manual_audit_required	fallback
demo/video-chat/backend-king-php/tests/call-access-identity-mismatch-review-flow-contract.php	17666	300	test	manual_audit_required	
demo/video-chat/backend-king-php/tests/call-access-identity-mismatch-review-flow-contract.sh	388	12	test	manual_audit_required	
demo/video-chat/backend-king-php/tests/call-access-invalid-expired-anonymous-link-contract.php	18561	406	test	manual_audit_required	
demo/video-chat/backend-king-php/tests/call-access-invalid-expired-anonymous-link-contract.sh	1583	43	test	manual_audit_required	fallback
demo/video-chat/backend-king-php/tests/call-access-invalidation-contract.php	34420	591	test	manual_audit_required	
demo/video-chat/backend-king-php/tests/call-access-invalidation-contract.sh	356	12	test	manual_audit_required	
demo/video-chat/backend-king-php/tests/call-access-membership-removal-contract.php	13746	287	test	manual_audit_required	fallback
demo/video-chat/backend-king-php/tests/call-access-membership-removal-contract.sh	342	8	test	manual_audit_required	
demo/video-chat/backend-king-php/tests/call-access-org-removal-active-privilege-downgrade-contract.php	22982	474	test	manual_audit_required	
demo/video-chat/backend-king-php/tests/call-access-org-removal-active-privilege-downgrade-contract.sh	443	13	test	manual_audit_required	
demo/video-chat/backend-king-php/tests/call-access-owner-absence-realtime-sync-contract.php	37421	738	test	manual_audit_required	
demo/video-chat/backend-king-php/tests/call-access-owner-absence-realtime-sync-contract.sh	360	8	test	manual_audit_required	
demo/video-chat/backend-king-php/tests/call-access-privacy-contract.php	11409	261	test	manual_audit_required	
demo/video-chat/backend-king-php/tests/call-access-privacy-contract.sh	320	8	test	manual_audit_required	
demo/video-chat/backend-king-php/tests/call-access-safe-screen-privacy-contract.php	14690	382	test	manual_audit_required	
demo/video-chat/backend-king-php/tests/call-access-safe-screen-privacy-contract.sh	1588	42	test	manual_audit_required	fallback
demo/video-chat/backend-king-php/tests/call-access-session-contract.php	27860	475	test	manual_audit_required	regression
demo/video-chat/backend-king-php/tests/call-access-session-contract.sh	320	8	test	manual_audit_required	
demo/video-chat/backend-king-php/tests/call-access-session-fixation-contract.php	11311	190	test	manual_audit_required	
demo/video-chat/backend-king-php/tests/call-access-session-fixation-contract.sh	338	8	test	manual_audit_required	
demo/video-chat/backend-king-php/tests/call-access-session-route-guard-contract.php	18007	314	test	manual_audit_required	
demo/video-chat/backend-king-php/tests/call-access-session-route-guard-contract.sh	368	12	test	manual_audit_required	
demo/video-chat/backend-king-php/tests/call-access-stale-organization-role-contract.php	15310	327	test	manual_audit_required	fallback
demo/video-chat/backend-king-php/tests/call-access-stale-organization-role-contract.sh	591	16	test	manual_audit_required	
demo/video-chat/backend-king-php/tests/call-access-strong-mismatch-privacy-contract.php	15573	327	test	manual_audit_required	
demo/video-chat/backend-king-php/tests/call-access-strong-mismatch-privacy-contract.sh	376	12	test	manual_audit_required	
demo/video-chat/backend-king-php/tests/call-access-terminal-join-contract.php	13497	271	test	manual_audit_required	
demo/video-chat/backend-king-php/tests/call-access-terminal-join-contract.sh	332	8	test	manual_audit_required	
demo/video-chat/backend-king-php/tests/call-app-availability-contract.php	18336	297	test	manual_audit_required	fallback
demo/video-chat/backend-king-php/tests/call-app-availability-contract.sh	189	7	test	manual_audit_required	
demo/video-chat/backend-king-php/tests/call-app-diagnostics-internal-contract.php	16623	262	test	manual_audit_required	
demo/video-chat/backend-king-php/tests/call-app-diagnostics-internal-contract.sh	197	7	test	manual_audit_required	
demo/video-chat/backend-king-php/tests/call-app-marketplace-entitlement-contract.php	28106	388	test	manual_audit_required	
demo/video-chat/backend-king-php/tests/call-app-marketplace-entitlement-contract.sh	200	7	test	manual_audit_required	
demo/video-chat/backend-king-php/tests/call-app-mcp-metadata-contract.php	9645	174	test	manual_audit_required	capabilities
demo/video-chat/backend-king-php/tests/call-app-mcp-metadata-contract.sh	189	7	test	manual_audit_required	
demo/video-chat/backend-king-php/tests/call-app-semantic-dns-contract.php	11715	157	test	manual_audit_required	capabilities
demo/video-chat/backend-king-php/tests/call-app-semantic-dns-contract.sh	189	7	test	manual_audit_required	
demo/video-chat/backend-king-php/tests/call-app-session-lifecycle-contract.php	59052	795	test	manual_audit_required	reconnect,capabilities,fallback
demo/video-chat/backend-king-php/tests/call-app-session-lifecycle-contract.sh	194	7	test	manual_audit_required	
demo/video-chat/backend-king-php/tests/call-app-sqlite-runtime-proof.sh	1676	56	test	manual_audit_required	fallback
demo/video-chat/backend-king-php/tests/call-app-text-document-mcp-contract.php	4782	86	test	manual_audit_required	
demo/video-chat/backend-king-php/tests/call-calendar-invitation-flow-contract.php	38598	712	test	manual_audit_required	
demo/video-chat/backend-king-php/tests/call-calendar-invitation-flow-contract.sh	364	12	test	manual_audit_required	
demo/video-chat/backend-king-php/tests/call-cancel-contract.php	10352	240	test	manual_audit_required	
demo/video-chat/backend-king-php/tests/call-cancel-contract.sh	328	12	test	manual_audit_required	
demo/video-chat/backend-king-php/tests/call-cancel-endpoint-contract.php	22658	518	test	manual_audit_required	
demo/video-chat/backend-king-php/tests/call-cancel-endpoint-contract.sh	346	12	test	manual_audit_required	
demo/video-chat/backend-king-php/tests/call-create-contract.php	10516	213	test	manual_audit_required	
demo/video-chat/backend-king-php/tests/call-create-contract.sh	328	12	test	manual_audit_required	
demo/video-chat/backend-king-php/tests/call-create-endpoint-contract.php	21538	471	test	manual_audit_required	
demo/video-chat/backend-king-php/tests/call-create-endpoint-contract.sh	346	12	test	manual_audit_required	
demo/video-chat/backend-king-php/tests/call-creation-owner-rights-contract.php	22104	512	test	manual_audit_required	
demo/video-chat/backend-king-php/tests/call-creation-owner-rights-contract.sh	358	12	test	manual_audit_required	
demo/video-chat/backend-king-php/tests/call-delete-all-endpoint-contract.php	9216	239	test	manual_audit_required	
demo/video-chat/backend-king-php/tests/call-delete-all-endpoint-contract.sh	354	12	test	manual_audit_required	
demo/video-chat/backend-king-php/tests/call-guest-cleanup-sqlite-proof.sh	1430	47	test	manual_audit_required	fallback
demo/video-chat/backend-king-php/tests/call-guest-lifecycle-contract.php	20308	289	test	manual_audit_required	
demo/video-chat/backend-king-php/tests/call-guest-lifecycle-contract.sh	360	12	test	manual_audit_required	
demo/video-chat/backend-king-php/tests/call-guest-list-direct-join-contract.php	12387	213	test	manual_audit_required	
demo/video-chat/backend-king-php/tests/call-guest-list-direct-join-contract.sh	336	8	test	manual_audit_required	
demo/video-chat/backend-king-php/tests/call-lifecycle-contract.php	47455	700	test	manual_audit_required	
demo/video-chat/backend-king-php/tests/call-lifecycle-contract.sh	188	7	test	manual_audit_required	
demo/video-chat/backend-king-php/tests/call-owner-moderation-contract.php	24352	508	test	manual_audit_required	capabilities
demo/video-chat/backend-king-php/tests/call-owner-moderation-contract.sh	135	6	test	manual_audit_required	
demo/video-chat/backend-king-php/tests/call-owner-transfer-contract.php	19712	355	test	manual_audit_required	
demo/video-chat/backend-king-php/tests/call-owner-transfer-contract.sh	320	8	test	manual_audit_required	
demo/video-chat/backend-king-php/tests/call-owner-transfer-lifecycle-contract.php	14063	255	test	manual_audit_required	
demo/video-chat/backend-king-php/tests/call-owner-transfer-lifecycle-contract.sh	340	8	test	manual_audit_required	
demo/video-chat/backend-king-php/tests/call-schedule-metadata-contract.php	7272	141	test	manual_audit_required	
demo/video-chat/backend-king-php/tests/call-schedule-metadata-contract.sh	190	7	test	manual_audit_required	
demo/video-chat/backend-king-php/tests/call-temporary-moderator-contract.php	13226	289	test	manual_audit_required	
demo/video-chat/backend-king-php/tests/call-temporary-moderator-contract.sh	138	6	test	manual_audit_required	
demo/video-chat/backend-king-php/tests/call-update-contract.php	24608	512	test	manual_audit_required	
demo/video-chat/backend-king-php/tests/call-update-contract.sh	328	12	test	manual_audit_required	
demo/video-chat/backend-king-php/tests/call-update-endpoint-contract.php	23376	533	test	manual_audit_required	
demo/video-chat/backend-king-php/tests/call-update-endpoint-contract.sh	346	12	test	manual_audit_required	
demo/video-chat/backend-king-php/tests/calls-list-contract.php	14556	350	test	manual_audit_required	
demo/video-chat/backend-king-php/tests/calls-list-contract.sh	326	12	test	manual_audit_required	
demo/video-chat/backend-king-php/tests/calls-list-endpoint-contract.php	20007	512	test	manual_audit_required	
demo/video-chat/backend-king-php/tests/calls-list-endpoint-contract.sh	344	12	test	manual_audit_required	
demo/video-chat/backend-king-php/tests/chat-archive-contract.php	17851	354	test	manual_audit_required	fallback
demo/video-chat/backend-king-php/tests/chat-archive-contract.sh	129	5	test	manual_audit_required	
demo/video-chat/backend-king-php/tests/chat-attachment-contract.php	15151	262	test	manual_audit_required	fallback
demo/video-chat/backend-king-php/tests/chat-attachment-contract.sh	333	9	test	manual_audit_required	
demo/video-chat/backend-king-php/tests/client-diagnostics-contract.php	6931	183	test	manual_audit_required	
demo/video-chat/backend-king-php/tests/config-hardening-contract.php	4880	93	test	manual_audit_required	
demo/video-chat/backend-king-php/tests/config-hardening-contract.sh	184	7	test	manual_audit_required	
demo/video-chat/backend-king-php/tests/contract-catalog-parity-contract.php	21995	499	test	manual_audit_required	
demo/video-chat/backend-king-php/tests/contract-catalog-parity-contract.sh	191	7	test	manual_audit_required	
demo/video-chat/backend-king-php/tests/contract-schema-versioning-contract.php	11731	289	test	manual_audit_required	
demo/video-chat/backend-king-php/tests/contract-schema-versioning-contract.sh	194	7	test	manual_audit_required	
demo/video-chat/backend-king-php/tests/email-template-localization-contract.php	6354	122	test	manual_audit_required	fallback
demo/video-chat/backend-king-php/tests/email-template-localization-contract.sh	360	10	test	manual_audit_required	
demo/video-chat/backend-king-php/tests/error-envelope-contract.php	4727	71	test	manual_audit_required	
demo/video-chat/backend-king-php/tests/error-envelope-contract.sh	182	7	test	manual_audit_required	
demo/video-chat/backend-king-php/tests/gateway-backend-mapping-contract.php	10980	153	test	manual_audit_required	
demo/video-chat/backend-king-php/tests/gateway-backend-mapping-contract.sh	191	7	test	manual_audit_required	
demo/video-chat/backend-king-php/tests/gateway-jwt-binding-contract.php	8166	128	test	manual_audit_required	
demo/video-chat/backend-king-php/tests/gateway-jwt-binding-contract.sh	187	7	test	manual_audit_required	
demo/video-chat/backend-king-php/tests/governance-crud-api-contract.php	42852	650	test	manual_audit_required	
demo/video-chat/backend-king-php/tests/governance-crud-api-contract.sh	344	12	test	manual_audit_required	
demo/video-chat/backend-king-php/tests/governance-route-authorization-contract.php	11352	227	test	manual_audit_required	
demo/video-chat/backend-king-php/tests/governance-route-authorization-contract.sh	366	12	test	manual_audit_required	
demo/video-chat/backend-king-php/tests/iam-backend-docker-runtime-proof-wrapper.sh	1431	48	test	manual_audit_required	
demo/video-chat/backend-king-php/tests/iam-call-access-sqlite-runtime-proof.sh	4326	112	test	manual_audit_required	fallback
demo/video-chat/backend-king-php/tests/iam-core-org-session-journey-contract.php	31857	698	test	manual_audit_required	
demo/video-chat/backend-king-php/tests/iam-core-org-session-journey-contract.sh	362	12	test	manual_audit_required	
demo/video-chat/backend-king-php/tests/iam11-17-call-access-edge-proof-contract.php	19879	348	test	manual_audit_required	
demo/video-chat/backend-king-php/tests/iam11-17-call-access-edge-proof-contract.sh	350	8	test	manual_audit_required	
demo/video-chat/backend-king-php/tests/invite-code-copy-boundary-contract.php	14287	355	test	manual_audit_required	
demo/video-chat/backend-king-php/tests/invite-code-copy-boundary-contract.sh	193	7	test	manual_audit_required	
demo/video-chat/backend-king-php/tests/invite-code-create-contract.php	8609	176	test	manual_audit_required	
demo/video-chat/backend-king-php/tests/invite-code-create-contract.sh	344	12	test	manual_audit_required	
demo/video-chat/backend-king-php/tests/invite-code-create-endpoint-contract.php	25614	571	test	manual_audit_required	
demo/video-chat/backend-king-php/tests/invite-code-create-endpoint-contract.sh	362	12	test	manual_audit_required	
demo/video-chat/backend-king-php/tests/invite-code-redeem-contract.php	10840	208	test	manual_audit_required	
demo/video-chat/backend-king-php/tests/invite-code-redeem-contract.sh	344	12	test	manual_audit_required	
demo/video-chat/backend-king-php/tests/invite-code-redeem-endpoint-contract.php	25353	545	test	manual_audit_required	security
demo/video-chat/backend-king-php/tests/invite-code-redeem-endpoint-contract.sh	362	12	test	manual_audit_required	
demo/video-chat/backend-king-php/tests/localization-import-contract.php	7077	140	test	manual_audit_required	
demo/video-chat/backend-king-php/tests/localization-import-contract.sh	344	10	test	manual_audit_required	
demo/video-chat/backend-king-php/tests/localization-resources-contract.php	7566	167	test	manual_audit_required	fallback
demo/video-chat/backend-king-php/tests/localization-resources-contract.sh	350	10	test	manual_audit_required	
demo/video-chat/backend-king-php/tests/localization-schema-contract.php	4832	119	test	manual_audit_required	
demo/video-chat/backend-king-php/tests/localization-schema-contract.sh	344	10	test	manual_audit_required	
demo/video-chat/backend-king-php/tests/mail-template-placeholder-contract.php	5073	101	test	manual_audit_required	
demo/video-chat/backend-king-php/tests/mail-template-placeholder-contract.sh	192	6	test	manual_audit_required	
demo/video-chat/backend-king-php/tests/media-capability-plan-contract.php	25556	554	test	manual_audit_required	security,reconnect,capabilities,fallback
demo/video-chat/backend-king-php/tests/media-security-contract.php	22614	278	test	manual_audit_required	sfu,security,capabilities,fallback,keyframe_delta
demo/video-chat/backend-king-php/tests/media-security-contract.sh	180	5	test	manual_audit_required	security
demo/video-chat/backend-king-php/tests/onboarding-progress-contract.php	9672	201	test	manual_audit_required	
demo/video-chat/backend-king-php/tests/onboarding-progress-contract.sh	344	12	test	manual_audit_required	
demo/video-chat/backend-king-php/tests/operator-feedback-contract.php	16861	372	test	manual_audit_required	fallback
demo/video-chat/backend-king-php/tests/operator-feedback-contract.sh	186	8	test	manual_audit_required	
demo/video-chat/backend-king-php/tests/org-admin-call-rights-contract.php	12852	257	test	manual_audit_required	
demo/video-chat/backend-king-php/tests/org-admin-call-rights-contract.sh	324	8	test	manual_audit_required	
demo/video-chat/backend-king-php/tests/protected-api-semantics-contract.php	11572	185	test	manual_audit_required	
demo/video-chat/backend-king-php/tests/protected-api-semantics-contract.sh	191	7	test	manual_audit_required	
demo/video-chat/backend-king-php/tests/rbac-middleware-contract.php	16435	370	test	manual_audit_required	
demo/video-chat/backend-king-php/tests/rbac-middleware-contract.sh	336	12	test	manual_audit_required	
demo/video-chat/backend-king-php/tests/realtime-activity-layout-contract.php	18895	354	test	manual_audit_required	
demo/video-chat/backend-king-php/tests/realtime-activity-layout-contract.sh	354	12	test	manual_audit_required	
demo/video-chat/backend-king-php/tests/realtime-admission-bypass-contract.php	15656	429	test	manual_audit_required	reconnect
demo/video-chat/backend-king-php/tests/realtime-call-scope-contract.php	14197	325	test	manual_audit_required	sfu
demo/video-chat/backend-king-php/tests/realtime-call-scope-contract.sh	187	7	test	manual_audit_required	
demo/video-chat/backend-king-php/tests/realtime-chat-contract.php	21005	393	test	manual_audit_required	fallback
demo/video-chat/backend-king-php/tests/realtime-chat-contract.sh	181	7	test	manual_audit_required	
demo/video-chat/backend-king-php/tests/realtime-client-capabilities-persistence-contract.php	11086	243	test	manual_audit_required	security,capabilities
demo/video-chat/backend-king-php/tests/realtime-client-capabilities-persistence-contract.sh	400	12	test	manual_audit_required	capabilities
demo/video-chat/backend-king-php/tests/realtime-gossipmesh-room-state-topology-contract.php	6004	106	test	manual_audit_required	sfu,gossip,capabilities,fallback
demo/video-chat/backend-king-php/tests/realtime-gossipmesh-room-state-topology-contract.sh	207	7	test	manual_audit_required	gossip
demo/video-chat/backend-king-php/tests/realtime-gossipmesh-runtime-contract.php	65092	1081	test	manual_audit_required	sfu,gossip,security,reconnect,backpressure,fallback,repair,keyframe_delta
demo/video-chat/backend-king-php/tests/realtime-gossipmesh-runtime-contract.sh	195	7	test	manual_audit_required	gossip
demo/video-chat/backend-king-php/tests/realtime-lobby-concurrency-contract.php	17047	348	test	manual_audit_required	
demo/video-chat/backend-king-php/tests/realtime-lobby-concurrency-contract.sh	334	8	test	manual_audit_required	
demo/video-chat/backend-king-php/tests/realtime-lobby-contract.php	22940	465	test	manual_audit_required	
demo/video-chat/backend-king-php/tests/realtime-lobby-contract.sh	182	7	test	manual_audit_required	
demo/video-chat/backend-king-php/tests/realtime-lobby-db-sync-contract.php	16542	373	test	manual_audit_required	reconnect
demo/video-chat/backend-king-php/tests/realtime-lobby-db-sync-contract.sh	190	7	test	manual_audit_required	
demo/video-chat/backend-king-php/tests/realtime-lobby-security-contract.php	10020	213	test	manual_audit_required	
demo/video-chat/backend-king-php/tests/realtime-lobby-security-contract.sh	191	7	test	manual_audit_required	
demo/video-chat/backend-king-php/tests/realtime-presence-contract.php	12933	210	test	manual_audit_required	reconnect
demo/video-chat/backend-king-php/tests/realtime-presence-contract.sh	185	7	test	manual_audit_required	
demo/video-chat/backend-king-php/tests/realtime-reaction-contract.php	20894	410	test	manual_audit_required	
demo/video-chat/backend-king-php/tests/realtime-reaction-contract.sh	185	7	test	manual_audit_required	
demo/video-chat/backend-king-php/tests/realtime-reconnect-backfill-contract.php	14008	267	test	manual_audit_required	reconnect
demo/video-chat/backend-king-php/tests/realtime-reconnect-backfill-contract.sh	195	7	test	manual_audit_required	reconnect
demo/video-chat/backend-king-php/tests/realtime-room-leave-snapshot-contract.php	7684	142	test	manual_audit_required	
demo/video-chat/backend-king-php/tests/realtime-session-revocation-contract.php	5436	114	test	manual_audit_required	
demo/video-chat/backend-king-php/tests/realtime-session-revocation-contract.sh	360	12	test	manual_audit_required	
demo/video-chat/backend-king-php/tests/realtime-sfu-contract.php	54876	1010	test	manual_audit_required	sfu,gossip,background,security,reconnect,backpressure,keyframe_delta
demo/video-chat/backend-king-php/tests/realtime-sfu-contract.sh	180	7	test	manual_audit_required	sfu
demo/video-chat/backend-king-php/tests/realtime-sfu-session-protocol-contract.php	3764	74	test	manual_audit_required	sfu,fallback
demo/video-chat/backend-king-php/tests/realtime-sfu-session-protocol-contract.sh	197	7	test	manual_audit_required	sfu
demo/video-chat/backend-king-php/tests/realtime-signaling-contract.php	36174	671	test	manual_audit_required	sfu,security,backpressure
demo/video-chat/backend-king-php/tests/realtime-signaling-contract.sh	186	7	test	manual_audit_required	
demo/video-chat/backend-king-php/tests/realtime-typing-contract.php	11850	258	test	manual_audit_required	
demo/video-chat/backend-king-php/tests/realtime-typing-contract.sh	183	7	test	manual_audit_required	
demo/video-chat/backend-king-php/tests/realtime-websocket-gateway-contract.php	12261	281	test	manual_audit_required	
demo/video-chat/backend-king-php/tests/realtime-websocket-gateway-contract.sh	194	7	test	manual_audit_required	
demo/video-chat/backend-king-php/tests/router-module-order-contract.php	7860	219	test	manual_audit_required	
demo/video-chat/backend-king-php/tests/router-module-order-contract.sh	187	7	test	manual_audit_required	
demo/video-chat/backend-king-php/tests/runtime-public-safety-contract.php	5821	150	test	manual_audit_required	
demo/video-chat/backend-king-php/tests/runtime-public-safety-contract.sh	99	5	test	manual_audit_required	
demo/video-chat/backend-king-php/tests/session-auth-contract.php	12839	285	test	manual_audit_required	
demo/video-chat/backend-king-php/tests/session-auth-contract.sh	330	12	test	manual_audit_required	
demo/video-chat/backend-king-php/tests/session-logout-contract.php	10097	263	test	manual_audit_required	
demo/video-chat/backend-king-php/tests/session-logout-contract.sh	334	12	test	manual_audit_required	
demo/video-chat/backend-king-php/tests/session-refresh-contract.php	8694	238	test	manual_audit_required	
demo/video-chat/backend-king-php/tests/session-refresh-contract.sh	336	12	test	manual_audit_required	
demo/video-chat/backend-king-php/tests/sqlite-contract-runner.sh	798	27	test	manual_audit_required	
demo/video-chat/backend-king-php/tests/system-admin-call-rights-contract.php	12186	245	test	manual_audit_required	
demo/video-chat/backend-king-php/tests/system-admin-call-rights-contract.sh	330	8	test	manual_audit_required	
demo/video-chat/backend-king-php/tests/tenant-auth-session-contract.php	5113	110	test	manual_audit_required	
demo/video-chat/backend-king-php/tests/tenant-migration-foundation-contract.php	3367	63	test	manual_audit_required	
demo/video-chat/backend-king-php/tests/tenant-permission-grants-contract.php	4639	103	test	manual_audit_required	
demo/video-chat/backend-king-php/tests/turn-ice-contract.php	4150	92	test	manual_audit_required	fallback
demo/video-chat/backend-king-php/tests/turn-ice-contract.sh	86	5	test	manual_audit_required	
demo/video-chat/backend-king-php/tests/ui-parity-acceptance-matrix-contract.php	10338	172	test	manual_audit_required	
demo/video-chat/backend-king-php/tests/ui-parity-acceptance-matrix-contract.sh	195	7	test	manual_audit_required	
demo/video-chat/backend-king-php/tests/user-directory-contract.php	6748	184	test	manual_audit_required	
demo/video-chat/backend-king-php/tests/user-directory-contract.sh	92	5	test	manual_audit_required	
demo/video-chat/backend-king-php/tests/user-settings-contract.php	19550	376	test	manual_audit_required	
demo/video-chat/backend-king-php/tests/user-settings-contract.sh	332	12	test	manual_audit_required	
demo/video-chat/backend-king-php/tests/user-settings-endpoint-contract.php	29111	626	test	manual_audit_required	
demo/video-chat/backend-king-php/tests/user-settings-endpoint-contract.sh	350	12	test	manual_audit_required	
demo/video-chat/backend-king-php/tests/videochat-integration-matrix-http-contract.php	22672	472	test	manual_audit_required	
demo/video-chat/backend-king-php/tests/videochat-integration-matrix-http-contract.sh	372	12	test	manual_audit_required	
demo/video-chat/backend-king-php/tests/videochat-integration-matrix-realtime-contract.php	21583	509	test	manual_audit_required	sfu
demo/video-chat/backend-king-php/tests/videochat-integration-matrix-realtime-contract.sh	380	12	test	manual_audit_required	
demo/video-chat/backend-king-php/tests/wlvc-wire-contract.php	6197	122	test	manual_audit_required	keyframe_delta
demo/video-chat/backend-king-php/tests/wlvc-wire-contract.sh	185	8	test	manual_audit_required	
demo/video-chat/backend-king-php/tests/workspace-background-seed-contract.php	5087	115	test	manual_audit_required	background,repair
demo/video-chat/backend-king-php/tests/workspace-background-upload-cors-contract.php	3018	89	test	manual_audit_required	background
demo/video-chat/backend-king-php/tests/workspace-background-upload-diagnostics-contract.php	4287	102	test	manual_audit_required	background
demo/video-chat/backend-king-php/tests/workspace-calendar-contract.php	6005	127	test	manual_audit_required	
demo/video-chat/backend-king-php/tests/workspace-theme-palette-contract.php	2292	46	test	manual_audit_required	
demo/video-chat/contracts/v1/api-ws-contract.catalog.json	17523	412	contract	manual_audit_required	security,backpressure
demo/video-chat/contracts/v1/e2ee-session.contract.json	7278	165	contract	manual_audit_required	security,reconnect,capabilities,fallback
demo/video-chat/contracts/v1/iam-call-access-seeding.matrix.json	27078	846	contract	manual_audit_required	
demo/video-chat/contracts/v1/media-kex.contract.json	3626	91	contract	manual_audit_required	security,reconnect,capabilities
demo/video-chat/contracts/v1/protected-api-semantics.matrix.json	18856	633	contract	manual_audit_required	
demo/video-chat/contracts/v1/protected-media-frame.contract.json	4782	123	contract	manual_audit_required	security,capabilities,fallback,keyframe_delta
demo/video-chat/contracts/v1/protected-media-transport-envelope.contract.json	2120	68	contract	manual_audit_required	security,fallback,keyframe_delta
demo/video-chat/contracts/v1/tenant-context.contract.json	1075	39	contract	manual_audit_required	
demo/video-chat/contracts/v1/ui-parity-acceptance.matrix.json	25952	607	contract	manual_audit_required	security,reconnect,repair
demo/video-chat/contracts/v1/wlvc-frame.contract.json	2142	52	contract	manual_audit_required	keyframe_delta
demo/video-chat/docker-compose.v1.yml	19164	300	config	manual_audit_required	sfu,gossip,background,fallback
demo/video-chat/edge/Dockerfile	2836	74	other	manual_audit_required	gossip,background
demo/video-chat/edge/call_app_static.php	4928	123	other	low_signal_inventory_only	
demo/video-chat/edge/edge.php	50514	1216	other	manual_audit_required	sfu,background,fallback
demo/video-chat/frontend-vue/Dockerfile	2890	68	other	manual_audit_required	gossip,background
demo/video-chat/frontend-vue/codec-test.html	28528	724	other	manual_audit_required	background,keyframe_delta
demo/video-chat/frontend-vue/dist/assets/AdminMarketplaceView-O7I1xXZC.css	5203	1	generated:dist	generated_or_vendor_ignore_for_dead_code	background
demo/video-chat/frontend-vue/dist/assets/AdminMarketplaceView-Vz2GJebO.js	16023	1	generated:dist	generated_or_vendor_ignore_for_dead_code	fallback
demo/video-chat/frontend-vue/dist/assets/AdminPageFrame-BVS-R_pt.css	5022	1	generated:dist	generated_or_vendor_ignore_for_dead_code	background
demo/video-chat/frontend-vue/dist/assets/AdminPageFrame-Dy2wmrzy.js	6364	1	generated:dist	generated_or_vendor_ignore_for_dead_code	
demo/video-chat/frontend-vue/dist/assets/AdminSidePanelSubmitFooter-Bsk0ipe4.css	84	1	generated:dist	generated_or_vendor_ignore_for_dead_code	
demo/video-chat/frontend-vue/dist/assets/AdminSidePanelSubmitFooter-DKXvKVI-.js	838	1	generated:dist	generated_or_vendor_ignore_for_dead_code	
demo/video-chat/frontend-vue/dist/assets/AdminTableFrame-DJnqVyfM.css	93	1	generated:dist	generated_or_vendor_ignore_for_dead_code	
demo/video-chat/frontend-vue/dist/assets/AdminTableFrame-KH6JjoLi.js	284	1	generated:dist	generated_or_vendor_ignore_for_dead_code	
demo/video-chat/frontend-vue/dist/assets/AdministrationLocalizationView-BCJXmhPr.css	1830	1	generated:dist	generated_or_vendor_ignore_for_dead_code	background
demo/video-chat/frontend-vue/dist/assets/AdministrationLocalizationView-DVsC-ZBy.js	9882	1	generated:dist	generated_or_vendor_ignore_for_dead_code	fallback
demo/video-chat/frontend-vue/dist/assets/AppConfigurationView--ogXDl3s.js	31149	1	generated:dist	generated_or_vendor_ignore_for_dead_code	background,keyframe_delta
demo/video-chat/frontend-vue/dist/assets/AppConfigurationView-CzWDDyoQ.css	8039	1	generated:dist	generated_or_vendor_ignore_for_dead_code	background
demo/video-chat/frontend-vue/dist/assets/AppIconButton-DBTLb6vw.js	865	1	generated:dist	generated_or_vendor_ignore_for_dead_code	
demo/video-chat/frontend-vue/dist/assets/AppModalShell-DYNxbQZU.css	1911	1	generated:dist	generated_or_vendor_ignore_for_dead_code	background
demo/video-chat/frontend-vue/dist/assets/AppModalShell-DtJjH1yh.js	3672	1	generated:dist	generated_or_vendor_ignore_for_dead_code	
demo/video-chat/frontend-vue/dist/assets/AppPagination-9HF3iE1D.js	1605	1	generated:dist	generated_or_vendor_ignore_for_dead_code	
demo/video-chat/frontend-vue/dist/assets/AppSelect-6uFRShRL.js	660	1	generated:dist	generated_or_vendor_ignore_for_dead_code	
demo/video-chat/frontend-vue/dist/assets/AppSidePanelShell-BQ-4LZdx.css	2269	1	generated:dist	generated_or_vendor_ignore_for_dead_code	background
demo/video-chat/frontend-vue/dist/assets/AppSidePanelShell-hJAJcZt7.js	2977	1	generated:dist	generated_or_vendor_ignore_for_dead_code	
demo/video-chat/frontend-vue/dist/assets/AppointmentBookingView-C6dcw20V.css	9843	1	generated:dist	generated_or_vendor_ignore_for_dead_code	background
demo/video-chat/frontend-vue/dist/assets/AppointmentBookingView-DITspaZM.js	21902	2	generated:dist	generated_or_vendor_ignore_for_dead_code	background
demo/video-chat/frontend-vue/dist/assets/CalendarView-B3psUuzV.css	11938	1	generated:dist	generated_or_vendor_ignore_for_dead_code	background
demo/video-chat/frontend-vue/dist/assets/CalendarView-fzYMLQIp.js	38476	1	generated:dist	generated_or_vendor_ignore_for_dead_code	background
demo/video-chat/frontend-vue/dist/assets/CallBackgroundControls-BAEtU7pY.js	5392	1	generated:dist	generated_or_vendor_ignore_for_dead_code	background
demo/video-chat/frontend-vue/dist/assets/CallBackgroundControls-BCrzEHVn.css	1089	1	generated:dist	generated_or_vendor_ignore_for_dead_code	background
demo/video-chat/frontend-vue/dist/assets/CallWorkspaceView-BECvjEe2.js	152148	1	generated:dist	generated_or_vendor_ignore_for_dead_code	sfu,gossip,background,security,reconnect,backpressure,quality,capabilities,fallback,repair,keyframe_delta
demo/video-chat/frontend-vue/dist/assets/CallWorkspaceView-D3OJUa34.css	48703	1	generated:dist	generated_or_vendor_ignore_for_dead_code	background,keyframe_delta
demo/video-chat/frontend-vue/dist/assets/CallsView-B-jt4zEF.js	54841	1	generated:dist	generated_or_vendor_ignore_for_dead_code	background,reconnect,fallback
demo/video-chat/frontend-vue/dist/assets/CallsView-hvryqo56.css	13465	1	generated:dist	generated_or_vendor_ignore_for_dead_code	background
demo/video-chat/frontend-vue/dist/assets/GoodbyeView-B_fpg5bF.css	603	1	generated:dist	generated_or_vendor_ignore_for_dead_code	background
demo/video-chat/frontend-vue/dist/assets/GoodbyeView-C4WzhCBK.js	1067	1	generated:dist	generated_or_vendor_ignore_for_dead_code	
demo/video-chat/frontend-vue/dist/assets/GovernanceCrudView-Bpw1d1x7.js	44030	1	generated:dist	generated_or_vendor_ignore_for_dead_code	fallback
demo/video-chat/frontend-vue/dist/assets/GovernanceCrudView-DhPAcUwZ.css	10879	1	generated:dist	generated_or_vendor_ignore_for_dead_code	background
demo/video-chat/frontend-vue/dist/assets/InfrastructureView-B6BHoNNE.css	5596	1	generated:dist	generated_or_vendor_ignore_for_dead_code	background
demo/video-chat/frontend-vue/dist/assets/InfrastructureView-C-aaEluM.js	5631	2	generated:dist	generated_or_vendor_ignore_for_dead_code	
demo/video-chat/frontend-vue/dist/assets/JoinView-CW9sokZ8.css	7276	1	generated:dist	generated_or_vendor_ignore_for_dead_code	background
demo/video-chat/frontend-vue/dist/assets/JoinView-g_NlbzwR.js	26756	1	generated:dist	generated_or_vendor_ignore_for_dead_code	background,reconnect
demo/video-chat/frontend-vue/dist/assets/LoginView-Dxl-lzez.js	4561	1	generated:dist	generated_or_vendor_ignore_for_dead_code	
demo/video-chat/frontend-vue/dist/assets/OverviewView-BlJac_p7.js	23189	1	generated:dist	generated_or_vendor_ignore_for_dead_code	sfu,gossip,background,capabilities,repair
demo/video-chat/frontend-vue/dist/assets/OverviewView-wRyNsrox.css	4542	1	generated:dist	generated_or_vendor_ignore_for_dead_code	gossip,background
demo/video-chat/frontend-vue/dist/assets/ThemeEditorView-CIDnHJhD.js	1027	1	generated:dist	generated_or_vendor_ignore_for_dead_code	
demo/video-chat/frontend-vue/dist/assets/ThemeEditorView-D2SCtAaK.css	241	1	generated:dist	generated_or_vendor_ignore_for_dead_code	
demo/video-chat/frontend-vue/dist/assets/UserDashboardView-BFyQL5hi.css	12549	1	generated:dist	generated_or_vendor_ignore_for_dead_code	background
demo/video-chat/frontend-vue/dist/assets/UserDashboardView-Ccp42aW8.js	46591	1	generated:dist	generated_or_vendor_ignore_for_dead_code	background,reconnect,fallback
demo/video-chat/frontend-vue/dist/assets/UsersView-CWU5JKeA.js	37442	1	generated:dist	generated_or_vendor_ignore_for_dead_code	reconnect,fallback
demo/video-chat/frontend-vue/dist/assets/UsersView-hsqiX9RV.css	21037	1	generated:dist	generated_or_vendor_ignore_for_dead_code	background
demo/video-chat/frontend-vue/dist/assets/WorkspaceAboutSettings-B7vmLfsz.css	998	1	generated:dist	generated_or_vendor_ignore_for_dead_code	background
demo/video-chat/frontend-vue/dist/assets/WorkspaceAboutSettings-DnPi6k6r.js	6145	1	generated:dist	generated_or_vendor_ignore_for_dead_code	
demo/video-chat/frontend-vue/dist/assets/WorkspaceCredentialsSettings-3GAuBkM9.css	1256	1	generated:dist	generated_or_vendor_ignore_for_dead_code	background
demo/video-chat/frontend-vue/dist/assets/WorkspaceCredentialsSettings-CsjT4FX0.js	6533	1	generated:dist	generated_or_vendor_ignore_for_dead_code	
demo/video-chat/frontend-vue/dist/assets/WorkspaceNotificationSettings-5XlBTSjC.css	1155	1	generated:dist	generated_or_vendor_ignore_for_dead_code	background
demo/video-chat/frontend-vue/dist/assets/WorkspaceNotificationSettings-BzeJX6no.js	3474	1	generated:dist	generated_or_vendor_ignore_for_dead_code	
demo/video-chat/frontend-vue/dist/assets/WorkspaceShell-C6cZO82N.css	7502	1	generated:dist	generated_or_vendor_ignore_for_dead_code	background
demo/video-chat/frontend-vue/dist/assets/WorkspaceShell-D-D4HYyh.js	70242	1	generated:dist	generated_or_vendor_ignore_for_dead_code	background,reconnect,fallback
demo/video-chat/frontend-vue/dist/assets/WorkspaceThemePreviewApp-DR_Oiove.js	11121	1	generated:dist	generated_or_vendor_ignore_for_dead_code	background
demo/video-chat/frontend-vue/dist/assets/WorkspaceThemePreviewApp-DdNIk4Il.css	10364	1	generated:dist	generated_or_vendor_ignore_for_dead_code	background
demo/video-chat/frontend-vue/dist/assets/WorkspaceThemePreviewRoute-BS09HNRN.js	1113	1	generated:dist	generated_or_vendor_ignore_for_dead_code	
demo/video-chat/frontend-vue/dist/assets/WorkspaceThemePreviewRoute-CO68dbo0.css	77	1	generated:dist	generated_or_vendor_ignore_for_dead_code	
demo/video-chat/frontend-vue/dist/assets/WorkspaceThemeSettings-B8eNN6MS.js	18826	1	generated:dist	generated_or_vendor_ignore_for_dead_code	fallback
demo/video-chat/frontend-vue/dist/assets/WorkspaceThemeSettings-DcwOrVXR.css	5373	1	generated:dist	generated_or_vendor_ignore_for_dead_code	background
demo/video-chat/frontend-vue/dist/assets/adminSyncSocket-BjwX2S9m.js	2974	1	generated:dist	generated_or_vendor_ignore_for_dead_code	reconnect
demo/video-chat/frontend-vue/dist/assets/administrationApi-btrtD8hi.js	3975	1	generated:dist	generated_or_vendor_ignore_for_dead_code	background
demo/video-chat/frontend-vue/dist/assets/admissionGate-DmY3uvRj.js	1921	1	generated:dist	generated_or_vendor_ignore_for_dead_code	
demo/video-chat/frontend-vue/dist/assets/apiErrorMessages-BdD4MV8e.js	3023	1	generated:dist	generated_or_vendor_ignore_for_dead_code	
demo/video-chat/frontend-vue/dist/assets/appearance-vfQg7K_y.js	5202	1	generated:dist	generated_or_vendor_ignore_for_dead_code	
demo/video-chat/frontend-vue/dist/assets/appointmentCalendarApi-CGxzGK3V.js	2905	1	generated:dist	generated_or_vendor_ignore_for_dead_code	
demo/video-chat/frontend-vue/dist/assets/avatarInput-DrF5noUp.js	296	1	generated:dist	generated_or_vendor_ignore_for_dead_code	
demo/video-chat/frontend-vue/dist/assets/call-workspace-capture-CIL239bx.js	272723	8	generated:dist	generated_or_vendor_ignore_for_dead_code	sfu,gossip,background,security,reconnect,backpressure,quality,capabilities,fallback,repair,keyframe_delta
demo/video-chat/frontend-vue/dist/assets/call-workspace-gossip-mLEl4Gji.js	92406	3	generated:dist	generated_or_vendor_ignore_for_dead_code	sfu,gossip,background,security,reconnect,backpressure,quality,fallback,repair,keyframe_delta
demo/video-chat/frontend-vue/dist/assets/call-workspace-native-D99x9G6R.js	44931	5	generated:dist	generated_or_vendor_ignore_for_dead_code	gossip,security,capabilities,repair
demo/video-chat/frontend-vue/dist/assets/call-workspace-runtime-CQV3ZBs6.css	840	1	generated:dist	generated_or_vendor_ignore_for_dead_code	background
demo/video-chat/frontend-vue/dist/assets/call-workspace-runtime-D0EbcjzH.js	434800	2	generated:dist	generated_or_vendor_ignore_for_dead_code	sfu,gossip,background,security,reconnect,backpressure,quality,capabilities,orchestrator,fallback,repair,keyframe_delta
demo/video-chat/frontend-vue/dist/assets/call-workspace-security-BkpSrlUI.js	120	1	generated:dist	generated_or_vendor_ignore_for_dead_code	
demo/video-chat/frontend-vue/dist/assets/call-workspace-sfu-BAGy6V5i.js	72560	1	generated:dist	generated_or_vendor_ignore_for_dead_code	sfu,gossip,background,security,reconnect,backpressure,quality,capabilities,fallback,repair,keyframe_delta
demo/video-chat/frontend-vue/dist/assets/cancel-NgzoZM68.js	78	1	generated:dist	generated_or_vendor_ignore_for_dead_code	
demo/video-chat/frontend-vue/dist/assets/chat-BH9ywGOO.js	76	1	generated:dist	generated_or_vendor_ignore_for_dead_code	
demo/video-chat/frontend-vue/dist/assets/controller-C1UBBrDs.js	34679	87	generated:dist	generated_or_vendor_ignore_for_dead_code	background,fallback
demo/video-chat/frontend-vue/dist/assets/foregroundReconnect-D-4ej2d6.js	1367	1	generated:dist	generated_or_vendor_ignore_for_dead_code	background,reconnect
demo/video-chat/frontend-vue/dist/assets/imageSegmenterWorker-CMRt14Sj.js	9990	296	generated:dist	generated_or_vendor_ignore_for_dead_code	background,reconnect
demo/video-chat/frontend-vue/dist/assets/index-09fS-fPO.css	51372	1	generated:dist	generated_or_vendor_ignore_for_dead_code	background,keyframe_delta
demo/video-chat/frontend-vue/dist/assets/index-L_-yfXXr.js	3701	1	generated:dist	generated_or_vendor_ignore_for_dead_code	reconnect
demo/video-chat/frontend-vue/dist/assets/king_logo-withslogan-BhO3AanA.js	86	1	generated:dist	generated_or_vendor_ignore_for_dead_code	
demo/video-chat/frontend-vue/dist/assets/lobby-fMPGGTTG.js	77	1	generated:dist	generated_or_vendor_ignore_for_dead_code	
demo/video-chat/frontend-vue/dist/assets/logo-BWCzVqkd.js	70	1	generated:dist	generated_or_vendor_ignore_for_dead_code	
demo/video-chat/frontend-vue/dist/assets/modules-DfTt26d9.js	21261	2	generated:dist	generated_or_vendor_ignore_for_dead_code	gossip,background,fallback
demo/video-chat/frontend-vue/dist/assets/navigationBuilder-BinQcUn0.js	5612	1	generated:dist	generated_or_vendor_ignore_for_dead_code	fallback
demo/video-chat/frontend-vue/dist/assets/orgas/intelligent-intern/logo.svg	21327	28	generated:dist	generated_or_vendor_ignore_for_dead_code	
demo/video-chat/frontend-vue/dist/assets/orgas/kingrt/avatar-placeholder.svg	1103	19	generated:dist	generated_or_vendor_ignore_for_dead_code	
demo/video-chat/frontend-vue/dist/assets/orgas/kingrt/icon.svg	27234	0	generated:dist	generated_or_vendor_ignore_for_dead_code	
demo/video-chat/frontend-vue/dist/assets/orgas/kingrt/icons/add.png	4207	0	generated:dist	generated_or_vendor_ignore_for_dead_code	
demo/video-chat/frontend-vue/dist/assets/orgas/kingrt/icons/add_to_call.png	9082	0	generated:dist	generated_or_vendor_ignore_for_dead_code	
demo/video-chat/frontend-vue/dist/assets/orgas/kingrt/icons/adminoff.png	9334	0	generated:dist	generated_or_vendor_ignore_for_dead_code	
demo/video-chat/frontend-vue/dist/assets/orgas/kingrt/icons/adminon.png	8795	0	generated:dist	generated_or_vendor_ignore_for_dead_code	
demo/video-chat/frontend-vue/dist/assets/orgas/kingrt/icons/aibot.png	7959	0	generated:dist	generated_or_vendor_ignore_for_dead_code	
demo/video-chat/frontend-vue/dist/assets/orgas/kingrt/icons/backward.png	6921	0	generated:dist	generated_or_vendor_ignore_for_dead_code	
demo/video-chat/frontend-vue/dist/assets/orgas/kingrt/icons/blur.png	9800	0	generated:dist	generated_or_vendor_ignore_for_dead_code	
demo/video-chat/frontend-vue/dist/assets/orgas/kingrt/icons/blurmore.png	9495	0	generated:dist	generated_or_vendor_ignore_for_dead_code	
demo/video-chat/frontend-vue/dist/assets/orgas/kingrt/icons/cameraoff.png	8824	0	generated:dist	generated_or_vendor_ignore_for_dead_code	
demo/video-chat/frontend-vue/dist/assets/orgas/kingrt/icons/camon.png	6861	0	generated:dist	generated_or_vendor_ignore_for_dead_code	
demo/video-chat/frontend-vue/dist/assets/orgas/kingrt/icons/cancel.png	6926	0	generated:dist	generated_or_vendor_ignore_for_dead_code	
demo/video-chat/frontend-vue/dist/assets/orgas/kingrt/icons/chat.png	6115	0	generated:dist	generated_or_vendor_ignore_for_dead_code	
demo/video-chat/frontend-vue/dist/assets/orgas/kingrt/icons/desktop.png	5861	0	generated:dist	generated_or_vendor_ignore_for_dead_code	
demo/video-chat/frontend-vue/dist/assets/orgas/kingrt/icons/end_call.png	4251	0	generated:dist	generated_or_vendor_ignore_for_dead_code	
demo/video-chat/frontend-vue/dist/assets/orgas/kingrt/icons/forward.png	7010	0	generated:dist	generated_or_vendor_ignore_for_dead_code	
demo/video-chat/frontend-vue/dist/assets/orgas/kingrt/icons/gear.png	12262	0	generated:dist	generated_or_vendor_ignore_for_dead_code	
demo/video-chat/frontend-vue/dist/assets/orgas/kingrt/icons/hand.png	7607	0	generated:dist	generated_or_vendor_ignore_for_dead_code	
demo/video-chat/frontend-vue/dist/assets/orgas/kingrt/icons/lobby.png	7020	0	generated:dist	generated_or_vendor_ignore_for_dead_code	
demo/video-chat/frontend-vue/dist/assets/orgas/kingrt/icons/micoff.png	9235	0	generated:dist	generated_or_vendor_ignore_for_dead_code	
demo/video-chat/frontend-vue/dist/assets/orgas/kingrt/icons/micon.png	8298	0	generated:dist	generated_or_vendor_ignore_for_dead_code	
demo/video-chat/frontend-vue/dist/assets/orgas/kingrt/icons/remove_user.png	8881	0	generated:dist	generated_or_vendor_ignore_for_dead_code	
demo/video-chat/frontend-vue/dist/assets/orgas/kingrt/icons/send.png	10857	0	generated:dist	generated_or_vendor_ignore_for_dead_code	
demo/video-chat/frontend-vue/dist/assets/orgas/kingrt/icons/share_screen.png	4801	0	generated:dist	generated_or_vendor_ignore_for_dead_code	
demo/video-chat/frontend-vue/dist/assets/orgas/kingrt/icons/solid.png	3931	0	generated:dist	generated_or_vendor_ignore_for_dead_code	
demo/video-chat/frontend-vue/dist/assets/orgas/kingrt/icons/user.png	5809	0	generated:dist	generated_or_vendor_ignore_for_dead_code	
demo/video-chat/frontend-vue/dist/assets/orgas/kingrt/icons/users.png	12049	0	generated:dist	generated_or_vendor_ignore_for_dead_code	
demo/video-chat/frontend-vue/dist/assets/orgas/kingrt/king_logo-withslogan.svg	82786	0	generated:dist	generated_or_vendor_ignore_for_dead_code	
demo/video-chat/frontend-vue/dist/assets/orgas/kingrt/logo.svg	37910	0	generated:dist	generated_or_vendor_ignore_for_dead_code	
demo/video-chat/frontend-vue/dist/assets/orgas/kingrt/social/invitation-preview.png	930157	0	generated:dist	generated_or_vendor_ignore_for_dead_code	
demo/video-chat/frontend-vue/dist/assets/publisherCaptureWorker-DsoA9pEc.ts	7080	205	generated:dist	generated_or_vendor_ignore_for_dead_code	
demo/video-chat/frontend-vue/dist/assets/rolldown-runtime-lhHHWwHU.js	158	1	generated:dist	generated_or_vendor_ignore_for_dead_code	
demo/video-chat/frontend-vue/dist/assets/routeAccess-BLl_Lsgn.js	3393	1	generated:dist	generated_or_vendor_ignore_for_dead_code	background
demo/video-chat/frontend-vue/dist/assets/router-CRfXKArc.js	7486	2	generated:dist	generated_or_vendor_ignore_for_dead_code	sfu,gossip,background,reconnect,fallback
demo/video-chat/frontend-vue/dist/assets/send-CSLhTDf4.js	76	1	generated:dist	generated_or_vendor_ignore_for_dead_code	
demo/video-chat/frontend-vue/dist/assets/solid-DfNKVjj6.js	77	1	generated:dist	generated_or_vendor_ignore_for_dead_code	
demo/video-chat/frontend-vue/dist/assets/tourRuntime-C2klkN29.js	2852	1	generated:dist	generated_or_vendor_ignore_for_dead_code	fallback
demo/video-chat/frontend-vue/dist/assets/useGovernanceCrudPersistence-CAdZuAF4.js	34989	1	generated:dist	generated_or_vendor_ignore_for_dead_code	fallback
demo/video-chat/frontend-vue/dist/assets/useGovernanceCrudPersistence-CAorQuZl.css	3452	1	generated:dist	generated_or_vendor_ignore_for_dead_code	background
demo/video-chat/frontend-vue/dist/assets/vendor-B3l7mx48.css	3761	1	generated:dist	generated_or_vendor_ignore_for_dead_code	background,keyframe_delta
demo/video-chat/frontend-vue/dist/assets/vendor-OFNRweyp.js	409870	15	generated:dist	generated_or_vendor_ignore_for_dead_code	background,security,reconnect,fallback,keyframe_delta
demo/video-chat/frontend-vue/dist/assets/vendor-vue-Ckl23v8Y.js	10296	1	generated:dist	generated_or_vendor_ignore_for_dead_code	
demo/video-chat/frontend-vue/dist/assets/viewState-BYi2WSN_.css	7754	1	generated:dist	generated_or_vendor_ignore_for_dead_code	background
demo/video-chat/frontend-vue/dist/assets/viewState-BpLPV4C1.js	15032	1	generated:dist	generated_or_vendor_ignore_for_dead_code	fallback
demo/video-chat/frontend-vue/dist/assets/wlvc-D6Iy-7RS.wasm	43389	0	generated:dist	generated_or_vendor_ignore_for_dead_code	
demo/video-chat/frontend-vue/dist/call-app/README.md	3245	74	generated:dist	generated_or_vendor_ignore_for_dead_code	sfu
demo/video-chat/frontend-vue/dist/call-app/call-diagnostics/call-app.manifest.json	2389	98	generated:dist	generated_or_vendor_ignore_for_dead_code	sfu,capabilities
demo/video-chat/frontend-vue/dist/call-app/call-diagnostics/crdt.schema.json	1085	50	generated:dist	generated_or_vendor_ignore_for_dead_code	
demo/video-chat/frontend-vue/dist/call-app/call-diagnostics/health.descriptor.json	1079	47	generated:dist	generated_or_vendor_ignore_for_dead_code	
demo/video-chat/frontend-vue/dist/call-app/call-diagnostics/mcp.descriptor.json	1969	71	generated:dist	generated_or_vendor_ignore_for_dead_code	capabilities
demo/video-chat/frontend-vue/dist/call-app/call-diagnostics/public/call-diagnostics.css	8403	520	generated:dist	generated_or_vendor_ignore_for_dead_code	background
demo/video-chat/frontend-vue/dist/call-app/call-diagnostics/public/call-diagnostics.js	30367	748	generated:dist	generated_or_vendor_ignore_for_dead_code	sfu,reconnect,capabilities,fallback,keyframe_delta
demo/video-chat/frontend-vue/dist/call-app/call-diagnostics/public/index.html	4707	94	generated:dist	generated_or_vendor_ignore_for_dead_code	sfu
demo/video-chat/frontend-vue/dist/call-app/planning-image/call-app.manifest.json	2189	86	generated:dist	generated_or_vendor_ignore_for_dead_code	capabilities
demo/video-chat/frontend-vue/dist/call-app/planning-image/crdt.schema.json	1185	53	generated:dist	generated_or_vendor_ignore_for_dead_code	
demo/video-chat/frontend-vue/dist/call-app/planning-image/health.descriptor.json	1073	47	generated:dist	generated_or_vendor_ignore_for_dead_code	
demo/video-chat/frontend-vue/dist/call-app/planning-image/mcp.descriptor.json	1818	62	generated:dist	generated_or_vendor_ignore_for_dead_code	capabilities
demo/video-chat/frontend-vue/dist/call-app/planning-image/public/index.html	1690	42	generated:dist	generated_or_vendor_ignore_for_dead_code	
demo/video-chat/frontend-vue/dist/call-app/planning-image/public/planning-image.css	4185	234	generated:dist	generated_or_vendor_ignore_for_dead_code	background
demo/video-chat/frontend-vue/dist/call-app/planning-image/public/planning-image.js	20703	577	generated:dist	generated_or_vendor_ignore_for_dead_code	capabilities,fallback,keyframe_delta
demo/video-chat/frontend-vue/dist/call-app/presentation/call-app.manifest.json	2427	90	generated:dist	generated_or_vendor_ignore_for_dead_code	capabilities
demo/video-chat/frontend-vue/dist/call-app/presentation/crdt.schema.json	1420	58	generated:dist	generated_or_vendor_ignore_for_dead_code	
demo/video-chat/frontend-vue/dist/call-app/presentation/health.descriptor.json	1067	47	generated:dist	generated_or_vendor_ignore_for_dead_code	
demo/video-chat/frontend-vue/dist/call-app/presentation/mcp.descriptor.json	1809	63	generated:dist	generated_or_vendor_ignore_for_dead_code	capabilities
demo/video-chat/frontend-vue/dist/call-app/presentation/public/index.html	2122	49	generated:dist	generated_or_vendor_ignore_for_dead_code	
demo/video-chat/frontend-vue/dist/call-app/presentation/public/presentation.css	4957	288	generated:dist	generated_or_vendor_ignore_for_dead_code	background
demo/video-chat/frontend-vue/dist/call-app/presentation/public/presentation.js	37551	696	generated:dist	generated_or_vendor_ignore_for_dead_code	capabilities,fallback,keyframe_delta
demo/video-chat/frontend-vue/dist/call-app/spreadsheet/call-app.manifest.json	2320	91	generated:dist	generated_or_vendor_ignore_for_dead_code	capabilities
demo/video-chat/frontend-vue/dist/call-app/spreadsheet/crdt.schema.json	1213	58	generated:dist	generated_or_vendor_ignore_for_dead_code	
demo/video-chat/frontend-vue/dist/call-app/spreadsheet/health.descriptor.json	1064	47	generated:dist	generated_or_vendor_ignore_for_dead_code	
demo/video-chat/frontend-vue/dist/call-app/spreadsheet/mcp.descriptor.json	2214	77	generated:dist	generated_or_vendor_ignore_for_dead_code	capabilities
demo/video-chat/frontend-vue/dist/call-app/spreadsheet/public/index.html	2449	59	generated:dist	generated_or_vendor_ignore_for_dead_code	
demo/video-chat/frontend-vue/dist/call-app/spreadsheet/public/spreadsheet.css	4028	279	generated:dist	generated_or_vendor_ignore_for_dead_code	background
demo/video-chat/frontend-vue/dist/call-app/spreadsheet/public/spreadsheet.js	29859	795	generated:dist	generated_or_vendor_ignore_for_dead_code	background,capabilities
demo/video-chat/frontend-vue/dist/call-app/text-document/call-app.manifest.json	2325	92	generated:dist	generated_or_vendor_ignore_for_dead_code	capabilities
demo/video-chat/frontend-vue/dist/call-app/text-document/crdt.schema.json	1286	60	generated:dist	generated_or_vendor_ignore_for_dead_code	
demo/video-chat/frontend-vue/dist/call-app/text-document/health.descriptor.json	1070	47	generated:dist	generated_or_vendor_ignore_for_dead_code	
demo/video-chat/frontend-vue/dist/call-app/text-document/mcp.descriptor.json	1767	62	generated:dist	generated_or_vendor_ignore_for_dead_code	capabilities
demo/video-chat/frontend-vue/dist/call-app/text-document/public/index.html	2301	53	generated:dist	generated_or_vendor_ignore_for_dead_code	
demo/video-chat/frontend-vue/dist/call-app/text-document/public/text-document.css	4359	271	generated:dist	generated_or_vendor_ignore_for_dead_code	background
demo/video-chat/frontend-vue/dist/call-app/text-document/public/text-document.js	27469	675	generated:dist	generated_or_vendor_ignore_for_dead_code	background,capabilities
demo/video-chat/frontend-vue/dist/call-app/whiteboard/call-app.manifest.json	2259	90	generated:dist	generated_or_vendor_ignore_for_dead_code	capabilities
demo/video-chat/frontend-vue/dist/call-app/whiteboard/crdt.schema.json	1252	60	generated:dist	generated_or_vendor_ignore_for_dead_code	
demo/video-chat/frontend-vue/dist/call-app/whiteboard/health.descriptor.json	1061	47	generated:dist	generated_or_vendor_ignore_for_dead_code	
demo/video-chat/frontend-vue/dist/call-app/whiteboard/mcp.descriptor.json	1711	62	generated:dist	generated_or_vendor_ignore_for_dead_code	capabilities
demo/video-chat/frontend-vue/dist/call-app/whiteboard/public/index.html	3200	65	generated:dist	generated_or_vendor_ignore_for_dead_code	
demo/video-chat/frontend-vue/dist/call-app/whiteboard/public/whiteboard.css	3654	204	generated:dist	generated_or_vendor_ignore_for_dead_code	background
demo/video-chat/frontend-vue/dist/call-app/whiteboard/public/whiteboard.js	31500	805	generated:dist	generated_or_vendor_ignore_for_dead_code	capabilities,fallback
demo/video-chat/frontend-vue/dist/cdn/vendor/mediapipe/models/manifest.json	344	10	generated:dist	generated_or_vendor_ignore_for_dead_code	background
demo/video-chat/frontend-vue/dist/cdn/vendor/mediapipe/models/selfie_multiclass_256x256.tflite	16371837	0	generated:dist	generated_or_vendor_ignore_for_dead_code	background
demo/video-chat/frontend-vue/dist/cdn/vendor/mediapipe/selfie_segmentation/manifest.json	1555	16	generated:dist	generated_or_vendor_ignore_for_dead_code	background
demo/video-chat/frontend-vue/dist/cdn/vendor/mediapipe/selfie_segmentation/selfie_segmentation.binarypb	362	0	generated:dist	generated_or_vendor_ignore_for_dead_code	background
demo/video-chat/frontend-vue/dist/cdn/vendor/mediapipe/selfie_segmentation/selfie_segmentation.js	44542	93	generated:dist	generated_or_vendor_ignore_for_dead_code	background
demo/video-chat/frontend-vue/dist/cdn/vendor/mediapipe/selfie_segmentation/selfie_segmentation.tflite	249024	0	generated:dist	generated_or_vendor_ignore_for_dead_code	background
demo/video-chat/frontend-vue/dist/cdn/vendor/mediapipe/selfie_segmentation/selfie_segmentation_landscape.tflite	249792	0	generated:dist	generated_or_vendor_ignore_for_dead_code	background
demo/video-chat/frontend-vue/dist/cdn/vendor/mediapipe/selfie_segmentation/selfie_segmentation_solution_simd_wasm_bin.data	0	0	generated:dist	generated_or_vendor_ignore_for_dead_code	background
demo/video-chat/frontend-vue/dist/cdn/vendor/mediapipe/selfie_segmentation/selfie_segmentation_solution_simd_wasm_bin.js	276493	21	generated:dist	generated_or_vendor_ignore_for_dead_code	background,reconnect,keyframe_delta
demo/video-chat/frontend-vue/dist/cdn/vendor/mediapipe/selfie_segmentation/selfie_segmentation_solution_simd_wasm_bin.wasm	5694839	0	generated:dist	generated_or_vendor_ignore_for_dead_code	background
demo/video-chat/frontend-vue/dist/cdn/vendor/mediapipe/selfie_segmentation/selfie_segmentation_solution_wasm_bin.js	276488	21	generated:dist	generated_or_vendor_ignore_for_dead_code	background,reconnect,keyframe_delta
demo/video-chat/frontend-vue/dist/cdn/vendor/mediapipe/selfie_segmentation/selfie_segmentation_solution_wasm_bin.wasm	5587523	0	generated:dist	generated_or_vendor_ignore_for_dead_code	background
demo/video-chat/frontend-vue/dist/cdn/vendor/mediapipe/tasks-vision/manifest.json	185	12	generated:dist	generated_or_vendor_ignore_for_dead_code	background
demo/video-chat/frontend-vue/dist/cdn/vendor/mediapipe/tasks-vision/vision_bundle.mjs	136993	2	generated:dist	generated_or_vendor_ignore_for_dead_code	background
demo/video-chat/frontend-vue/dist/cdn/vendor/mediapipe/tasks-vision/vision_bundle_mjs.js.map	344840	0	generated:dist	generated_or_vendor_ignore_for_dead_code	background
demo/video-chat/frontend-vue/dist/cdn/vendor/sinet/metadata-float.json	1112	43	generated:dist	generated_or_vendor_ignore_for_dead_code	background
demo/video-chat/frontend-vue/dist/cdn/vendor/sinet/sinet-float.onnx	118447	0	generated:dist	generated_or_vendor_ignore_for_dead_code	background
demo/video-chat/frontend-vue/dist/cdn/vendor/sinet/sinet.data	310000	0	generated:dist	generated_or_vendor_ignore_for_dead_code	background
demo/video-chat/frontend-vue/dist/cdn/vendor/tensorflow/body-segmentation/body-segmentation.min.js	52587	17	generated:dist	generated_or_vendor_ignore_for_dead_code	background,reconnect
demo/video-chat/frontend-vue/dist/cdn/vendor/tensorflow/manifest.json	952	29	generated:dist	generated_or_vendor_ignore_for_dead_code	background
demo/video-chat/frontend-vue/dist/cdn/vendor/tensorflow/tfjs-backend-webgl/tf-backend-webgl.min.js	399418	18	generated:dist	generated_or_vendor_ignore_for_dead_code	background,keyframe_delta
demo/video-chat/frontend-vue/dist/cdn/vendor/tensorflow/tfjs-converter/tf-converter.min.js	322585	18	generated:dist	generated_or_vendor_ignore_for_dead_code	keyframe_delta
demo/video-chat/frontend-vue/dist/cdn/vendor/tensorflow/tfjs-core/tf-core.min.js	294062	18	generated:dist	generated_or_vendor_ignore_for_dead_code	keyframe_delta
demo/video-chat/frontend-vue/dist/gossip-harness.html	27925	692	generated:dist	generated_or_vendor_ignore_for_dead_code	gossip,background,reconnect,fallback,keyframe_delta
demo/video-chat/frontend-vue/dist/index.html	1885	28	generated:dist	generated_or_vendor_ignore_for_dead_code	gossip
demo/video-chat/frontend-vue/dist/wasm/audio_wasm_internal.js	251982	6889	generated:dist	generated_or_vendor_ignore_for_dead_code	background,regression,fallback,keyframe_delta
demo/video-chat/frontend-vue/dist/wasm/audio_wasm_internal.wasm	6347372	0	generated:dist	generated_or_vendor_ignore_for_dead_code	
demo/video-chat/frontend-vue/dist/wasm/audio_wasm_module_internal.js	252019	6885	generated:dist	generated_or_vendor_ignore_for_dead_code	background,regression,fallback,keyframe_delta
demo/video-chat/frontend-vue/dist/wasm/audio_wasm_module_internal.wasm	6347396	0	generated:dist	generated_or_vendor_ignore_for_dead_code	
demo/video-chat/frontend-vue/dist/wasm/audio_wasm_nosimd_internal.js	251785	6880	generated:dist	generated_or_vendor_ignore_for_dead_code	background,regression,fallback,keyframe_delta
demo/video-chat/frontend-vue/dist/wasm/audio_wasm_nosimd_internal.wasm	6200812	0	generated:dist	generated_or_vendor_ignore_for_dead_code	
demo/video-chat/frontend-vue/dist/wasm/text_wasm_internal.js	251792	6887	generated:dist	generated_or_vendor_ignore_for_dead_code	background,regression,fallback,keyframe_delta
demo/video-chat/frontend-vue/dist/wasm/text_wasm_internal.wasm	6657572	0	generated:dist	generated_or_vendor_ignore_for_dead_code	
demo/video-chat/frontend-vue/dist/wasm/text_wasm_module_internal.js	251828	6883	generated:dist	generated_or_vendor_ignore_for_dead_code	background,regression,fallback,keyframe_delta
demo/video-chat/frontend-vue/dist/wasm/text_wasm_module_internal.wasm	6657594	0	generated:dist	generated_or_vendor_ignore_for_dead_code	
demo/video-chat/frontend-vue/dist/wasm/text_wasm_nosimd_internal.js	251595	6878	generated:dist	generated_or_vendor_ignore_for_dead_code	background,regression,fallback,keyframe_delta
demo/video-chat/frontend-vue/dist/wasm/text_wasm_nosimd_internal.wasm	6513362	0	generated:dist	generated_or_vendor_ignore_for_dead_code	
demo/video-chat/frontend-vue/dist/wasm/vision_wasm_internal.js	322044	8827	generated:dist	generated_or_vendor_ignore_for_dead_code	background,regression,fallback,keyframe_delta
demo/video-chat/frontend-vue/dist/wasm/vision_wasm_internal.wasm	11153617	0	generated:dist	generated_or_vendor_ignore_for_dead_code	
demo/video-chat/frontend-vue/dist/wasm/vision_wasm_module_internal.js	322082	8823	generated:dist	generated_or_vendor_ignore_for_dead_code	background,regression,fallback,keyframe_delta
demo/video-chat/frontend-vue/dist/wasm/vision_wasm_module_internal.wasm	11153641	0	generated:dist	generated_or_vendor_ignore_for_dead_code	
demo/video-chat/frontend-vue/dist/wasm/vision_wasm_nosimd_internal.js	321847	8818	generated:dist	generated_or_vendor_ignore_for_dead_code	background,regression,fallback,keyframe_delta
demo/video-chat/frontend-vue/dist/wasm/vision_wasm_nosimd_internal.wasm	10481398	0	generated:dist	generated_or_vendor_ignore_for_dead_code	
demo/video-chat/frontend-vue/index.html	419	14	other	low_signal_inventory_only	
demo/video-chat/frontend-vue/node_modules/.package-lock.json	39958	1063	generated:node_modules	generated_or_vendor_ignore_for_dead_code	security
demo/video-chat/frontend-vue/node_modules/.vite/deps/@fullcalendar_core.js	331	2	generated:node_modules	generated_or_vendor_ignore_for_dead_code	
demo/video-chat/frontend-vue/node_modules/.vite/deps/@fullcalendar_daygrid.js	831	35	generated:node_modules	generated_or_vendor_ignore_for_dead_code	
demo/video-chat/frontend-vue/node_modules/.vite/deps/@fullcalendar_daygrid.js.map	1444	0	generated:node_modules	generated_or_vendor_ignore_for_dead_code	
demo/video-chat/frontend-vue/node_modules/.vite/deps/@fullcalendar_interaction.js	59156	1643	generated:node_modules	generated_or_vendor_ignore_for_dead_code	keyframe_delta
demo/video-chat/frontend-vue/node_modules/.vite/deps/@fullcalendar_interaction.js.map	127208	0	generated:node_modules	generated_or_vendor_ignore_for_dead_code	
demo/video-chat/frontend-vue/node_modules/.vite/deps/@fullcalendar_timegrid.js	47880	1207	generated:node_modules	generated_or_vendor_ignore_for_dead_code	background,backpressure
demo/video-chat/frontend-vue/node_modules/.vite/deps/@fullcalendar_timegrid.js.map	89530	0	generated:node_modules	generated_or_vendor_ignore_for_dead_code	
demo/video-chat/frontend-vue/node_modules/.vite/deps/_metadata.json	2455	90	generated:node_modules	generated_or_vendor_ignore_for_dead_code	
demo/video-chat/frontend-vue/node_modules/.vite/deps/chunk-DDJX3-wc.js	876	17	generated:node_modules	generated_or_vendor_ignore_for_dead_code	
demo/video-chat/frontend-vue/node_modules/.vite/deps/core-CdbNwj6V.js	306178	8098	generated:node_modules	generated_or_vendor_ignore_for_dead_code	background,reconnect,fallback,keyframe_delta
demo/video-chat/frontend-vue/node_modules/.vite/deps/core-CdbNwj6V.js.map	616469	0	generated:node_modules	generated_or_vendor_ignore_for_dead_code	
demo/video-chat/frontend-vue/node_modules/.vite/deps/driver__js.js	25582	581	generated:node_modules	generated_or_vendor_ignore_for_dead_code	
demo/video-chat/frontend-vue/node_modules/.vite/deps/driver__js.js.map	50494	0	generated:node_modules	generated_or_vendor_ignore_for_dead_code	
demo/video-chat/frontend-vue/node_modules/.vite/deps/internal-B9N3c8Di.js	40838	1024	generated:node_modules	generated_or_vendor_ignore_for_dead_code	background
demo/video-chat/frontend-vue/node_modules/.vite/deps/internal-B9N3c8Di.js.map	76262	0	generated:node_modules	generated_or_vendor_ignore_for_dead_code	
demo/video-chat/frontend-vue/node_modules/.vite/deps/internal-Duli5hF5.js	29	1	generated:node_modules	generated_or_vendor_ignore_for_dead_code	
demo/video-chat/frontend-vue/node_modules/.vite/deps/markdown-it.js	203072	5386	generated:node_modules	generated_or_vendor_ignore_for_dead_code	keyframe_delta
demo/video-chat/frontend-vue/node_modules/.vite/deps/markdown-it.js.map	412204	0	generated:node_modules	generated_or_vendor_ignore_for_dead_code	
demo/video-chat/frontend-vue/node_modules/.vite/deps/onnxruntime-web_wasm.js	96770	3156	generated:node_modules	generated_or_vendor_ignore_for_dead_code	fallback
demo/video-chat/frontend-vue/node_modules/.vite/deps/onnxruntime-web_wasm.js.map	160396	0	generated:node_modules	generated_or_vendor_ignore_for_dead_code	
demo/video-chat/frontend-vue/node_modules/.vite/deps/package.json	23	3	generated:node_modules	generated_or_vendor_ignore_for_dead_code	
demo/video-chat/frontend-vue/node_modules/.vite/deps/pinia.js	152239	5152	generated:node_modules	generated_or_vendor_ignore_for_dead_code	background,fallback,keyframe_delta
demo/video-chat/frontend-vue/node_modules/.vite/deps/pinia.js.map	427514	0	generated:node_modules	generated_or_vendor_ignore_for_dead_code	
demo/video-chat/frontend-vue/node_modules/.vite/deps/vue-router.js	105297	2796	generated:node_modules	generated_or_vendor_ignore_for_dead_code	background,security,reconnect,fallback,keyframe_delta
demo/video-chat/frontend-vue/node_modules/.vite/deps/vue-router.js.map	175840	0	generated:node_modules	generated_or_vendor_ignore_for_dead_code	
demo/video-chat/frontend-vue/node_modules/.vite/deps/vue.js	5886	2	generated:node_modules	generated_or_vendor_ignore_for_dead_code	
demo/video-chat/frontend-vue/node_modules/.vite/deps/vue.runtime.esm-bundler-CL7UYC5z.js	322131	8579	generated:node_modules	generated_or_vendor_ignore_for_dead_code	background,fallback
demo/video-chat/frontend-vue/node_modules/.vite/deps/vue.runtime.esm-bundler-CL7UYC5z.js.map	622348	0	generated:node_modules	generated_or_vendor_ignore_for_dead_code	
demo/video-chat/frontend-vue/node_modules/@babel/helper-string-parser/LICENSE	1106	22	generated:node_modules	generated_or_vendor_ignore_for_dead_code	
demo/video-chat/frontend-vue/node_modules/@babel/helper-string-parser/README.md	335	19	generated:node_modules	generated_or_vendor_ignore_for_dead_code	
demo/video-chat/frontend-vue/node_modules/@babel/helper-string-parser/lib/index.js	7860	295	generated:node_modules	generated_or_vendor_ignore_for_dead_code	
demo/video-chat/frontend-vue/node_modules/@babel/helper-string-parser/lib/index.js.map	21757	0	generated:node_modules	generated_or_vendor_ignore_for_dead_code	
demo/video-chat/frontend-vue/node_modules/@babel/helper-string-parser/package.json	758	31	generated:node_modules	generated_or_vendor_ignore_for_dead_code	
demo/video-chat/frontend-vue/node_modules/@babel/helper-validator-identifier/LICENSE	1106	22	generated:node_modules	generated_or_vendor_ignore_for_dead_code	
demo/video-chat/frontend-vue/node_modules/@babel/helper-validator-identifier/README.md	369	19	generated:node_modules	generated_or_vendor_ignore_for_dead_code	
demo/video-chat/frontend-vue/node_modules/@babel/helper-validator-identifier/lib/identifier.js	12543	70	generated:node_modules	generated_or_vendor_ignore_for_dead_code	
demo/video-chat/frontend-vue/node_modules/@babel/helper-validator-identifier/lib/identifier.js.map	26771	0	generated:node_modules	generated_or_vendor_ignore_for_dead_code	
demo/video-chat/frontend-vue/node_modules/@babel/helper-validator-identifier/lib/index.js	1362	57	generated:node_modules	generated_or_vendor_ignore_for_dead_code	
demo/video-chat/frontend-vue/node_modules/@babel/helper-validator-identifier/lib/index.js.map	505	0	generated:node_modules	generated_or_vendor_ignore_for_dead_code	
demo/video-chat/frontend-vue/node_modules/@babel/helper-validator-identifier/lib/keyword.js	1577	35	generated:node_modules	generated_or_vendor_ignore_for_dead_code	
demo/video-chat/frontend-vue/node_modules/@babel/helper-validator-identifier/lib/keyword.js.map	3842	0	generated:node_modules	generated_or_vendor_ignore_for_dead_code	
demo/video-chat/frontend-vue/node_modules/@babel/helper-validator-identifier/package.json	738	31	generated:node_modules	generated_or_vendor_ignore_for_dead_code	
demo/video-chat/frontend-vue/node_modules/@babel/parser/CHANGELOG.md	38238	1073	generated:node_modules	generated_or_vendor_ignore_for_dead_code	regression
demo/video-chat/frontend-vue/node_modules/@babel/parser/LICENSE	1086	19	generated:node_modules	generated_or_vendor_ignore_for_dead_code	
demo/video-chat/frontend-vue/node_modules/@babel/parser/README.md	412	19	generated:node_modules	generated_or_vendor_ignore_for_dead_code	
demo/video-chat/frontend-vue/node_modules/@babel/parser/bin/babel-parser.js	363	15	generated:node_modules	generated_or_vendor_ignore_for_dead_code	
demo/video-chat/frontend-vue/node_modules/@babel/parser/lib/index.js	512070	14582	generated:node_modules	generated_or_vendor_ignore_for_dead_code	security,repair,keyframe_delta
demo/video-chat/frontend-vue/node_modules/@babel/parser/lib/index.js.map	1432668	0	generated:node_modules	generated_or_vendor_ignore_for_dead_code	
demo/video-chat/frontend-vue/node_modules/@babel/parser/package.json	1382	50	generated:node_modules	generated_or_vendor_ignore_for_dead_code	
demo/video-chat/frontend-vue/node_modules/@babel/parser/typings/babel-parser.d.ts	9317	262	generated:node_modules	generated_or_vendor_ignore_for_dead_code	repair
demo/video-chat/frontend-vue/node_modules/@babel/types/LICENSE	1106	22	generated:node_modules	generated_or_vendor_ignore_for_dead_code	
demo/video-chat/frontend-vue/node_modules/@babel/types/README.md	446	19	generated:node_modules	generated_or_vendor_ignore_for_dead_code	
demo/video-chat/frontend-vue/node_modules/@babel/types/lib/asserts/assertNode.js	465	16	generated:node_modules	generated_or_vendor_ignore_for_dead_code	
demo/video-chat/frontend-vue/node_modules/@babel/types/lib/asserts/assertNode.js.map	842	0	generated:node_modules	generated_or_vendor_ignore_for_dead_code	
demo/video-chat/frontend-vue/node_modules/@babel/types/lib/asserts/generated/index.js	45593	1251	generated:node_modules	generated_or_vendor_ignore_for_dead_code	
demo/video-chat/frontend-vue/node_modules/@babel/types/lib/asserts/generated/index.js.map	101071	0	generated:node_modules	generated_or_vendor_ignore_for_dead_code	
demo/video-chat/frontend-vue/node_modules/@babel/types/lib/ast-types/generated/index.js	49	3	generated:node_modules	generated_or_vendor_ignore_for_dead_code	
demo/video-chat/frontend-vue/node_modules/@babel/types/lib/ast-types/generated/index.js.map	223851	0	generated:node_modules	generated_or_vendor_ignore_for_dead_code	
demo/video-chat/frontend-vue/node_modules/@babel/types/lib/builders/flow/createFlowUnionType.js	534	18	generated:node_modules	generated_or_vendor_ignore_for_dead_code	
demo/video-chat/frontend-vue/node_modules/@babel/types/lib/builders/flow/createFlowUnionType.js.map	1208	0	generated:node_modules	generated_or_vendor_ignore_for_dead_code	
demo/video-chat/frontend-vue/node_modules/@babel/types/lib/builders/flow/createTypeAnnotationBasedOnTypeof.js	1058	31	generated:node_modules	generated_or_vendor_ignore_for_dead_code	
demo/video-chat/frontend-vue/node_modules/@babel/types/lib/builders/flow/createTypeAnnotationBasedOnTypeof.js.map	2662	0	generated:node_modules	generated_or_vendor_ignore_for_dead_code	
demo/video-chat/frontend-vue/node_modules/@babel/types/lib/builders/generated/index.js	809	29	generated:node_modules	generated_or_vendor_ignore_for_dead_code	
demo/video-chat/frontend-vue/node_modules/@babel/types/lib/builders/generated/index.js.map	6773	0	generated:node_modules	generated_or_vendor_ignore_for_dead_code	
demo/video-chat/frontend-vue/node_modules/@babel/types/lib/builders/generated/lowercase.js	85733	2902	generated:node_modules	generated_or_vendor_ignore_for_dead_code	
demo/video-chat/frontend-vue/node_modules/@babel/types/lib/builders/generated/lowercase.js.map	203104	0	generated:node_modules	generated_or_vendor_ignore_for_dead_code	
demo/video-chat/frontend-vue/node_modules/@babel/types/lib/builders/generated/uppercase.js	27089	272	generated:node_modules	generated_or_vendor_ignore_for_dead_code	
demo/video-chat/frontend-vue/node_modules/@babel/types/lib/builders/generated/uppercase.js.map	36712	0	generated:node_modules	generated_or_vendor_ignore_for_dead_code	
demo/video-chat/frontend-vue/node_modules/@babel/types/lib/builders/productions.js	333	12	generated:node_modules	generated_or_vendor_ignore_for_dead_code	
demo/video-chat/frontend-vue/node_modules/@babel/types/lib/builders/productions.js.map	527	0	generated:node_modules	generated_or_vendor_ignore_for_dead_code	
demo/video-chat/frontend-vue/node_modules/@babel/types/lib/builders/react/buildChildren.js	769	24	generated:node_modules	generated_or_vendor_ignore_for_dead_code	
demo/video-chat/frontend-vue/node_modules/@babel/types/lib/builders/react/buildChildren.js.map	1797	0	generated:node_modules	generated_or_vendor_ignore_for_dead_code	
demo/video-chat/frontend-vue/node_modules/@babel/types/lib/builders/typescript/createTSUnionType.js	729	22	generated:node_modules	generated_or_vendor_ignore_for_dead_code	
demo/video-chat/frontend-vue/node_modules/@babel/types/lib/builders/typescript/createTSUnionType.js.map	1626	0	generated:node_modules	generated_or_vendor_ignore_for_dead_code	
demo/video-chat/frontend-vue/node_modules/@babel/types/lib/builders/validateNode.js	614	21	generated:node_modules	generated_or_vendor_ignore_for_dead_code	
demo/video-chat/frontend-vue/node_modules/@babel/types/lib/builders/validateNode.js.map	1469	0	generated:node_modules	generated_or_vendor_ignore_for_dead_code	
demo/video-chat/frontend-vue/node_modules/@babel/types/lib/clone/clone.js	256	12	generated:node_modules	generated_or_vendor_ignore_for_dead_code	
demo/video-chat/frontend-vue/node_modules/@babel/types/lib/clone/clone.js.map	627	0	generated:node_modules	generated_or_vendor_ignore_for_dead_code	
demo/video-chat/frontend-vue/node_modules/@babel/types/lib/clone/cloneDeep.js	261	12	generated:node_modules	generated_or_vendor_ignore_for_dead_code	
demo/video-chat/frontend-vue/node_modules/@babel/types/lib/clone/cloneDeep.js.map	635	0	generated:node_modules	generated_or_vendor_ignore_for_dead_code	
demo/video-chat/frontend-vue/node_modules/@babel/types/lib/clone/cloneDeepWithoutLoc.js	303	12	generated:node_modules	generated_or_vendor_ignore_for_dead_code	
demo/video-chat/frontend-vue/node_modules/@babel/types/lib/clone/cloneDeepWithoutLoc.js.map	735	0	generated:node_modules	generated_or_vendor_ignore_for_dead_code	
demo/video-chat/frontend-vue/node_modules/@babel/types/lib/clone/cloneNode.js	3314	107	generated:node_modules	generated_or_vendor_ignore_for_dead_code	
demo/video-chat/frontend-vue/node_modules/@babel/types/lib/clone/cloneNode.js.map	9135	0	generated:node_modules	generated_or_vendor_ignore_for_dead_code	
demo/video-chat/frontend-vue/node_modules/@babel/types/lib/clone/cloneWithoutLoc.js	292	12	generated:node_modules	generated_or_vendor_ignore_for_dead_code	
demo/video-chat/frontend-vue/node_modules/@babel/types/lib/clone/cloneWithoutLoc.js.map	642	0	generated:node_modules	generated_or_vendor_ignore_for_dead_code	
demo/video-chat/frontend-vue/node_modules/@babel/types/lib/comments/addComment.js	374	15	generated:node_modules	generated_or_vendor_ignore_for_dead_code	
demo/video-chat/frontend-vue/node_modules/@babel/types/lib/comments/addComment.js.map	898	0	generated:node_modules	generated_or_vendor_ignore_for_dead_code	
demo/video-chat/frontend-vue/node_modules/@babel/types/lib/comments/addComments.js	476	22	generated:node_modules	generated_or_vendor_ignore_for_dead_code	
demo/video-chat/frontend-vue/node_modules/@babel/types/lib/comments/addComments.js.map	1195	0	generated:node_modules	generated_or_vendor_ignore_for_dead_code	
demo/video-chat/frontend-vue/node_modules/@babel/types/lib/comments/inheritInnerComments.js	323	12	generated:node_modules	generated_or_vendor_ignore_for_dead_code	
demo/video-chat/frontend-vue/node_modules/@babel/types/lib/comments/inheritInnerComments.js.map	576	0	generated:node_modules	generated_or_vendor_ignore_for_dead_code	
demo/video-chat/frontend-vue/node_modules/@babel/types/lib/comments/inheritLeadingComments.js	331	12	generated:node_modules	generated_or_vendor_ignore_for_dead_code	
demo/video-chat/frontend-vue/node_modules/@babel/types/lib/comments/inheritLeadingComments.js.map	586	0	generated:node_modules	generated_or_vendor_ignore_for_dead_code	
demo/video-chat/frontend-vue/node_modules/@babel/types/lib/comments/inheritTrailingComments.js	335	12	generated:node_modules	generated_or_vendor_ignore_for_dead_code	
demo/video-chat/frontend-vue/node_modules/@babel/types/lib/comments/inheritTrailingComments.js.map	590	0	generated:node_modules	generated_or_vendor_ignore_for_dead_code	
demo/video-chat/frontend-vue/node_modules/@babel/types/lib/comments/inheritsComments.js	595	17	generated:node_modules	generated_or_vendor_ignore_for_dead_code	
demo/video-chat/frontend-vue/node_modules/@babel/types/lib/comments/inheritsComments.js.map	1195	0	generated:node_modules	generated_or_vendor_ignore_for_dead_code	
demo/video-chat/frontend-vue/node_modules/@babel/types/lib/comments/removeComments.js	321	15	generated:node_modules	generated_or_vendor_ignore_for_dead_code	
demo/video-chat/frontend-vue/node_modules/@babel/types/lib/comments/removeComments.js.map	691	0	generated:node_modules	generated_or_vendor_ignore_for_dead_code	
demo/video-chat/frontend-vue/node_modules/@babel/types/lib/constants/generated/index.js	6364	60	generated:node_modules	generated_or_vendor_ignore_for_dead_code	
demo/video-chat/frontend-vue/node_modules/@babel/types/lib/constants/generated/index.js.map	8657	0	generated:node_modules	generated_or_vendor_ignore_for_dead_code	
demo/video-chat/frontend-vue/node_modules/@babel/types/lib/constants/index.js	2739	31	generated:node_modules	generated_or_vendor_ignore_for_dead_code	
demo/video-chat/frontend-vue/node_modules/@babel/types/lib/constants/index.js.map	4674	0	generated:node_modules	generated_or_vendor_ignore_for_dead_code	
demo/video-chat/frontend-vue/node_modules/@babel/types/lib/converters/ensureBlock.js	333	14	generated:node_modules	generated_or_vendor_ignore_for_dead_code	
demo/video-chat/frontend-vue/node_modules/@babel/types/lib/converters/ensureBlock.js.map	1022	0	generated:node_modules	generated_or_vendor_ignore_for_dead_code	
demo/video-chat/frontend-vue/node_modules/@babel/types/lib/converters/gatherSequenceExpressions.js	2437	65	generated:node_modules	generated_or_vendor_ignore_for_dead_code	
demo/video-chat/frontend-vue/node_modules/@babel/types/lib/converters/gatherSequenceExpressions.js.map	6220	0	generated:node_modules	generated_or_vendor_ignore_for_dead_code	
demo/video-chat/frontend-vue/node_modules/@babel/types/lib/converters/toBindingIdentifierName.js	393	14	generated:node_modules	generated_or_vendor_ignore_for_dead_code	
demo/video-chat/frontend-vue/node_modules/@babel/types/lib/converters/toBindingIdentifierName.js.map	673	0	generated:node_modules	generated_or_vendor_ignore_for_dead_code	
demo/video-chat/frontend-vue/node_modules/@babel/types/lib/converters/toBlock.js	758	29	generated:node_modules	generated_or_vendor_ignore_for_dead_code	
demo/video-chat/frontend-vue/node_modules/@babel/types/lib/converters/toBlock.js.map	1709	0	generated:node_modules	generated_or_vendor_ignore_for_dead_code	
demo/video-chat/frontend-vue/node_modules/@babel/types/lib/converters/toComputedKey.js	450	14	generated:node_modules	generated_or_vendor_ignore_for_dead_code	
demo/video-chat/frontend-vue/node_modules/@babel/types/lib/converters/toComputedKey.js.map	1219	0	generated:node_modules	generated_or_vendor_ignore_for_dead_code	
demo/video-chat/frontend-vue/node_modules/@babel/types/lib/converters/toExpression.js	737	28	generated:node_modules	generated_or_vendor_ignore_for_dead_code	
demo/video-chat/frontend-vue/node_modules/@babel/types/lib/converters/toExpression.js.map	2534	0	generated:node_modules	generated_or_vendor_ignore_for_dead_code	
demo/video-chat/frontend-vue/node_modules/@babel/types/lib/converters/toIdentifier.js	737	25	generated:node_modules	generated_or_vendor_ignore_for_dead_code	
demo/video-chat/frontend-vue/node_modules/@babel/types/lib/converters/toIdentifier.js.map	1649	0	generated:node_modules	generated_or_vendor_ignore_for_dead_code	
demo/video-chat/frontend-vue/node_modules/@babel/types/lib/converters/toKeyAlias.js	1047	38	generated:node_modules	generated_or_vendor_ignore_for_dead_code	
demo/video-chat/frontend-vue/node_modules/@babel/types/lib/converters/toKeyAlias.js.map	2667	0	generated:node_modules	generated_or_vendor_ignore_for_dead_code	
demo/video-chat/frontend-vue/node_modules/@babel/types/lib/converters/toSequenceExpression.js	540	19	generated:node_modules	generated_or_vendor_ignore_for_dead_code	
demo/video-chat/frontend-vue/node_modules/@babel/types/lib/converters/toSequenceExpression.js.map	1807	0	generated:node_modules	generated_or_vendor_ignore_for_dead_code	
demo/video-chat/frontend-vue/node_modules/@babel/types/lib/converters/toStatement.js	997	39	generated:node_modules	generated_or_vendor_ignore_for_dead_code	
demo/video-chat/frontend-vue/node_modules/@babel/types/lib/converters/toStatement.js.map	2973	0	generated:node_modules	generated_or_vendor_ignore_for_dead_code	
demo/video-chat/frontend-vue/node_modules/@babel/types/lib/converters/valueToNode.js	2832	89	generated:node_modules	generated_or_vendor_ignore_for_dead_code	
demo/video-chat/frontend-vue/node_modules/@babel/types/lib/converters/valueToNode.js.map	7811	0	generated:node_modules	generated_or_vendor_ignore_for_dead_code	
demo/video-chat/frontend-vue/node_modules/@babel/types/lib/definitions/core.js	55646	1725	generated:node_modules	generated_or_vendor_ignore_for_dead_code	
demo/video-chat/frontend-vue/node_modules/@babel/types/lib/definitions/core.js.map	128496	0	generated:node_modules	generated_or_vendor_ignore_for_dead_code	
demo/video-chat/frontend-vue/node_modules/@babel/types/lib/definitions/deprecated-aliases.js	275	11	generated:node_modules	generated_or_vendor_ignore_for_dead_code	
demo/video-chat/frontend-vue/node_modules/@babel/types/lib/definitions/deprecated-aliases.js.map	359	0	generated:node_modules	generated_or_vendor_ignore_for_dead_code	
demo/video-chat/frontend-vue/node_modules/@babel/types/lib/definitions/experimental.js	2887	124	generated:node_modules	generated_or_vendor_ignore_for_dead_code	
demo/video-chat/frontend-vue/node_modules/@babel/types/lib/definitions/experimental.js.map	6965	0	generated:node_modules	generated_or_vendor_ignore_for_dead_code	
demo/video-chat/frontend-vue/node_modules/@babel/types/lib/definitions/flow.js	16513	495	generated:node_modules	generated_or_vendor_ignore_for_dead_code	
demo/video-chat/frontend-vue/node_modules/@babel/types/lib/definitions/flow.js.map	33424	0	generated:node_modules	generated_or_vendor_ignore_for_dead_code	
demo/video-chat/frontend-vue/node_modules/@babel/types/lib/definitions/index.js	2749	106	generated:node_modules	generated_or_vendor_ignore_for_dead_code	
demo/video-chat/frontend-vue/node_modules/@babel/types/lib/definitions/index.js.map	2770	0	generated:node_modules	generated_or_vendor_ignore_for_dead_code	
demo/video-chat/frontend-vue/node_modules/@babel/types/lib/definitions/jsx.js	4231	157	generated:node_modules	generated_or_vendor_ignore_for_dead_code	
demo/video-chat/frontend-vue/node_modules/@babel/types/lib/definitions/jsx.js.map	9458	0	generated:node_modules	generated_or_vendor_ignore_for_dead_code	
demo/video-chat/frontend-vue/node_modules/@babel/types/lib/definitions/misc.js	746	31	generated:node_modules	generated_or_vendor_ignore_for_dead_code	
demo/video-chat/frontend-vue/node_modules/@babel/types/lib/definitions/misc.js.map	1872	0	generated:node_modules	generated_or_vendor_ignore_for_dead_code	
demo/video-chat/frontend-vue/node_modules/@babel/types/lib/definitions/placeholders.js	1042	27	generated:node_modules	generated_or_vendor_ignore_for_dead_code	
demo/video-chat/frontend-vue/node_modules/@babel/types/lib/definitions/placeholders.js.map	2051	0	generated:node_modules	generated_or_vendor_ignore_for_dead_code	
demo/video-chat/frontend-vue/node_modules/@babel/types/lib/definitions/typescript.js	16858	528	generated:node_modules	generated_or_vendor_ignore_for_dead_code	
demo/video-chat/frontend-vue/node_modules/@babel/types/lib/definitions/typescript.js.map	39441	0	generated:node_modules	generated_or_vendor_ignore_for_dead_code	
demo/video-chat/frontend-vue/node_modules/@babel/types/lib/definitions/utils.js	9685	296	generated:node_modules	generated_or_vendor_ignore_for_dead_code	
demo/video-chat/frontend-vue/node_modules/@babel/types/lib/definitions/utils.js.map	23660	0	generated:node_modules	generated_or_vendor_ignore_for_dead_code	
demo/video-chat/frontend-vue/node_modules/@babel/types/lib/index-legacy.d.ts	170968	2797	generated:node_modules	generated_or_vendor_ignore_for_dead_code	
demo/video-chat/frontend-vue/node_modules/@babel/types/lib/index.d.ts	666005	3617	generated:node_modules	generated_or_vendor_ignore_for_dead_code	
demo/video-chat/frontend-vue/node_modules/@babel/types/lib/index.js	17306	582	generated:node_modules	generated_or_vendor_ignore_for_dead_code	
demo/video-chat/frontend-vue/node_modules/@babel/types/lib/index.js.flow	179591	2650	generated:node_modules	generated_or_vendor_ignore_for_dead_code	
demo/video-chat/frontend-vue/node_modules/@babel/types/lib/index.js.map	13272	0	generated:node_modules	generated_or_vendor_ignore_for_dead_code	
demo/video-chat/frontend-vue/node_modules/@babel/types/lib/modifications/appendToMemberExpression.js	480	15	generated:node_modules	generated_or_vendor_ignore_for_dead_code	
demo/video-chat/frontend-vue/node_modules/@babel/types/lib/modifications/appendToMemberExpression.js.map	1112	0	generated:node_modules	generated_or_vendor_ignore_for_dead_code	
demo/video-chat/frontend-vue/node_modules/@babel/types/lib/modifications/flow/removeTypeDuplicates.js	1869	65	generated:node_modules	generated_or_vendor_ignore_for_dead_code	
demo/video-chat/frontend-vue/node_modules/@babel/types/lib/modifications/flow/removeTypeDuplicates.js.map	5013	0	generated:node_modules	generated_or_vendor_ignore_for_dead_code	
demo/video-chat/frontend-vue/node_modules/@babel/types/lib/modifications/inherits.js	746	28	generated:node_modules	generated_or_vendor_ignore_for_dead_code	
demo/video-chat/frontend-vue/node_modules/@babel/types/lib/modifications/inherits.js.map	2166	0	generated:node_modules	generated_or_vendor_ignore_for_dead_code	
demo/video-chat/frontend-vue/node_modules/@babel/types/lib/modifications/prependToMemberExpression.js	552	17	generated:node_modules	generated_or_vendor_ignore_for_dead_code	
demo/video-chat/frontend-vue/node_modules/@babel/types/lib/modifications/prependToMemberExpression.js.map	1179	0	generated:node_modules	generated_or_vendor_ignore_for_dead_code	
demo/video-chat/frontend-vue/node_modules/@babel/types/lib/modifications/removeProperties.js	802	24	generated:node_modules	generated_or_vendor_ignore_for_dead_code	
demo/video-chat/frontend-vue/node_modules/@babel/types/lib/modifications/removeProperties.js.map	2403	0	generated:node_modules	generated_or_vendor_ignore_for_dead_code	
demo/video-chat/frontend-vue/node_modules/@babel/types/lib/modifications/removePropertiesDeep.js	418	14	generated:node_modules	generated_or_vendor_ignore_for_dead_code	
demo/video-chat/frontend-vue/node_modules/@babel/types/lib/modifications/removePropertiesDeep.js.map	803	0	generated:node_modules	generated_or_vendor_ignore_for_dead_code	
demo/video-chat/frontend-vue/node_modules/@babel/types/lib/modifications/typescript/removeTypeDuplicates.js	2006	66	generated:node_modules	generated_or_vendor_ignore_for_dead_code	
demo/video-chat/frontend-vue/node_modules/@babel/types/lib/modifications/typescript/removeTypeDuplicates.js.map	5472	0	generated:node_modules	generated_or_vendor_ignore_for_dead_code	
demo/video-chat/frontend-vue/node_modules/@babel/types/lib/retrievers/getAssignmentIdentifiers.js	1156	48	generated:node_modules	generated_or_vendor_ignore_for_dead_code	
demo/video-chat/frontend-vue/node_modules/@babel/types/lib/retrievers/getAssignmentIdentifiers.js.map	2825	0	generated:node_modules	generated_or_vendor_ignore_for_dead_code	
demo/video-chat/frontend-vue/node_modules/@babel/types/lib/retrievers/getBindingIdentifiers.js	2949	102	generated:node_modules	generated_or_vendor_ignore_for_dead_code	
demo/video-chat/frontend-vue/node_modules/@babel/types/lib/retrievers/getBindingIdentifiers.js.map	9016	0	generated:node_modules	generated_or_vendor_ignore_for_dead_code	
demo/video-chat/frontend-vue/node_modules/@babel/types/lib/retrievers/getFunctionName.js	1721	63	generated:node_modules	generated_or_vendor_ignore_for_dead_code	
demo/video-chat/frontend-vue/node_modules/@babel/types/lib/retrievers/getFunctionName.js.map	4955	0	generated:node_modules	generated_or_vendor_ignore_for_dead_code	
demo/video-chat/frontend-vue/node_modules/@babel/types/lib/retrievers/getOuterBindingIdentifiers.js	419	13	generated:node_modules	generated_or_vendor_ignore_for_dead_code	
demo/video-chat/frontend-vue/node_modules/@babel/types/lib/retrievers/getOuterBindingIdentifiers.js.map	1112	0	generated:node_modules	generated_or_vendor_ignore_for_dead_code	
demo/video-chat/frontend-vue/node_modules/@babel/types/lib/traverse/traverse.js	1227	50	generated:node_modules	generated_or_vendor_ignore_for_dead_code	
demo/video-chat/frontend-vue/node_modules/@babel/types/lib/traverse/traverse.js.map	3536	0	generated:node_modules	generated_or_vendor_ignore_for_dead_code	
demo/video-chat/frontend-vue/node_modules/@babel/types/lib/traverse/traverseFast.js	961	40	generated:node_modules	generated_or_vendor_ignore_for_dead_code	
demo/video-chat/frontend-vue/node_modules/@babel/types/lib/traverse/traverseFast.js.map	2789	0	generated:node_modules	generated_or_vendor_ignore_for_dead_code	
demo/video-chat/frontend-vue/node_modules/@babel/types/lib/utils/deprecationWarning.js	1223	44	generated:node_modules	generated_or_vendor_ignore_for_dead_code	
demo/video-chat/frontend-vue/node_modules/@babel/types/lib/utils/deprecationWarning.js.map	3225	0	generated:node_modules	generated_or_vendor_ignore_for_dead_code	
demo/video-chat/frontend-vue/node_modules/@babel/types/lib/utils/inherit.js	304	13	generated:node_modules	generated_or_vendor_ignore_for_dead_code	
demo/video-chat/frontend-vue/node_modules/@babel/types/lib/utils/inherit.js.map	890	0	generated:node_modules	generated_or_vendor_ignore_for_dead_code	
demo/video-chat/frontend-vue/node_modules/@babel/types/lib/utils/react/cleanJSXElementLiteralChild.js	1175	40	generated:node_modules	generated_or_vendor_ignore_for_dead_code	
demo/video-chat/frontend-vue/node_modules/@babel/types/lib/utils/react/cleanJSXElementLiteralChild.js.map	2838	0	generated:node_modules	generated_or_vendor_ignore_for_dead_code	
demo/video-chat/frontend-vue/node_modules/@babel/types/lib/utils/shallowEqual.js	350	17	generated:node_modules	generated_or_vendor_ignore_for_dead_code	
demo/video-chat/frontend-vue/node_modules/@babel/types/lib/utils/shallowEqual.js.map	811	0	generated:node_modules	generated_or_vendor_ignore_for_dead_code	
demo/video-chat/frontend-vue/node_modules/@babel/types/lib/validators/buildMatchMemberExpression.js	409	13	generated:node_modules	generated_or_vendor_ignore_for_dead_code	
demo/video-chat/frontend-vue/node_modules/@babel/types/lib/validators/buildMatchMemberExpression.js.map	1079	0	generated:node_modules	generated_or_vendor_ignore_for_dead_code	
demo/video-chat/frontend-vue/node_modules/@babel/types/lib/validators/generated/index.js	96324	2797	generated:node_modules	generated_or_vendor_ignore_for_dead_code	
demo/video-chat/frontend-vue/node_modules/@babel/types/lib/validators/generated/index.js.map	290238	0	generated:node_modules	generated_or_vendor_ignore_for_dead_code	
demo/video-chat/frontend-vue/node_modules/@babel/types/lib/validators/is.js	769	27	generated:node_modules	generated_or_vendor_ignore_for_dead_code	
demo/video-chat/frontend-vue/node_modules/@babel/types/lib/validators/is.js.map	3049	0	generated:node_modules	generated_or_vendor_ignore_for_dead_code	
demo/video-chat/frontend-vue/node_modules/@babel/types/lib/validators/isBinding.js	776	27	generated:node_modules	generated_or_vendor_ignore_for_dead_code	
demo/video-chat/frontend-vue/node_modules/@babel/types/lib/validators/isBinding.js.map	2033	0	generated:node_modules	generated_or_vendor_ignore_for_dead_code	
demo/video-chat/frontend-vue/node_modules/@babel/types/lib/validators/isBlockScoped.js	390	13	generated:node_modules	generated_or_vendor_ignore_for_dead_code	
demo/video-chat/frontend-vue/node_modules/@babel/types/lib/validators/isBlockScoped.js.map	841	0	generated:node_modules	generated_or_vendor_ignore_for_dead_code	
demo/video-chat/frontend-vue/node_modules/@babel/types/lib/validators/isImmutable.js	487	21	generated:node_modules	generated_or_vendor_ignore_for_dead_code	
demo/video-chat/frontend-vue/node_modules/@babel/types/lib/validators/isImmutable.js.map	1062	0	generated:node_modules	generated_or_vendor_ignore_for_dead_code	
demo/video-chat/frontend-vue/node_modules/@babel/types/lib/validators/isLet.js	384	13	generated:node_modules	generated_or_vendor_ignore_for_dead_code	
demo/video-chat/frontend-vue/node_modules/@babel/types/lib/validators/isLet.js.map	1169	0	generated:node_modules	generated_or_vendor_ignore_for_dead_code	
demo/video-chat/frontend-vue/node_modules/@babel/types/lib/validators/isNode.js	270	12	generated:node_modules	generated_or_vendor_ignore_for_dead_code	
demo/video-chat/frontend-vue/node_modules/@babel/types/lib/validators/isNode.js.map	534	0	generated:node_modules	generated_or_vendor_ignore_for_dead_code	
demo/video-chat/frontend-vue/node_modules/@babel/types/lib/validators/isNodesEquivalent.js	1481	57	generated:node_modules	generated_or_vendor_ignore_for_dead_code	
demo/video-chat/frontend-vue/node_modules/@babel/types/lib/validators/isNodesEquivalent.js.map	3489	0	generated:node_modules	generated_or_vendor_ignore_for_dead_code	
demo/video-chat/frontend-vue/node_modules/@babel/types/lib/validators/isPlaceholderType.js	470	15	generated:node_modules	generated_or_vendor_ignore_for_dead_code	
demo/video-chat/frontend-vue/node_modules/@babel/types/lib/validators/isPlaceholderType.js.map	999	0	generated:node_modules	generated_or_vendor_ignore_for_dead_code	
demo/video-chat/frontend-vue/node_modules/@babel/types/lib/validators/isReferenced.js	2615	96	generated:node_modules	generated_or_vendor_ignore_for_dead_code	
demo/video-chat/frontend-vue/node_modules/@babel/types/lib/validators/isReferenced.js.map	7035	0	generated:node_modules	generated_or_vendor_ignore_for_dead_code	
demo/video-chat/frontend-vue/node_modules/@babel/types/lib/validators/isScope.js	534	18	generated:node_modules	generated_or_vendor_ignore_for_dead_code	
demo/video-chat/frontend-vue/node_modules/@babel/types/lib/validators/isScope.js.map	1517	0	generated:node_modules	generated_or_vendor_ignore_for_dead_code	
demo/video-chat/frontend-vue/node_modules/@babel/types/lib/validators/isSpecifierDefault.js	410	14	generated:node_modules	generated_or_vendor_ignore_for_dead_code	
demo/video-chat/frontend-vue/node_modules/@babel/types/lib/validators/isSpecifierDefault.js.map	994	0	generated:node_modules	generated_or_vendor_ignore_for_dead_code	
demo/video-chat/frontend-vue/node_modules/@babel/types/lib/validators/isType.js	505	17	generated:node_modules	generated_or_vendor_ignore_for_dead_code	
demo/video-chat/frontend-vue/node_modules/@babel/types/lib/validators/isType.js.map	1687	0	generated:node_modules	generated_or_vendor_ignore_for_dead_code	
demo/video-chat/frontend-vue/node_modules/@babel/types/lib/validators/isValidES3Identifier.js	649	13	generated:node_modules	generated_or_vendor_ignore_for_dead_code	
demo/video-chat/frontend-vue/node_modules/@babel/types/lib/validators/isValidES3Identifier.js.map	1483	0	generated:node_modules	generated_or_vendor_ignore_for_dead_code	
demo/video-chat/frontend-vue/node_modules/@babel/types/lib/validators/isValidIdentifier.js	584	18	generated:node_modules	generated_or_vendor_ignore_for_dead_code	
demo/video-chat/frontend-vue/node_modules/@babel/types/lib/validators/isValidIdentifier.js.map	1191	0	generated:node_modules	generated_or_vendor_ignore_for_dead_code	
demo/video-chat/frontend-vue/node_modules/@babel/types/lib/validators/isVar.js	383	15	generated:node_modules	generated_or_vendor_ignore_for_dead_code	
demo/video-chat/frontend-vue/node_modules/@babel/types/lib/validators/isVar.js.map	1178	0	generated:node_modules	generated_or_vendor_ignore_for_dead_code	
demo/video-chat/frontend-vue/node_modules/@babel/types/lib/validators/matchesPattern.js	1422	44	generated:node_modules	generated_or_vendor_ignore_for_dead_code	
demo/video-chat/frontend-vue/node_modules/@babel/types/lib/validators/matchesPattern.js.map	3894	0	generated:node_modules	generated_or_vendor_ignore_for_dead_code	
demo/video-chat/frontend-vue/node_modules/@babel/types/lib/validators/react/isCompatTag.js	232	11	generated:node_modules	generated_or_vendor_ignore_for_dead_code	
demo/video-chat/frontend-vue/node_modules/@babel/types/lib/validators/react/isCompatTag.js.map	437	0	generated:node_modules	generated_or_vendor_ignore_for_dead_code	
demo/video-chat/frontend-vue/node_modules/@babel/types/lib/validators/react/isReactComponent.js	368	11	generated:node_modules	generated_or_vendor_ignore_for_dead_code	
demo/video-chat/frontend-vue/node_modules/@babel/types/lib/validators/react/isReactComponent.js.map	587	0	generated:node_modules	generated_or_vendor_ignore_for_dead_code	
demo/video-chat/frontend-vue/node_modules/@babel/types/lib/validators/validate.js	1490	42	generated:node_modules	generated_or_vendor_ignore_for_dead_code	
demo/video-chat/frontend-vue/node_modules/@babel/types/lib/validators/validate.js.map	3177	0	generated:node_modules	generated_or_vendor_ignore_for_dead_code	
demo/video-chat/frontend-vue/node_modules/@babel/types/package.json	1065	39	generated:node_modules	generated_or_vendor_ignore_for_dead_code	
demo/video-chat/frontend-vue/node_modules/@fullcalendar/core/LICENSE.md	1066	22	generated:node_modules	generated_or_vendor_ignore_for_dead_code	
demo/video-chat/frontend-vue/node_modules/@fullcalendar/core/README.md	930	44	generated:node_modules	generated_or_vendor_ignore_for_dead_code	
demo/video-chat/frontend-vue/node_modules/@fullcalendar/core/index.cjs	95514	2233	generated:node_modules	generated_or_vendor_ignore_for_dead_code	background,fallback
demo/video-chat/frontend-vue/node_modules/@fullcalendar/core/index.d.ts	3505	48	generated:node_modules	generated_or_vendor_ignore_for_dead_code	
demo/video-chat/frontend-vue/node_modules/@fullcalendar/core/index.global.js	450963	9984	generated:node_modules	generated_or_vendor_ignore_for_dead_code	background,reconnect,fallback,keyframe_delta
demo/video-chat/frontend-vue/node_modules/@fullcalendar/core/index.global.min.js	181950	6	generated:node_modules	generated_or_vendor_ignore_for_dead_code	background,reconnect,fallback,keyframe_delta
demo/video-chat/frontend-vue/node_modules/@fullcalendar/core/index.js	94522	2222	generated:node_modules	generated_or_vendor_ignore_for_dead_code	background,fallback
demo/video-chat/frontend-vue/node_modules/@fullcalendar/core/internal-common.cjs	304710	7768	generated:node_modules	generated_or_vendor_ignore_for_dead_code	background,reconnect,fallback,keyframe_delta
demo/video-chat/frontend-vue/node_modules/@fullcalendar/core/internal-common.d.ts	107558	2832	generated:node_modules	generated_or_vendor_ignore_for_dead_code	background,reconnect,fallback,keyframe_delta
demo/video-chat/frontend-vue/node_modules/@fullcalendar/core/internal-common.js	299313	7534	generated:node_modules	generated_or_vendor_ignore_for_dead_code	background,reconnect,fallback,keyframe_delta
demo/video-chat/frontend-vue/node_modules/@fullcalendar/core/internal.cjs	10774	196	generated:node_modules	generated_or_vendor_ignore_for_dead_code	fallback
demo/video-chat/frontend-vue/node_modules/@fullcalendar/core/internal.d.ts	6249	4	generated:node_modules	generated_or_vendor_ignore_for_dead_code	fallback
demo/video-chat/frontend-vue/node_modules/@fullcalendar/core/internal.js	4227	3	generated:node_modules	generated_or_vendor_ignore_for_dead_code	fallback
demo/video-chat/frontend-vue/node_modules/@fullcalendar/core/locales-all.cjs	5743	89	generated:node_modules	generated_or_vendor_ignore_for_dead_code	
demo/video-chat/frontend-vue/node_modules/@fullcalendar/core/locales-all.d.ts	161	6	generated:node_modules	generated_or_vendor_ignore_for_dead_code	
demo/video-chat/frontend-vue/node_modules/@fullcalendar/core/locales-all.global.js	54695	1933	generated:node_modules	generated_or_vendor_ignore_for_dead_code	
demo/video-chat/frontend-vue/node_modules/@fullcalendar/core/locales-all.global.min.js	25702	6	generated:node_modules	generated_or_vendor_ignore_for_dead_code	
demo/video-chat/frontend-vue/node_modules/@fullcalendar/core/locales-all.js	3266	85	generated:node_modules	generated_or_vendor_ignore_for_dead_code	
demo/video-chat/frontend-vue/node_modules/@fullcalendar/core/locales/af.cjs	582	26	generated:node_modules	generated_or_vendor_ignore_for_dead_code	
demo/video-chat/frontend-vue/node_modules/@fullcalendar/core/locales/af.d.ts	147	6	generated:node_modules	generated_or_vendor_ignore_for_dead_code	
demo/video-chat/frontend-vue/node_modules/@fullcalendar/core/locales/af.global.js	756	32	generated:node_modules	generated_or_vendor_ignore_for_dead_code	
demo/video-chat/frontend-vue/node_modules/@fullcalendar/core/locales/af.global.min.js	399	6	generated:node_modules	generated_or_vendor_ignore_for_dead_code	
demo/video-chat/frontend-vue/node_modules/@fullcalendar/core/locales/af.js	504	22	generated:node_modules	generated_or_vendor_ignore_for_dead_code	
demo/video-chat/frontend-vue/node_modules/@fullcalendar/core/locales/ar-dz.cjs	659	28	generated:node_modules	generated_or_vendor_ignore_for_dead_code	
demo/video-chat/frontend-vue/node_modules/@fullcalendar/core/locales/ar-dz.d.ts	150	6	generated:node_modules	generated_or_vendor_ignore_for_dead_code	
demo/video-chat/frontend-vue/node_modules/@fullcalendar/core/locales/ar-dz.global.js	841	34	generated:node_modules	generated_or_vendor_ignore_for_dead_code	
demo/video-chat/frontend-vue/node_modules/@fullcalendar/core/locales/ar-dz.global.min.js	471	6	generated:node_modules	generated_or_vendor_ignore_for_dead_code	
demo/video-chat/frontend-vue/node_modules/@fullcalendar/core/locales/ar-dz.js	581	24	generated:node_modules	generated_or_vendor_ignore_for_dead_code	
demo/video-chat/frontend-vue/node_modules/@fullcalendar/core/locales/ar-kw.cjs	660	28	generated:node_modules	generated_or_vendor_ignore_for_dead_code	
demo/video-chat/frontend-vue/node_modules/@fullcalendar/core/locales/ar-kw.d.ts	150	6	generated:node_modules	generated_or_vendor_ignore_for_dead_code	
demo/video-chat/frontend-vue/node_modules/@fullcalendar/core/locales/ar-kw.global.js	842	34	generated:node_modules	generated_or_vendor_ignore_for_dead_code	
demo/video-chat/frontend-vue/node_modules/@fullcalendar/core/locales/ar-kw.global.min.js	472	6	generated:node_modules	generated_or_vendor_ignore_for_dead_code	
demo/video-chat/frontend-vue/node_modules/@fullcalendar/core/locales/ar-kw.js	582	24	generated:node_modules	generated_or_vendor_ignore_for_dead_code	
demo/video-chat/frontend-vue/node_modules/@fullcalendar/core/locales/ar-ly.cjs	660	28	generated:node_modules	generated_or_vendor_ignore_for_dead_code	
demo/video-chat/frontend-vue/node_modules/@fullcalendar/core/locales/ar-ly.d.ts	150	6	generated:node_modules	generated_or_vendor_ignore_for_dead_code	
demo/video-chat/frontend-vue/node_modules/@fullcalendar/core/locales/ar-ly.global.js	842	34	generated:node_modules	generated_or_vendor_ignore_for_dead_code	
demo/video-chat/frontend-vue/node_modules/@fullcalendar/core/locales/ar-ly.global.min.js	472	6	generated:node_modules	generated_or_vendor_ignore_for_dead_code	
demo/video-chat/frontend-vue/node_modules/@fullcalendar/core/locales/ar-ly.js	582	24	generated:node_modules	generated_or_vendor_ignore_for_dead_code	
demo/video-chat/frontend-vue/node_modules/@fullcalendar/core/locales/ar-ma.cjs	660	28	generated:node_modules	generated_or_vendor_ignore_for_dead_code	
demo/video-chat/frontend-vue/node_modules/@fullcalendar/core/locales/ar-ma.d.ts	150	6	generated:node_modules	generated_or_vendor_ignore_for_dead_code	
demo/video-chat/frontend-vue/node_modules/@fullcalendar/core/locales/ar-ma.global.js	842	34	generated:node_modules	generated_or_vendor_ignore_for_dead_code	
demo/video-chat/frontend-vue/node_modules/@fullcalendar/core/locales/ar-ma.global.min.js	472	6	generated:node_modules	generated_or_vendor_ignore_for_dead_code	
demo/video-chat/frontend-vue/node_modules/@fullcalendar/core/locales/ar-ma.js	582	24	generated:node_modules	generated_or_vendor_ignore_for_dead_code	
demo/video-chat/frontend-vue/node_modules/@fullcalendar/core/locales/ar-sa.cjs	659	28	generated:node_modules	generated_or_vendor_ignore_for_dead_code	
demo/video-chat/frontend-vue/node_modules/@fullcalendar/core/locales/ar-sa.d.ts	150	6	generated:node_modules	generated_or_vendor_ignore_for_dead_code	
demo/video-chat/frontend-vue/node_modules/@fullcalendar/core/locales/ar-sa.global.js	841	34	generated:node_modules	generated_or_vendor_ignore_for_dead_code	
demo/video-chat/frontend-vue/node_modules/@fullcalendar/core/locales/ar-sa.global.min.js	471	6	generated:node_modules	generated_or_vendor_ignore_for_dead_code	
demo/video-chat/frontend-vue/node_modules/@fullcalendar/core/locales/ar-sa.js	581	24	generated:node_modules	generated_or_vendor_ignore_for_dead_code	
demo/video-chat/frontend-vue/node_modules/@fullcalendar/core/locales/ar-tn.cjs	659	28	generated:node_modules	generated_or_vendor_ignore_for_dead_code	
demo/video-chat/frontend-vue/node_modules/@fullcalendar/core/locales/ar-tn.d.ts	150	6	generated:node_modules	generated_or_vendor_ignore_for_dead_code	
demo/video-chat/frontend-vue/node_modules/@fullcalendar/core/locales/ar-tn.global.js	841	34	generated:node_modules	generated_or_vendor_ignore_for_dead_code	
demo/video-chat/frontend-vue/node_modules/@fullcalendar/core/locales/ar-tn.global.min.js	471	6	generated:node_modules	generated_or_vendor_ignore_for_dead_code	
demo/video-chat/frontend-vue/node_modules/@fullcalendar/core/locales/ar-tn.js	581	24	generated:node_modules	generated_or_vendor_ignore_for_dead_code	
demo/video-chat/frontend-vue/node_modules/@fullcalendar/core/locales/ar.cjs	657	28	generated:node_modules	generated_or_vendor_ignore_for_dead_code	
demo/video-chat/frontend-vue/node_modules/@fullcalendar/core/locales/ar.d.ts	147	6	generated:node_modules	generated_or_vendor_ignore_for_dead_code	
demo/video-chat/frontend-vue/node_modules/@fullcalendar/core/locales/ar.global.js	839	34	generated:node_modules	generated_or_vendor_ignore_for_dead_code	
demo/video-chat/frontend-vue/node_modules/@fullcalendar/core/locales/ar.global.min.js	469	6	generated:node_modules	generated_or_vendor_ignore_for_dead_code	
demo/video-chat/frontend-vue/node_modules/@fullcalendar/core/locales/ar.js	579	24	generated:node_modules	generated_or_vendor_ignore_for_dead_code	
demo/video-chat/frontend-vue/node_modules/@fullcalendar/core/locales/az.cjs	641	29	generated:node_modules	generated_or_vendor_ignore_for_dead_code	
demo/video-chat/frontend-vue/node_modules/@fullcalendar/core/locales/az.d.ts	147	6	generated:node_modules	generated_or_vendor_ignore_for_dead_code	
demo/video-chat/frontend-vue/node_modules/@fullcalendar/core/locales/az.global.js	827	35	generated:node_modules	generated_or_vendor_ignore_for_dead_code	
demo/video-chat/frontend-vue/node_modules/@fullcalendar/core/locales/az.global.min.js	442	6	generated:node_modules	generated_or_vendor_ignore_for_dead_code	
demo/video-chat/frontend-vue/node_modules/@fullcalendar/core/locales/az.js	563	25	generated:node_modules	generated_or_vendor_ignore_for_dead_code	
demo/video-chat/frontend-vue/node_modules/@fullcalendar/core/locales/bg.cjs	667	28	generated:node_modules	generated_or_vendor_ignore_for_dead_code	
demo/video-chat/frontend-vue/node_modules/@fullcalendar/core/locales/bg.d.ts	147	6	generated:node_modules	generated_or_vendor_ignore_for_dead_code	
demo/video-chat/frontend-vue/node_modules/@fullcalendar/core/locales/bg.global.js	849	34	generated:node_modules	generated_or_vendor_ignore_for_dead_code	
demo/video-chat/frontend-vue/node_modules/@fullcalendar/core/locales/bg.global.min.js	474	6	generated:node_modules	generated_or_vendor_ignore_for_dead_code	
demo/video-chat/frontend-vue/node_modules/@fullcalendar/core/locales/bg.js	589	24	generated:node_modules	generated_or_vendor_ignore_for_dead_code	
demo/video-chat/frontend-vue/node_modules/@fullcalendar/core/locales/bn.cjs	740	29	generated:node_modules	generated_or_vendor_ignore_for_dead_code	
demo/video-chat/frontend-vue/node_modules/@fullcalendar/core/locales/bn.d.ts	147	6	generated:node_modules	generated_or_vendor_ignore_for_dead_code	
demo/video-chat/frontend-vue/node_modules/@fullcalendar/core/locales/bn.global.js	924	35	generated:node_modules	generated_or_vendor_ignore_for_dead_code	
demo/video-chat/frontend-vue/node_modules/@fullcalendar/core/locales/bn.global.min.js	539	6	generated:node_modules	generated_or_vendor_ignore_for_dead_code	
demo/video-chat/frontend-vue/node_modules/@fullcalendar/core/locales/bn.js	662	25	generated:node_modules	generated_or_vendor_ignore_for_dead_code	
demo/video-chat/frontend-vue/node_modules/@fullcalendar/core/locales/bs.cjs	636	29	generated:node_modules	generated_or_vendor_ignore_for_dead_code	
demo/video-chat/frontend-vue/node_modules/@fullcalendar/core/locales/bs.d.ts	147	6	generated:node_modules	generated_or_vendor_ignore_for_dead_code	
demo/video-chat/frontend-vue/node_modules/@fullcalendar/core/locales/bs.global.js	820	35	generated:node_modules	generated_or_vendor_ignore_for_dead_code	
demo/video-chat/frontend-vue/node_modules/@fullcalendar/core/locales/bs.global.min.js	435	6	generated:node_modules	generated_or_vendor_ignore_for_dead_code	
demo/video-chat/frontend-vue/node_modules/@fullcalendar/core/locales/bs.js	558	25	generated:node_modules	generated_or_vendor_ignore_for_dead_code	
demo/video-chat/frontend-vue/node_modules/@fullcalendar/core/locales/ca.cjs	598	27	generated:node_modules	generated_or_vendor_ignore_for_dead_code	
demo/video-chat/frontend-vue/node_modules/@fullcalendar/core/locales/ca.d.ts	147	6	generated:node_modules	generated_or_vendor_ignore_for_dead_code	
demo/video-chat/frontend-vue/node_modules/@fullcalendar/core/locales/ca.global.js	774	33	generated:node_modules	generated_or_vendor_ignore_for_dead_code	
demo/video-chat/frontend-vue/node_modules/@fullcalendar/core/locales/ca.global.min.js	414	6	generated:node_modules	generated_or_vendor_ignore_for_dead_code	
demo/video-chat/frontend-vue/node_modules/@fullcalendar/core/locales/ca.js	520	23	generated:node_modules	generated_or_vendor_ignore_for_dead_code	
demo/video-chat/frontend-vue/node_modules/@fullcalendar/core/locales/cs.cjs	629	29	generated:node_modules	generated_or_vendor_ignore_for_dead_code	
demo/video-chat/frontend-vue/node_modules/@fullcalendar/core/locales/cs.d.ts	147	6	generated:node_modules	generated_or_vendor_ignore_for_dead_code	
demo/video-chat/frontend-vue/node_modules/@fullcalendar/core/locales/cs.global.js	813	35	generated:node_modules	generated_or_vendor_ignore_for_dead_code	
demo/video-chat/frontend-vue/node_modules/@fullcalendar/core/locales/cs.global.min.js	428	6	generated:node_modules	generated_or_vendor_ignore_for_dead_code	
demo/video-chat/frontend-vue/node_modules/@fullcalendar/core/locales/cs.js	551	25	generated:node_modules	generated_or_vendor_ignore_for_dead_code	
demo/video-chat/frontend-vue/node_modules/@fullcalendar/core/locales/cy.cjs	591	27	generated:node_modules	generated_or_vendor_ignore_for_dead_code	
demo/video-chat/frontend-vue/node_modules/@fullcalendar/core/locales/cy.d.ts	147	6	generated:node_modules	generated_or_vendor_ignore_for_dead_code	
demo/video-chat/frontend-vue/node_modules/@fullcalendar/core/locales/cy.global.js	767	33	generated:node_modules	generated_or_vendor_ignore_for_dead_code	
demo/video-chat/frontend-vue/node_modules/@fullcalendar/core/locales/cy.global.min.js	406	6	generated:node_modules	generated_or_vendor_ignore_for_dead_code	
demo/video-chat/frontend-vue/node_modules/@fullcalendar/core/locales/cy.js	513	23	generated:node_modules	generated_or_vendor_ignore_for_dead_code	
demo/video-chat/frontend-vue/node_modules/@fullcalendar/core/locales/da.cjs	589	27	generated:node_modules	generated_or_vendor_ignore_for_dead_code	
demo/video-chat/frontend-vue/node_modules/@fullcalendar/core/locales/da.d.ts	147	6	generated:node_modules	generated_or_vendor_ignore_for_dead_code	
demo/video-chat/frontend-vue/node_modules/@fullcalendar/core/locales/da.global.js	765	33	generated:node_modules	generated_or_vendor_ignore_for_dead_code	
demo/video-chat/frontend-vue/node_modules/@fullcalendar/core/locales/da.global.min.js	405	6	generated:node_modules	generated_or_vendor_ignore_for_dead_code	
demo/video-chat/frontend-vue/node_modules/@fullcalendar/core/locales/da.js	511	23	generated:node_modules	generated_or_vendor_ignore_for_dead_code	
demo/video-chat/frontend-vue/node_modules/@fullcalendar/core/locales/de-at.cjs	1807	63	generated:node_modules	generated_or_vendor_ignore_for_dead_code	
demo/video-chat/frontend-vue/node_modules/@fullcalendar/core/locales/de-at.d.ts	150	6	generated:node_modules	generated_or_vendor_ignore_for_dead_code	
demo/video-chat/frontend-vue/node_modules/@fullcalendar/core/locales/de-at.global.js	2127	69	generated:node_modules	generated_or_vendor_ignore_for_dead_code	
demo/video-chat/frontend-vue/node_modules/@fullcalendar/core/locales/de-at.global.min.js	876	6	generated:node_modules	generated_or_vendor_ignore_for_dead_code	
demo/video-chat/frontend-vue/node_modules/@fullcalendar/core/locales/de-at.js	1729	59	generated:node_modules	generated_or_vendor_ignore_for_dead_code	
demo/video-chat/frontend-vue/node_modules/@fullcalendar/core/locales/de.cjs	1804	63	generated:node_modules	generated_or_vendor_ignore_for_dead_code	
demo/video-chat/frontend-vue/node_modules/@fullcalendar/core/locales/de.d.ts	147	6	generated:node_modules	generated_or_vendor_ignore_for_dead_code	
demo/video-chat/frontend-vue/node_modules/@fullcalendar/core/locales/de.global.js	2124	69	generated:node_modules	generated_or_vendor_ignore_for_dead_code	
demo/video-chat/frontend-vue/node_modules/@fullcalendar/core/locales/de.global.min.js	873	6	generated:node_modules	generated_or_vendor_ignore_for_dead_code	
demo/video-chat/frontend-vue/node_modules/@fullcalendar/core/locales/de.js	1726	59	generated:node_modules	generated_or_vendor_ignore_for_dead_code	
demo/video-chat/frontend-vue/node_modules/@fullcalendar/core/locales/el.cjs	725	27	generated:node_modules	generated_or_vendor_ignore_for_dead_code	
demo/video-chat/frontend-vue/node_modules/@fullcalendar/core/locales/el.d.ts	147	6	generated:node_modules	generated_or_vendor_ignore_for_dead_code	
demo/video-chat/frontend-vue/node_modules/@fullcalendar/core/locales/el.global.js	901	33	generated:node_modules	generated_or_vendor_ignore_for_dead_code	
demo/video-chat/frontend-vue/node_modules/@fullcalendar/core/locales/el.global.min.js	541	6	generated:node_modules	generated_or_vendor_ignore_for_dead_code	
demo/video-chat/frontend-vue/node_modules/@fullcalendar/core/locales/el.js	647	23	generated:node_modules	generated_or_vendor_ignore_for_dead_code	
demo/video-chat/frontend-vue/node_modules/@fullcalendar/core/locales/en-au.cjs	526	23	generated:node_modules	generated_or_vendor_ignore_for_dead_code	
demo/video-chat/frontend-vue/node_modules/@fullcalendar/core/locales/en-au.d.ts	150	6	generated:node_modules	generated_or_vendor_ignore_for_dead_code	
demo/video-chat/frontend-vue/node_modules/@fullcalendar/core/locales/en-au.global.js	686	29	generated:node_modules	generated_or_vendor_ignore_for_dead_code	
demo/video-chat/frontend-vue/node_modules/@fullcalendar/core/locales/en-au.global.min.js	356	6	generated:node_modules	generated_or_vendor_ignore_for_dead_code	
demo/video-chat/frontend-vue/node_modules/@fullcalendar/core/locales/en-au.js	448	19	generated:node_modules	generated_or_vendor_ignore_for_dead_code	
demo/video-chat/frontend-vue/node_modules/@fullcalendar/core/locales/en-gb.cjs	526	23	generated:node_modules	generated_or_vendor_ignore_for_dead_code	
demo/video-chat/frontend-vue/node_modules/@fullcalendar/core/locales/en-gb.d.ts	150	6	generated:node_modules	generated_or_vendor_ignore_for_dead_code	
demo/video-chat/frontend-vue/node_modules/@fullcalendar/core/locales/en-gb.global.js	686	29	generated:node_modules	generated_or_vendor_ignore_for_dead_code	
demo/video-chat/frontend-vue/node_modules/@fullcalendar/core/locales/en-gb.global.min.js	356	6	generated:node_modules	generated_or_vendor_ignore_for_dead_code	
demo/video-chat/frontend-vue/node_modules/@fullcalendar/core/locales/en-gb.js	448	19	generated:node_modules	generated_or_vendor_ignore_for_dead_code	
demo/video-chat/frontend-vue/node_modules/@fullcalendar/core/locales/en-nz.cjs	526	23	generated:node_modules	generated_or_vendor_ignore_for_dead_code	
demo/video-chat/frontend-vue/node_modules/@fullcalendar/core/locales/en-nz.d.ts	150	6	generated:node_modules	generated_or_vendor_ignore_for_dead_code	
demo/video-chat/frontend-vue/node_modules/@fullcalendar/core/locales/en-nz.global.js	686	29	generated:node_modules	generated_or_vendor_ignore_for_dead_code	
demo/video-chat/frontend-vue/node_modules/@fullcalendar/core/locales/en-nz.global.min.js	356	6	generated:node_modules	generated_or_vendor_ignore_for_dead_code	
demo/video-chat/frontend-vue/node_modules/@fullcalendar/core/locales/en-nz.js	448	19	generated:node_modules	generated_or_vendor_ignore_for_dead_code	
demo/video-chat/frontend-vue/node_modules/@fullcalendar/core/locales/eo.cjs	591	27	generated:node_modules	generated_or_vendor_ignore_for_dead_code	
demo/video-chat/frontend-vue/node_modules/@fullcalendar/core/locales/eo.d.ts	147	6	generated:node_modules	generated_or_vendor_ignore_for_dead_code	
demo/video-chat/frontend-vue/node_modules/@fullcalendar/core/locales/eo.global.js	767	33	generated:node_modules	generated_or_vendor_ignore_for_dead_code	
demo/video-chat/frontend-vue/node_modules/@fullcalendar/core/locales/eo.global.min.js	407	6	generated:node_modules	generated_or_vendor_ignore_for_dead_code	
demo/video-chat/frontend-vue/node_modules/@fullcalendar/core/locales/eo.js	513	23	generated:node_modules	generated_or_vendor_ignore_for_dead_code	
demo/video-chat/frontend-vue/node_modules/@fullcalendar/core/locales/es-us.cjs	582	27	generated:node_modules	generated_or_vendor_ignore_for_dead_code	
demo/video-chat/frontend-vue/node_modules/@fullcalendar/core/locales/es-us.d.ts	150	6	generated:node_modules	generated_or_vendor_ignore_for_dead_code	
demo/video-chat/frontend-vue/node_modules/@fullcalendar/core/locales/es-us.global.js	758	33	generated:node_modules	generated_or_vendor_ignore_for_dead_code	
demo/video-chat/frontend-vue/node_modules/@fullcalendar/core/locales/es-us.global.min.js	398	6	generated:node_modules	generated_or_vendor_ignore_for_dead_code	
demo/video-chat/frontend-vue/node_modules/@fullcalendar/core/locales/es-us.js	504	23	generated:node_modules	generated_or_vendor_ignore_for_dead_code	
demo/video-chat/frontend-vue/node_modules/@fullcalendar/core/locales/es.cjs	1221	46	generated:node_modules	generated_or_vendor_ignore_for_dead_code	
demo/video-chat/frontend-vue/node_modules/@fullcalendar/core/locales/es.d.ts	147	6	generated:node_modules	generated_or_vendor_ignore_for_dead_code	
demo/video-chat/frontend-vue/node_modules/@fullcalendar/core/locales/es.global.js	1473	52	generated:node_modules	generated_or_vendor_ignore_for_dead_code	
demo/video-chat/frontend-vue/node_modules/@fullcalendar/core/locales/es.global.min.js	759	6	generated:node_modules	generated_or_vendor_ignore_for_dead_code	
demo/video-chat/frontend-vue/node_modules/@fullcalendar/core/locales/es.js	1143	42	generated:node_modules	generated_or_vendor_ignore_for_dead_code	
demo/video-chat/frontend-vue/node_modules/@fullcalendar/core/locales/et.cjs	634	29	generated:node_modules	generated_or_vendor_ignore_for_dead_code	
demo/video-chat/frontend-vue/node_modules/@fullcalendar/core/locales/et.d.ts	147	6	generated:node_modules	generated_or_vendor_ignore_for_dead_code	
demo/video-chat/frontend-vue/node_modules/@fullcalendar/core/locales/et.global.js	818	35	generated:node_modules	generated_or_vendor_ignore_for_dead_code	
demo/video-chat/frontend-vue/node_modules/@fullcalendar/core/locales/et.global.min.js	433	6	generated:node_modules	generated_or_vendor_ignore_for_dead_code	
demo/video-chat/frontend-vue/node_modules/@fullcalendar/core/locales/et.js	556	25	generated:node_modules	generated_or_vendor_ignore_for_dead_code	
demo/video-chat/frontend-vue/node_modules/@fullcalendar/core/locales/eu.cjs	593	27	generated:node_modules	generated_or_vendor_ignore_for_dead_code	
demo/video-chat/frontend-vue/node_modules/@fullcalendar/core/locales/eu.d.ts	147	6	generated:node_modules	generated_or_vendor_ignore_for_dead_code	
demo/video-chat/frontend-vue/node_modules/@fullcalendar/core/locales/eu.global.js	769	33	generated:node_modules	generated_or_vendor_ignore_for_dead_code	
demo/video-chat/frontend-vue/node_modules/@fullcalendar/core/locales/eu.global.min.js	409	6	generated:node_modules	generated_or_vendor_ignore_for_dead_code	
demo/video-chat/frontend-vue/node_modules/@fullcalendar/core/locales/eu.js	515	23	generated:node_modules	generated_or_vendor_ignore_for_dead_code	
demo/video-chat/frontend-vue/node_modules/@fullcalendar/core/locales/fa.cjs	690	30	generated:node_modules	generated_or_vendor_ignore_for_dead_code	
demo/video-chat/frontend-vue/node_modules/@fullcalendar/core/locales/fa.d.ts	147	6	generated:node_modules	generated_or_vendor_ignore_for_dead_code	
demo/video-chat/frontend-vue/node_modules/@fullcalendar/core/locales/fa.global.js	878	36	generated:node_modules	generated_or_vendor_ignore_for_dead_code	
demo/video-chat/frontend-vue/node_modules/@fullcalendar/core/locales/fa.global.min.js	483	6	generated:node_modules	generated_or_vendor_ignore_for_dead_code	
demo/video-chat/frontend-vue/node_modules/@fullcalendar/core/locales/fa.js	612	26	generated:node_modules	generated_or_vendor_ignore_for_dead_code	
demo/video-chat/frontend-vue/node_modules/@fullcalendar/core/locales/fi.cjs	616	27	generated:node_modules	generated_or_vendor_ignore_for_dead_code	
demo/video-chat/frontend-vue/node_modules/@fullcalendar/core/locales/fi.d.ts	147	6	generated:node_modules	generated_or_vendor_ignore_for_dead_code	
demo/video-chat/frontend-vue/node_modules/@fullcalendar/core/locales/fi.global.js	792	33	generated:node_modules	generated_or_vendor_ignore_for_dead_code	
demo/video-chat/frontend-vue/node_modules/@fullcalendar/core/locales/fi.global.min.js	432	6	generated:node_modules	generated_or_vendor_ignore_for_dead_code	
demo/video-chat/frontend-vue/node_modules/@fullcalendar/core/locales/fi.js	538	23	generated:node_modules	generated_or_vendor_ignore_for_dead_code	
demo/video-chat/frontend-vue/node_modules/@fullcalendar/core/locales/fr-ca.cjs	509	23	generated:node_modules	generated_or_vendor_ignore_for_dead_code	
demo/video-chat/frontend-vue/node_modules/@fullcalendar/core/locales/fr-ca.d.ts	150	6	generated:node_modules	generated_or_vendor_ignore_for_dead_code	
demo/video-chat/frontend-vue/node_modules/@fullcalendar/core/locales/fr-ca.global.js	669	29	generated:node_modules	generated_or_vendor_ignore_for_dead_code	
demo/video-chat/frontend-vue/node_modules/@fullcalendar/core/locales/fr-ca.global.min.js	421	6	generated:node_modules	generated_or_vendor_ignore_for_dead_code	
demo/video-chat/frontend-vue/node_modules/@fullcalendar/core/locales/fr-ca.js	431	19	generated:node_modules	generated_or_vendor_ignore_for_dead_code	
demo/video-chat/frontend-vue/node_modules/@fullcalendar/core/locales/fr-ch.cjs	621	27	generated:node_modules	generated_or_vendor_ignore_for_dead_code	
demo/video-chat/frontend-vue/node_modules/@fullcalendar/core/locales/fr-ch.d.ts	150	6	generated:node_modules	generated_or_vendor_ignore_for_dead_code	
demo/video-chat/frontend-vue/node_modules/@fullcalendar/core/locales/fr-ch.global.js	797	33	generated:node_modules	generated_or_vendor_ignore_for_dead_code	
demo/video-chat/frontend-vue/node_modules/@fullcalendar/core/locales/fr-ch.global.min.js	437	6	generated:node_modules	generated_or_vendor_ignore_for_dead_code	
demo/video-chat/frontend-vue/node_modules/@fullcalendar/core/locales/fr-ch.js	543	23	generated:node_modules	generated_or_vendor_ignore_for_dead_code	
demo/video-chat/frontend-vue/node_modules/@fullcalendar/core/locales/fr.cjs	650	28	generated:node_modules	generated_or_vendor_ignore_for_dead_code	
demo/video-chat/frontend-vue/node_modules/@fullcalendar/core/locales/fr.d.ts	147	6	generated:node_modules	generated_or_vendor_ignore_for_dead_code	
demo/video-chat/frontend-vue/node_modules/@fullcalendar/core/locales/fr.global.js	830	34	generated:node_modules	generated_or_vendor_ignore_for_dead_code	
demo/video-chat/frontend-vue/node_modules/@fullcalendar/core/locales/fr.global.min.js	459	6	generated:node_modules	generated_or_vendor_ignore_for_dead_code	
demo/video-chat/frontend-vue/node_modules/@fullcalendar/core/locales/fr.js	572	24	generated:node_modules	generated_or_vendor_ignore_for_dead_code	
demo/video-chat/frontend-vue/node_modules/@fullcalendar/core/locales/gl.cjs	1216	46	generated:node_modules	generated_or_vendor_ignore_for_dead_code	
demo/video-chat/frontend-vue/node_modules/@fullcalendar/core/locales/gl.d.ts	147	6	generated:node_modules	generated_or_vendor_ignore_for_dead_code	
demo/video-chat/frontend-vue/node_modules/@fullcalendar/core/locales/gl.global.js	1468	52	generated:node_modules	generated_or_vendor_ignore_for_dead_code	
demo/video-chat/frontend-vue/node_modules/@fullcalendar/core/locales/gl.global.min.js	754	6	generated:node_modules	generated_or_vendor_ignore_for_dead_code	
demo/video-chat/frontend-vue/node_modules/@fullcalendar/core/locales/gl.js	1138	42	generated:node_modules	generated_or_vendor_ignore_for_dead_code	
demo/video-chat/frontend-vue/node_modules/@fullcalendar/core/locales/he.cjs	541	24	generated:node_modules	generated_or_vendor_ignore_for_dead_code	
demo/video-chat/frontend-vue/node_modules/@fullcalendar/core/locales/he.d.ts	147	6	generated:node_modules	generated_or_vendor_ignore_for_dead_code	
demo/video-chat/frontend-vue/node_modules/@fullcalendar/core/locales/he.global.js	705	30	generated:node_modules	generated_or_vendor_ignore_for_dead_code	
demo/video-chat/frontend-vue/node_modules/@fullcalendar/core/locales/he.global.min.js	448	6	generated:node_modules	generated_or_vendor_ignore_for_dead_code	
demo/video-chat/frontend-vue/node_modules/@fullcalendar/core/locales/he.js	463	20	generated:node_modules	generated_or_vendor_ignore_for_dead_code	
demo/video-chat/frontend-vue/node_modules/@fullcalendar/core/locales/hi.cjs	790	29	generated:node_modules	generated_or_vendor_ignore_for_dead_code	
demo/video-chat/frontend-vue/node_modules/@fullcalendar/core/locales/hi.d.ts	147	6	generated:node_modules	generated_or_vendor_ignore_for_dead_code	
demo/video-chat/frontend-vue/node_modules/@fullcalendar/core/locales/hi.global.js	974	35	generated:node_modules	generated_or_vendor_ignore_for_dead_code	
demo/video-chat/frontend-vue/node_modules/@fullcalendar/core/locales/hi.global.min.js	589	6	generated:node_modules	generated_or_vendor_ignore_for_dead_code	
demo/video-chat/frontend-vue/node_modules/@fullcalendar/core/locales/hi.js	712	25	generated:node_modules	generated_or_vendor_ignore_for_dead_code	
demo/video-chat/frontend-vue/node_modules/@fullcalendar/core/locales/hr.cjs	632	29	generated:node_modules	generated_or_vendor_ignore_for_dead_code	
demo/video-chat/frontend-vue/node_modules/@fullcalendar/core/locales/hr.d.ts	147	6	generated:node_modules	generated_or_vendor_ignore_for_dead_code	
demo/video-chat/frontend-vue/node_modules/@fullcalendar/core/locales/hr.global.js	816	35	generated:node_modules	generated_or_vendor_ignore_for_dead_code	
demo/video-chat/frontend-vue/node_modules/@fullcalendar/core/locales/hr.global.min.js	431	6	generated:node_modules	generated_or_vendor_ignore_for_dead_code	
demo/video-chat/frontend-vue/node_modules/@fullcalendar/core/locales/hr.js	554	25	generated:node_modules	generated_or_vendor_ignore_for_dead_code	
demo/video-chat/frontend-vue/node_modules/@fullcalendar/core/locales/hu.cjs	593	27	generated:node_modules	generated_or_vendor_ignore_for_dead_code	
demo/video-chat/frontend-vue/node_modules/@fullcalendar/core/locales/hu.d.ts	147	6	generated:node_modules	generated_or_vendor_ignore_for_dead_code	
demo/video-chat/frontend-vue/node_modules/@fullcalendar/core/locales/hu.global.js	769	33	generated:node_modules	generated_or_vendor_ignore_for_dead_code	
demo/video-chat/frontend-vue/node_modules/@fullcalendar/core/locales/hu.global.min.js	409	6	generated:node_modules	generated_or_vendor_ignore_for_dead_code	
demo/video-chat/frontend-vue/node_modules/@fullcalendar/core/locales/hu.js	515	23	generated:node_modules	generated_or_vendor_ignore_for_dead_code	
demo/video-chat/frontend-vue/node_modules/@fullcalendar/core/locales/hy-am.cjs	730	29	generated:node_modules	generated_or_vendor_ignore_for_dead_code	
demo/video-chat/frontend-vue/node_modules/@fullcalendar/core/locales/hy-am.d.ts	150	6	generated:node_modules	generated_or_vendor_ignore_for_dead_code	
demo/video-chat/frontend-vue/node_modules/@fullcalendar/core/locales/hy-am.global.js	914	35	generated:node_modules	generated_or_vendor_ignore_for_dead_code	
demo/video-chat/frontend-vue/node_modules/@fullcalendar/core/locales/hy-am.global.min.js	529	6	generated:node_modules	generated_or_vendor_ignore_for_dead_code	
demo/video-chat/frontend-vue/node_modules/@fullcalendar/core/locales/hy-am.js	652	25	generated:node_modules	generated_or_vendor_ignore_for_dead_code	
demo/video-chat/frontend-vue/node_modules/@fullcalendar/core/locales/id.cjs	601	27	generated:node_modules	generated_or_vendor_ignore_for_dead_code	
demo/video-chat/frontend-vue/node_modules/@fullcalendar/core/locales/id.d.ts	147	6	generated:node_modules	generated_or_vendor_ignore_for_dead_code	
demo/video-chat/frontend-vue/node_modules/@fullcalendar/core/locales/id.global.js	777	33	generated:node_modules	generated_or_vendor_ignore_for_dead_code	
demo/video-chat/frontend-vue/node_modules/@fullcalendar/core/locales/id.global.min.js	417	6	generated:node_modules	generated_or_vendor_ignore_for_dead_code	
demo/video-chat/frontend-vue/node_modules/@fullcalendar/core/locales/id.js	523	23	generated:node_modules	generated_or_vendor_ignore_for_dead_code	
demo/video-chat/frontend-vue/node_modules/@fullcalendar/core/locales/is.cjs	603	27	generated:node_modules	generated_or_vendor_ignore_for_dead_code	
demo/video-chat/frontend-vue/node_modules/@fullcalendar/core/locales/is.d.ts	147	6	generated:node_modules	generated_or_vendor_ignore_for_dead_code	
demo/video-chat/frontend-vue/node_modules/@fullcalendar/core/locales/is.global.js	779	33	generated:node_modules	generated_or_vendor_ignore_for_dead_code	
demo/video-chat/frontend-vue/node_modules/@fullcalendar/core/locales/is.global.min.js	419	6	generated:node_modules	generated_or_vendor_ignore_for_dead_code	
demo/video-chat/frontend-vue/node_modules/@fullcalendar/core/locales/is.js	525	23	generated:node_modules	generated_or_vendor_ignore_for_dead_code	
demo/video-chat/frontend-vue/node_modules/@fullcalendar/core/locales/it.cjs	634	29	generated:node_modules	generated_or_vendor_ignore_for_dead_code	
demo/video-chat/frontend-vue/node_modules/@fullcalendar/core/locales/it.d.ts	147	6	generated:node_modules	generated_or_vendor_ignore_for_dead_code	
demo/video-chat/frontend-vue/node_modules/@fullcalendar/core/locales/it.global.js	818	35	generated:node_modules	generated_or_vendor_ignore_for_dead_code	
demo/video-chat/frontend-vue/node_modules/@fullcalendar/core/locales/it.global.min.js	433	6	generated:node_modules	generated_or_vendor_ignore_for_dead_code	
demo/video-chat/frontend-vue/node_modules/@fullcalendar/core/locales/it.js	556	25	generated:node_modules	generated_or_vendor_ignore_for_dead_code	
demo/video-chat/frontend-vue/node_modules/@fullcalendar/core/locales/ja.cjs	516	25	generated:node_modules	generated_or_vendor_ignore_for_dead_code	
demo/video-chat/frontend-vue/node_modules/@fullcalendar/core/locales/ja.d.ts	147	6	generated:node_modules	generated_or_vendor_ignore_for_dead_code	
demo/video-chat/frontend-vue/node_modules/@fullcalendar/core/locales/ja.global.js	684	31	generated:node_modules	generated_or_vendor_ignore_for_dead_code	
demo/video-chat/frontend-vue/node_modules/@fullcalendar/core/locales/ja.global.min.js	410	6	generated:node_modules	generated_or_vendor_ignore_for_dead_code	
demo/video-chat/frontend-vue/node_modules/@fullcalendar/core/locales/ja.js	438	21	generated:node_modules	generated_or_vendor_ignore_for_dead_code	
demo/video-chat/frontend-vue/node_modules/@fullcalendar/core/locales/ka.cjs	711	29	generated:node_modules	generated_or_vendor_ignore_for_dead_code	
demo/video-chat/frontend-vue/node_modules/@fullcalendar/core/locales/ka.d.ts	147	6	generated:node_modules	generated_or_vendor_ignore_for_dead_code	
demo/video-chat/frontend-vue/node_modules/@fullcalendar/core/locales/ka.global.js	895	35	generated:node_modules	generated_or_vendor_ignore_for_dead_code	
demo/video-chat/frontend-vue/node_modules/@fullcalendar/core/locales/ka.global.min.js	575	6	generated:node_modules	generated_or_vendor_ignore_for_dead_code	
demo/video-chat/frontend-vue/node_modules/@fullcalendar/core/locales/ka.js	633	25	generated:node_modules	generated_or_vendor_ignore_for_dead_code	
demo/video-chat/frontend-vue/node_modules/@fullcalendar/core/locales/kk.cjs	695	29	generated:node_modules	generated_or_vendor_ignore_for_dead_code	
demo/video-chat/frontend-vue/node_modules/@fullcalendar/core/locales/kk.d.ts	147	6	generated:node_modules	generated_or_vendor_ignore_for_dead_code	
demo/video-chat/frontend-vue/node_modules/@fullcalendar/core/locales/kk.global.js	879	35	generated:node_modules	generated_or_vendor_ignore_for_dead_code	
demo/video-chat/frontend-vue/node_modules/@fullcalendar/core/locales/kk.global.min.js	494	6	generated:node_modules	generated_or_vendor_ignore_for_dead_code	
demo/video-chat/frontend-vue/node_modules/@fullcalendar/core/locales/kk.js	617	25	generated:node_modules	generated_or_vendor_ignore_for_dead_code	
demo/video-chat/frontend-vue/node_modules/@fullcalendar/core/locales/km.cjs	787	27	generated:node_modules	generated_or_vendor_ignore_for_dead_code	
demo/video-chat/frontend-vue/node_modules/@fullcalendar/core/locales/km.d.ts	147	6	generated:node_modules	generated_or_vendor_ignore_for_dead_code	
demo/video-chat/frontend-vue/node_modules/@fullcalendar/core/locales/km.global.js	963	33	generated:node_modules	generated_or_vendor_ignore_for_dead_code	
demo/video-chat/frontend-vue/node_modules/@fullcalendar/core/locales/km.global.min.js	603	6	generated:node_modules	generated_or_vendor_ignore_for_dead_code	
demo/video-chat/frontend-vue/node_modules/@fullcalendar/core/locales/km.js	709	23	generated:node_modules	generated_or_vendor_ignore_for_dead_code	
demo/video-chat/frontend-vue/node_modules/@fullcalendar/core/locales/ko.cjs	474	23	generated:node_modules	generated_or_vendor_ignore_for_dead_code	
demo/video-chat/frontend-vue/node_modules/@fullcalendar/core/locales/ko.d.ts	147	6	generated:node_modules	generated_or_vendor_ignore_for_dead_code	
demo/video-chat/frontend-vue/node_modules/@fullcalendar/core/locales/ko.global.js	634	29	generated:node_modules	generated_or_vendor_ignore_for_dead_code	
demo/video-chat/frontend-vue/node_modules/@fullcalendar/core/locales/ko.global.min.js	387	6	generated:node_modules	generated_or_vendor_ignore_for_dead_code	
demo/video-chat/frontend-vue/node_modules/@fullcalendar/core/locales/ko.js	396	19	generated:node_modules	generated_or_vendor_ignore_for_dead_code	
demo/video-chat/frontend-vue/node_modules/@fullcalendar/core/locales/ku.cjs	675	28	generated:node_modules	generated_or_vendor_ignore_for_dead_code	
demo/video-chat/frontend-vue/node_modules/@fullcalendar/core/locales/ku.d.ts	147	6	generated:node_modules	generated_or_vendor_ignore_for_dead_code	
demo/video-chat/frontend-vue/node_modules/@fullcalendar/core/locales/ku.global.js	855	34	generated:node_modules	generated_or_vendor_ignore_for_dead_code	
demo/video-chat/frontend-vue/node_modules/@fullcalendar/core/locales/ku.global.min.js	485	6	generated:node_modules	generated_or_vendor_ignore_for_dead_code	
demo/video-chat/frontend-vue/node_modules/@fullcalendar/core/locales/ku.js	597	24	generated:node_modules	generated_or_vendor_ignore_for_dead_code	
demo/video-chat/frontend-vue/node_modules/@fullcalendar/core/locales/lb.cjs	601	27	generated:node_modules	generated_or_vendor_ignore_for_dead_code	
demo/video-chat/frontend-vue/node_modules/@fullcalendar/core/locales/lb.d.ts	147	6	generated:node_modules	generated_or_vendor_ignore_for_dead_code	
demo/video-chat/frontend-vue/node_modules/@fullcalendar/core/locales/lb.global.js	777	33	generated:node_modules	generated_or_vendor_ignore_for_dead_code	
demo/video-chat/frontend-vue/node_modules/@fullcalendar/core/locales/lb.global.min.js	417	6	generated:node_modules	generated_or_vendor_ignore_for_dead_code	
demo/video-chat/frontend-vue/node_modules/@fullcalendar/core/locales/lb.js	523	23	generated:node_modules	generated_or_vendor_ignore_for_dead_code	
demo/video-chat/frontend-vue/node_modules/@fullcalendar/core/locales/lt.cjs	604	27	generated:node_modules	generated_or_vendor_ignore_for_dead_code	
demo/video-chat/frontend-vue/node_modules/@fullcalendar/core/locales/lt.d.ts	147	6	generated:node_modules	generated_or_vendor_ignore_for_dead_code	
demo/video-chat/frontend-vue/node_modules/@fullcalendar/core/locales/lt.global.js	780	33	generated:node_modules	generated_or_vendor_ignore_for_dead_code	
demo/video-chat/frontend-vue/node_modules/@fullcalendar/core/locales/lt.global.min.js	420	6	generated:node_modules	generated_or_vendor_ignore_for_dead_code	
demo/video-chat/frontend-vue/node_modules/@fullcalendar/core/locales/lt.js	526	23	generated:node_modules	generated_or_vendor_ignore_for_dead_code	
demo/video-chat/frontend-vue/node_modules/@fullcalendar/core/locales/lv.cjs	625	29	generated:node_modules	generated_or_vendor_ignore_for_dead_code	
demo/video-chat/frontend-vue/node_modules/@fullcalendar/core/locales/lv.d.ts	147	6	generated:node_modules	generated_or_vendor_ignore_for_dead_code	
demo/video-chat/frontend-vue/node_modules/@fullcalendar/core/locales/lv.global.js	809	35	generated:node_modules	generated_or_vendor_ignore_for_dead_code	
demo/video-chat/frontend-vue/node_modules/@fullcalendar/core/locales/lv.global.min.js	424	6	generated:node_modules	generated_or_vendor_ignore_for_dead_code	
demo/video-chat/frontend-vue/node_modules/@fullcalendar/core/locales/lv.js	547	25	generated:node_modules	generated_or_vendor_ignore_for_dead_code	
demo/video-chat/frontend-vue/node_modules/@fullcalendar/core/locales/mk.cjs	595	25	generated:node_modules	generated_or_vendor_ignore_for_dead_code	
demo/video-chat/frontend-vue/node_modules/@fullcalendar/core/locales/mk.d.ts	147	6	generated:node_modules	generated_or_vendor_ignore_for_dead_code	
demo/video-chat/frontend-vue/node_modules/@fullcalendar/core/locales/mk.global.js	763	31	generated:node_modules	generated_or_vendor_ignore_for_dead_code	
demo/video-chat/frontend-vue/node_modules/@fullcalendar/core/locales/mk.global.min.js	491	6	generated:node_modules	generated_or_vendor_ignore_for_dead_code	
demo/video-chat/frontend-vue/node_modules/@fullcalendar/core/locales/mk.js	517	21	generated:node_modules	generated_or_vendor_ignore_for_dead_code	
demo/video-chat/frontend-vue/node_modules/@fullcalendar/core/locales/ms.cjs	652	29	generated:node_modules	generated_or_vendor_ignore_for_dead_code	
demo/video-chat/frontend-vue/node_modules/@fullcalendar/core/locales/ms.d.ts	147	6	generated:node_modules	generated_or_vendor_ignore_for_dead_code	
demo/video-chat/frontend-vue/node_modules/@fullcalendar/core/locales/ms.global.js	836	35	generated:node_modules	generated_or_vendor_ignore_for_dead_code	
demo/video-chat/frontend-vue/node_modules/@fullcalendar/core/locales/ms.global.min.js	449	6	generated:node_modules	generated_or_vendor_ignore_for_dead_code	
demo/video-chat/frontend-vue/node_modules/@fullcalendar/core/locales/ms.js	574	25	generated:node_modules	generated_or_vendor_ignore_for_dead_code	
demo/video-chat/frontend-vue/node_modules/@fullcalendar/core/locales/nb.cjs	892	38	generated:node_modules	generated_or_vendor_ignore_for_dead_code	
demo/video-chat/frontend-vue/node_modules/@fullcalendar/core/locales/nb.d.ts	147	6	generated:node_modules	generated_or_vendor_ignore_for_dead_code	
demo/video-chat/frontend-vue/node_modules/@fullcalendar/core/locales/nb.global.js	1112	44	generated:node_modules	generated_or_vendor_ignore_for_dead_code	
demo/video-chat/frontend-vue/node_modules/@fullcalendar/core/locales/nb.global.min.js	600	6	generated:node_modules	generated_or_vendor_ignore_for_dead_code	
demo/video-chat/frontend-vue/node_modules/@fullcalendar/core/locales/nb.js	814	34	generated:node_modules	generated_or_vendor_ignore_for_dead_code	
demo/video-chat/frontend-vue/node_modules/@fullcalendar/core/locales/ne.cjs	750	27	generated:node_modules	generated_or_vendor_ignore_for_dead_code	
demo/video-chat/frontend-vue/node_modules/@fullcalendar/core/locales/ne.d.ts	147	6	generated:node_modules	generated_or_vendor_ignore_for_dead_code	
demo/video-chat/frontend-vue/node_modules/@fullcalendar/core/locales/ne.global.js	926	33	generated:node_modules	generated_or_vendor_ignore_for_dead_code	
demo/video-chat/frontend-vue/node_modules/@fullcalendar/core/locales/ne.global.min.js	566	6	generated:node_modules	generated_or_vendor_ignore_for_dead_code	
demo/video-chat/frontend-vue/node_modules/@fullcalendar/core/locales/ne.js	672	23	generated:node_modules	generated_or_vendor_ignore_for_dead_code	
demo/video-chat/frontend-vue/node_modules/@fullcalendar/core/locales/nl.cjs	575	26	generated:node_modules	generated_or_vendor_ignore_for_dead_code	
demo/video-chat/frontend-vue/node_modules/@fullcalendar/core/locales/nl.d.ts	147	6	generated:node_modules	generated_or_vendor_ignore_for_dead_code	
demo/video-chat/frontend-vue/node_modules/@fullcalendar/core/locales/nl.global.js	747	32	generated:node_modules	generated_or_vendor_ignore_for_dead_code	
demo/video-chat/frontend-vue/node_modules/@fullcalendar/core/locales/nl.global.min.js	397	6	generated:node_modules	generated_or_vendor_ignore_for_dead_code	
demo/video-chat/frontend-vue/node_modules/@fullcalendar/core/locales/nl.js	497	22	generated:node_modules	generated_or_vendor_ignore_for_dead_code	
demo/video-chat/frontend-vue/node_modules/@fullcalendar/core/locales/nn.cjs	584	27	generated:node_modules	generated_or_vendor_ignore_for_dead_code	
demo/video-chat/frontend-vue/node_modules/@fullcalendar/core/locales/nn.d.ts	147	6	generated:node_modules	generated_or_vendor_ignore_for_dead_code	
demo/video-chat/frontend-vue/node_modules/@fullcalendar/core/locales/nn.global.js	760	33	generated:node_modules	generated_or_vendor_ignore_for_dead_code	
demo/video-chat/frontend-vue/node_modules/@fullcalendar/core/locales/nn.global.min.js	400	6	generated:node_modules	generated_or_vendor_ignore_for_dead_code	
demo/video-chat/frontend-vue/node_modules/@fullcalendar/core/locales/nn.js	506	23	generated:node_modules	generated_or_vendor_ignore_for_dead_code	
demo/video-chat/frontend-vue/node_modules/@fullcalendar/core/locales/pl.cjs	616	27	generated:node_modules	generated_or_vendor_ignore_for_dead_code	
demo/video-chat/frontend-vue/node_modules/@fullcalendar/core/locales/pl.d.ts	147	6	generated:node_modules	generated_or_vendor_ignore_for_dead_code	
demo/video-chat/frontend-vue/node_modules/@fullcalendar/core/locales/pl.global.js	792	33	generated:node_modules	generated_or_vendor_ignore_for_dead_code	
demo/video-chat/frontend-vue/node_modules/@fullcalendar/core/locales/pl.global.min.js	432	6	generated:node_modules	generated_or_vendor_ignore_for_dead_code	
demo/video-chat/frontend-vue/node_modules/@fullcalendar/core/locales/pl.js	538	23	generated:node_modules	generated_or_vendor_ignore_for_dead_code	
demo/video-chat/frontend-vue/node_modules/@fullcalendar/core/locales/pt-br.cjs	1220	46	generated:node_modules	generated_or_vendor_ignore_for_dead_code	
demo/video-chat/frontend-vue/node_modules/@fullcalendar/core/locales/pt-br.d.ts	150	6	generated:node_modules	generated_or_vendor_ignore_for_dead_code	
demo/video-chat/frontend-vue/node_modules/@fullcalendar/core/locales/pt-br.global.js	1472	52	generated:node_modules	generated_or_vendor_ignore_for_dead_code	
demo/video-chat/frontend-vue/node_modules/@fullcalendar/core/locales/pt-br.global.min.js	810	6	generated:node_modules	generated_or_vendor_ignore_for_dead_code	
demo/video-chat/frontend-vue/node_modules/@fullcalendar/core/locales/pt-br.js	1142	42	generated:node_modules	generated_or_vendor_ignore_for_dead_code	
demo/video-chat/frontend-vue/node_modules/@fullcalendar/core/locales/pt.cjs	593	27	generated:node_modules	generated_or_vendor_ignore_for_dead_code	
demo/video-chat/frontend-vue/node_modules/@fullcalendar/core/locales/pt.d.ts	147	6	generated:node_modules	generated_or_vendor_ignore_for_dead_code	
demo/video-chat/frontend-vue/node_modules/@fullcalendar/core/locales/pt.global.js	769	33	generated:node_modules	generated_or_vendor_ignore_for_dead_code	
demo/video-chat/frontend-vue/node_modules/@fullcalendar/core/locales/pt.global.min.js	409	6	generated:node_modules	generated_or_vendor_ignore_for_dead_code	
demo/video-chat/frontend-vue/node_modules/@fullcalendar/core/locales/pt.js	515	23	generated:node_modules	generated_or_vendor_ignore_for_dead_code	
demo/video-chat/frontend-vue/node_modules/@fullcalendar/core/locales/ro.cjs	642	29	generated:node_modules	generated_or_vendor_ignore_for_dead_code	
demo/video-chat/frontend-vue/node_modules/@fullcalendar/core/locales/ro.d.ts	147	6	generated:node_modules	generated_or_vendor_ignore_for_dead_code	
demo/video-chat/frontend-vue/node_modules/@fullcalendar/core/locales/ro.global.js	826	35	generated:node_modules	generated_or_vendor_ignore_for_dead_code	
demo/video-chat/frontend-vue/node_modules/@fullcalendar/core/locales/ro.global.min.js	441	6	generated:node_modules	generated_or_vendor_ignore_for_dead_code	
demo/video-chat/frontend-vue/node_modules/@fullcalendar/core/locales/ro.js	564	25	generated:node_modules	generated_or_vendor_ignore_for_dead_code	
demo/video-chat/frontend-vue/node_modules/@fullcalendar/core/locales/ru.cjs	707	29	generated:node_modules	generated_or_vendor_ignore_for_dead_code	
demo/video-chat/frontend-vue/node_modules/@fullcalendar/core/locales/ru.d.ts	147	6	generated:node_modules	generated_or_vendor_ignore_for_dead_code	
demo/video-chat/frontend-vue/node_modules/@fullcalendar/core/locales/ru.global.js	891	35	generated:node_modules	generated_or_vendor_ignore_for_dead_code	
demo/video-chat/frontend-vue/node_modules/@fullcalendar/core/locales/ru.global.min.js	506	6	generated:node_modules	generated_or_vendor_ignore_for_dead_code	
demo/video-chat/frontend-vue/node_modules/@fullcalendar/core/locales/ru.js	629	25	generated:node_modules	generated_or_vendor_ignore_for_dead_code	
demo/video-chat/frontend-vue/node_modules/@fullcalendar/core/locales/si-lk.cjs	677	27	generated:node_modules	generated_or_vendor_ignore_for_dead_code	
demo/video-chat/frontend-vue/node_modules/@fullcalendar/core/locales/si-lk.d.ts	150	6	generated:node_modules	generated_or_vendor_ignore_for_dead_code	
demo/video-chat/frontend-vue/node_modules/@fullcalendar/core/locales/si-lk.global.js	853	33	generated:node_modules	generated_or_vendor_ignore_for_dead_code	
demo/video-chat/frontend-vue/node_modules/@fullcalendar/core/locales/si-lk.global.min.js	493	6	generated:node_modules	generated_or_vendor_ignore_for_dead_code	
demo/video-chat/frontend-vue/node_modules/@fullcalendar/core/locales/si-lk.js	599	23	generated:node_modules	generated_or_vendor_ignore_for_dead_code	
demo/video-chat/frontend-vue/node_modules/@fullcalendar/core/locales/sk.cjs	645	29	generated:node_modules	generated_or_vendor_ignore_for_dead_code	
demo/video-chat/frontend-vue/node_modules/@fullcalendar/core/locales/sk.d.ts	147	6	generated:node_modules	generated_or_vendor_ignore_for_dead_code	
demo/video-chat/frontend-vue/node_modules/@fullcalendar/core/locales/sk.global.js	829	35	generated:node_modules	generated_or_vendor_ignore_for_dead_code	
demo/video-chat/frontend-vue/node_modules/@fullcalendar/core/locales/sk.global.min.js	444	6	generated:node_modules	generated_or_vendor_ignore_for_dead_code	
demo/video-chat/frontend-vue/node_modules/@fullcalendar/core/locales/sk.js	567	25	generated:node_modules	generated_or_vendor_ignore_for_dead_code	
demo/video-chat/frontend-vue/node_modules/@fullcalendar/core/locales/sl.cjs	595	27	generated:node_modules	generated_or_vendor_ignore_for_dead_code	
demo/video-chat/frontend-vue/node_modules/@fullcalendar/core/locales/sl.d.ts	147	6	generated:node_modules	generated_or_vendor_ignore_for_dead_code	
demo/video-chat/frontend-vue/node_modules/@fullcalendar/core/locales/sl.global.js	771	33	generated:node_modules	generated_or_vendor_ignore_for_dead_code	
demo/video-chat/frontend-vue/node_modules/@fullcalendar/core/locales/sl.global.min.js	411	6	generated:node_modules	generated_or_vendor_ignore_for_dead_code	
demo/video-chat/frontend-vue/node_modules/@fullcalendar/core/locales/sl.js	517	23	generated:node_modules	generated_or_vendor_ignore_for_dead_code	
demo/video-chat/frontend-vue/node_modules/@fullcalendar/core/locales/sm.cjs	489	23	generated:node_modules	generated_or_vendor_ignore_for_dead_code	
demo/video-chat/frontend-vue/node_modules/@fullcalendar/core/locales/sm.d.ts	147	6	generated:node_modules	generated_or_vendor_ignore_for_dead_code	
demo/video-chat/frontend-vue/node_modules/@fullcalendar/core/locales/sm.global.js	649	29	generated:node_modules	generated_or_vendor_ignore_for_dead_code	
demo/video-chat/frontend-vue/node_modules/@fullcalendar/core/locales/sm.global.min.js	402	6	generated:node_modules	generated_or_vendor_ignore_for_dead_code	
demo/video-chat/frontend-vue/node_modules/@fullcalendar/core/locales/sm.js	411	19	generated:node_modules	generated_or_vendor_ignore_for_dead_code	
demo/video-chat/frontend-vue/node_modules/@fullcalendar/core/locales/sq.cjs	634	29	generated:node_modules	generated_or_vendor_ignore_for_dead_code	
demo/video-chat/frontend-vue/node_modules/@fullcalendar/core/locales/sq.d.ts	147	6	generated:node_modules	generated_or_vendor_ignore_for_dead_code	
demo/video-chat/frontend-vue/node_modules/@fullcalendar/core/locales/sq.global.js	818	35	generated:node_modules	generated_or_vendor_ignore_for_dead_code	
demo/video-chat/frontend-vue/node_modules/@fullcalendar/core/locales/sq.global.min.js	433	6	generated:node_modules	generated_or_vendor_ignore_for_dead_code	
demo/video-chat/frontend-vue/node_modules/@fullcalendar/core/locales/sq.js	556	25	generated:node_modules	generated_or_vendor_ignore_for_dead_code	
demo/video-chat/frontend-vue/node_modules/@fullcalendar/core/locales/sr-cyrl.cjs	705	29	generated:node_modules	generated_or_vendor_ignore_for_dead_code	
demo/video-chat/frontend-vue/node_modules/@fullcalendar/core/locales/sr-cyrl.d.ts	152	6	generated:node_modules	generated_or_vendor_ignore_for_dead_code	
demo/video-chat/frontend-vue/node_modules/@fullcalendar/core/locales/sr-cyrl.global.js	889	35	generated:node_modules	generated_or_vendor_ignore_for_dead_code	
demo/video-chat/frontend-vue/node_modules/@fullcalendar/core/locales/sr-cyrl.global.min.js	504	6	generated:node_modules	generated_or_vendor_ignore_for_dead_code	
demo/video-chat/frontend-vue/node_modules/@fullcalendar/core/locales/sr-cyrl.js	627	25	generated:node_modules	generated_or_vendor_ignore_for_dead_code	
demo/video-chat/frontend-vue/node_modules/@fullcalendar/core/locales/sr.cjs	633	29	generated:node_modules	generated_or_vendor_ignore_for_dead_code	
demo/video-chat/frontend-vue/node_modules/@fullcalendar/core/locales/sr.d.ts	147	6	generated:node_modules	generated_or_vendor_ignore_for_dead_code	
demo/video-chat/frontend-vue/node_modules/@fullcalendar/core/locales/sr.global.js	817	35	generated:node_modules	generated_or_vendor_ignore_for_dead_code	
demo/video-chat/frontend-vue/node_modules/@fullcalendar/core/locales/sr.global.min.js	432	6	generated:node_modules	generated_or_vendor_ignore_for_dead_code	
demo/video-chat/frontend-vue/node_modules/@fullcalendar/core/locales/sr.js	555	25	generated:node_modules	generated_or_vendor_ignore_for_dead_code	
demo/video-chat/frontend-vue/node_modules/@fullcalendar/core/locales/sv.cjs	1241	47	generated:node_modules	generated_or_vendor_ignore_for_dead_code	
demo/video-chat/frontend-vue/node_modules/@fullcalendar/core/locales/sv.d.ts	147	6	generated:node_modules	generated_or_vendor_ignore_for_dead_code	
demo/video-chat/frontend-vue/node_modules/@fullcalendar/core/locales/sv.global.js	1497	53	generated:node_modules	generated_or_vendor_ignore_for_dead_code	
demo/video-chat/frontend-vue/node_modules/@fullcalendar/core/locales/sv.global.min.js	761	6	generated:node_modules	generated_or_vendor_ignore_for_dead_code	
demo/video-chat/frontend-vue/node_modules/@fullcalendar/core/locales/sv.js	1163	43	generated:node_modules	generated_or_vendor_ignore_for_dead_code	
demo/video-chat/frontend-vue/node_modules/@fullcalendar/core/locales/ta-in.cjs	845	29	generated:node_modules	generated_or_vendor_ignore_for_dead_code	
demo/video-chat/frontend-vue/node_modules/@fullcalendar/core/locales/ta-in.d.ts	150	6	generated:node_modules	generated_or_vendor_ignore_for_dead_code	
demo/video-chat/frontend-vue/node_modules/@fullcalendar/core/locales/ta-in.global.js	1029	35	generated:node_modules	generated_or_vendor_ignore_for_dead_code	
demo/video-chat/frontend-vue/node_modules/@fullcalendar/core/locales/ta-in.global.min.js	644	6	generated:node_modules	generated_or_vendor_ignore_for_dead_code	
demo/video-chat/frontend-vue/node_modules/@fullcalendar/core/locales/ta-in.js	767	25	generated:node_modules	generated_or_vendor_ignore_for_dead_code	
demo/video-chat/frontend-vue/node_modules/@fullcalendar/core/locales/th.cjs	864	29	generated:node_modules	generated_or_vendor_ignore_for_dead_code	
demo/video-chat/frontend-vue/node_modules/@fullcalendar/core/locales/th.d.ts	147	6	generated:node_modules	generated_or_vendor_ignore_for_dead_code	
demo/video-chat/frontend-vue/node_modules/@fullcalendar/core/locales/th.global.js	1048	35	generated:node_modules	generated_or_vendor_ignore_for_dead_code	
demo/video-chat/frontend-vue/node_modules/@fullcalendar/core/locales/th.global.min.js	660	6	generated:node_modules	generated_or_vendor_ignore_for_dead_code	
demo/video-chat/frontend-vue/node_modules/@fullcalendar/core/locales/th.js	786	25	generated:node_modules	generated_or_vendor_ignore_for_dead_code	
demo/video-chat/frontend-vue/node_modules/@fullcalendar/core/locales/tr.cjs	588	27	generated:node_modules	generated_or_vendor_ignore_for_dead_code	
demo/video-chat/frontend-vue/node_modules/@fullcalendar/core/locales/tr.d.ts	147	6	generated:node_modules	generated_or_vendor_ignore_for_dead_code	
demo/video-chat/frontend-vue/node_modules/@fullcalendar/core/locales/tr.global.js	764	33	generated:node_modules	generated_or_vendor_ignore_for_dead_code	
demo/video-chat/frontend-vue/node_modules/@fullcalendar/core/locales/tr.global.min.js	404	6	generated:node_modules	generated_or_vendor_ignore_for_dead_code	
demo/video-chat/frontend-vue/node_modules/@fullcalendar/core/locales/tr.js	510	23	generated:node_modules	generated_or_vendor_ignore_for_dead_code	
demo/video-chat/frontend-vue/node_modules/@fullcalendar/core/locales/ug.cjs	430	20	generated:node_modules	generated_or_vendor_ignore_for_dead_code	
demo/video-chat/frontend-vue/node_modules/@fullcalendar/core/locales/ug.d.ts	147	6	generated:node_modules	generated_or_vendor_ignore_for_dead_code	
demo/video-chat/frontend-vue/node_modules/@fullcalendar/core/locales/ug.global.js	578	26	generated:node_modules	generated_or_vendor_ignore_for_dead_code	
demo/video-chat/frontend-vue/node_modules/@fullcalendar/core/locales/ug.global.min.js	361	6	generated:node_modules	generated_or_vendor_ignore_for_dead_code	
demo/video-chat/frontend-vue/node_modules/@fullcalendar/core/locales/ug.js	352	16	generated:node_modules	generated_or_vendor_ignore_for_dead_code	
demo/video-chat/frontend-vue/node_modules/@fullcalendar/core/locales/uk.cjs	738	29	generated:node_modules	generated_or_vendor_ignore_for_dead_code	
demo/video-chat/frontend-vue/node_modules/@fullcalendar/core/locales/uk.d.ts	147	6	generated:node_modules	generated_or_vendor_ignore_for_dead_code	
demo/video-chat/frontend-vue/node_modules/@fullcalendar/core/locales/uk.global.js	922	35	generated:node_modules	generated_or_vendor_ignore_for_dead_code	
demo/video-chat/frontend-vue/node_modules/@fullcalendar/core/locales/uk.global.min.js	535	6	generated:node_modules	generated_or_vendor_ignore_for_dead_code	
demo/video-chat/frontend-vue/node_modules/@fullcalendar/core/locales/uk.js	660	25	generated:node_modules	generated_or_vendor_ignore_for_dead_code	
demo/video-chat/frontend-vue/node_modules/@fullcalendar/core/locales/uz-cy.cjs	676	28	generated:node_modules	generated_or_vendor_ignore_for_dead_code	
demo/video-chat/frontend-vue/node_modules/@fullcalendar/core/locales/uz-cy.d.ts	150	6	generated:node_modules	generated_or_vendor_ignore_for_dead_code	
demo/video-chat/frontend-vue/node_modules/@fullcalendar/core/locales/uz-cy.global.js	856	34	generated:node_modules	generated_or_vendor_ignore_for_dead_code	
demo/video-chat/frontend-vue/node_modules/@fullcalendar/core/locales/uz-cy.global.min.js	485	6	generated:node_modules	generated_or_vendor_ignore_for_dead_code	
demo/video-chat/frontend-vue/node_modules/@fullcalendar/core/locales/uz-cy.js	598	24	generated:node_modules	generated_or_vendor_ignore_for_dead_code	
demo/video-chat/frontend-vue/node_modules/@fullcalendar/core/locales/uz.cjs	609	28	generated:node_modules	generated_or_vendor_ignore_for_dead_code	
demo/video-chat/frontend-vue/node_modules/@fullcalendar/core/locales/uz.d.ts	147	6	generated:node_modules	generated_or_vendor_ignore_for_dead_code	
demo/video-chat/frontend-vue/node_modules/@fullcalendar/core/locales/uz.global.js	789	34	generated:node_modules	generated_or_vendor_ignore_for_dead_code	
demo/video-chat/frontend-vue/node_modules/@fullcalendar/core/locales/uz.global.min.js	411	6	generated:node_modules	generated_or_vendor_ignore_for_dead_code	
demo/video-chat/frontend-vue/node_modules/@fullcalendar/core/locales/uz.js	531	24	generated:node_modules	generated_or_vendor_ignore_for_dead_code	
demo/video-chat/frontend-vue/node_modules/@fullcalendar/core/locales/vi.cjs	653	29	generated:node_modules	generated_or_vendor_ignore_for_dead_code	
demo/video-chat/frontend-vue/node_modules/@fullcalendar/core/locales/vi.d.ts	147	6	generated:node_modules	generated_or_vendor_ignore_for_dead_code	
demo/video-chat/frontend-vue/node_modules/@fullcalendar/core/locales/vi.global.js	837	35	generated:node_modules	generated_or_vendor_ignore_for_dead_code	
demo/video-chat/frontend-vue/node_modules/@fullcalendar/core/locales/vi.global.min.js	452	6	generated:node_modules	generated_or_vendor_ignore_for_dead_code	
demo/video-chat/frontend-vue/node_modules/@fullcalendar/core/locales/vi.js	575	25	generated:node_modules	generated_or_vendor_ignore_for_dead_code	
demo/video-chat/frontend-vue/node_modules/@fullcalendar/core/locales/zh-cn.cjs	735	30	generated:node_modules	generated_or_vendor_ignore_for_dead_code	
demo/video-chat/frontend-vue/node_modules/@fullcalendar/core/locales/zh-cn.d.ts	150	6	generated:node_modules	generated_or_vendor_ignore_for_dead_code	
demo/video-chat/frontend-vue/node_modules/@fullcalendar/core/locales/zh-cn.global.js	923	36	generated:node_modules	generated_or_vendor_ignore_for_dead_code	
demo/video-chat/frontend-vue/node_modules/@fullcalendar/core/locales/zh-cn.global.min.js	414	6	generated:node_modules	generated_or_vendor_ignore_for_dead_code	
demo/video-chat/frontend-vue/node_modules/@fullcalendar/core/locales/zh-cn.js	657	26	generated:node_modules	generated_or_vendor_ignore_for_dead_code	
demo/video-chat/frontend-vue/node_modules/@fullcalendar/core/locales/zh-tw.cjs	473	23	generated:node_modules	generated_or_vendor_ignore_for_dead_code	
demo/video-chat/frontend-vue/node_modules/@fullcalendar/core/locales/zh-tw.d.ts	150	6	generated:node_modules	generated_or_vendor_ignore_for_dead_code	
demo/video-chat/frontend-vue/node_modules/@fullcalendar/core/locales/zh-tw.global.js	633	29	generated:node_modules	generated_or_vendor_ignore_for_dead_code	
demo/video-chat/frontend-vue/node_modules/@fullcalendar/core/locales/zh-tw.global.min.js	386	6	generated:node_modules	generated_or_vendor_ignore_for_dead_code	
demo/video-chat/frontend-vue/node_modules/@fullcalendar/core/locales/zh-tw.js	395	19	generated:node_modules	generated_or_vendor_ignore_for_dead_code	
demo/video-chat/frontend-vue/node_modules/@fullcalendar/core/package.json	1963	74	generated:node_modules	generated_or_vendor_ignore_for_dead_code	
demo/video-chat/frontend-vue/node_modules/@fullcalendar/core/preact.cjs	631	22	generated:node_modules	generated_or_vendor_ignore_for_dead_code	
demo/video-chat/frontend-vue/node_modules/@fullcalendar/core/preact.d.ts	269	8	generated:node_modules	generated_or_vendor_ignore_for_dead_code	
demo/video-chat/frontend-vue/node_modules/@fullcalendar/core/preact.js	147	3	generated:node_modules	generated_or_vendor_ignore_for_dead_code	
demo/video-chat/frontend-vue/node_modules/@fullcalendar/daygrid/LICENSE.md	1066	22	generated:node_modules	generated_or_vendor_ignore_for_dead_code	
demo/video-chat/frontend-vue/node_modules/@fullcalendar/daygrid/README.md	694	32	generated:node_modules	generated_or_vendor_ignore_for_dead_code	
demo/video-chat/frontend-vue/node_modules/@fullcalendar/daygrid/index.cjs	1021	38	generated:node_modules	generated_or_vendor_ignore_for_dead_code	
demo/video-chat/frontend-vue/node_modules/@fullcalendar/daygrid/index.d.ts	153	6	generated:node_modules	generated_or_vendor_ignore_for_dead_code	
demo/video-chat/frontend-vue/node_modules/@fullcalendar/daygrid/index.global.js	58557	1043	generated:node_modules	generated_or_vendor_ignore_for_dead_code	background
demo/video-chat/frontend-vue/node_modules/@fullcalendar/daygrid/index.global.min.js	26985	6	generated:node_modules	generated_or_vendor_ignore_for_dead_code	background
demo/video-chat/frontend-vue/node_modules/@fullcalendar/daygrid/index.js	941	34	generated:node_modules	generated_or_vendor_ignore_for_dead_code	
demo/video-chat/frontend-vue/node_modules/@fullcalendar/daygrid/internal.cjs	54007	1000	generated:node_modules	generated_or_vendor_ignore_for_dead_code	background
demo/video-chat/frontend-vue/node_modules/@fullcalendar/daygrid/internal.d.ts	4724	126	generated:node_modules	generated_or_vendor_ignore_for_dead_code	
demo/video-chat/frontend-vue/node_modules/@fullcalendar/daygrid/internal.js	52637	988	generated:node_modules	generated_or_vendor_ignore_for_dead_code	background
demo/video-chat/frontend-vue/node_modules/@fullcalendar/daygrid/package.json	1409	55	generated:node_modules	generated_or_vendor_ignore_for_dead_code	
demo/video-chat/frontend-vue/node_modules/@fullcalendar/interaction/LICENSE.md	1066	22	generated:node_modules	generated_or_vendor_ignore_for_dead_code	
demo/video-chat/frontend-vue/node_modules/@fullcalendar/interaction/README.md	1029	38	generated:node_modules	generated_or_vendor_ignore_for_dead_code	
demo/video-chat/frontend-vue/node_modules/@fullcalendar/interaction/index.cjs	91354	2132	generated:node_modules	generated_or_vendor_ignore_for_dead_code	keyframe_delta
demo/video-chat/frontend-vue/node_modules/@fullcalendar/interaction/index.d.ts	9025	267	generated:node_modules	generated_or_vendor_ignore_for_dead_code	keyframe_delta
demo/video-chat/frontend-vue/node_modules/@fullcalendar/interaction/index.global.js	99452	2141	generated:node_modules	generated_or_vendor_ignore_for_dead_code	keyframe_delta
demo/video-chat/frontend-vue/node_modules/@fullcalendar/interaction/index.global.min.js	35636	6	generated:node_modules	generated_or_vendor_ignore_for_dead_code	keyframe_delta
demo/video-chat/frontend-vue/node_modules/@fullcalendar/interaction/index.js	90602	2126	generated:node_modules	generated_or_vendor_ignore_for_dead_code	keyframe_delta
demo/video-chat/frontend-vue/node_modules/@fullcalendar/interaction/package.json	1277	49	generated:node_modules	generated_or_vendor_ignore_for_dead_code	
demo/video-chat/frontend-vue/node_modules/@fullcalendar/timegrid/LICENSE.md	1066	22	generated:node_modules	generated_or_vendor_ignore_for_dead_code	
demo/video-chat/frontend-vue/node_modules/@fullcalendar/timegrid/README.md	590	32	generated:node_modules	generated_or_vendor_ignore_for_dead_code	
demo/video-chat/frontend-vue/node_modules/@fullcalendar/timegrid/index.cjs	1048	38	generated:node_modules	generated_or_vendor_ignore_for_dead_code	
demo/video-chat/frontend-vue/node_modules/@fullcalendar/timegrid/index.d.ts	466	18	generated:node_modules	generated_or_vendor_ignore_for_dead_code	
demo/video-chat/frontend-vue/node_modules/@fullcalendar/timegrid/index.global.js	68582	1198	generated:node_modules	generated_or_vendor_ignore_for_dead_code	background,backpressure
demo/video-chat/frontend-vue/node_modules/@fullcalendar/timegrid/index.global.min.js	31540	6	generated:node_modules	generated_or_vendor_ignore_for_dead_code	background
demo/video-chat/frontend-vue/node_modules/@fullcalendar/timegrid/index.js	940	34	generated:node_modules	generated_or_vendor_ignore_for_dead_code	
demo/video-chat/frontend-vue/node_modules/@fullcalendar/timegrid/internal.cjs	63582	1157	generated:node_modules	generated_or_vendor_ignore_for_dead_code	background,backpressure
demo/video-chat/frontend-vue/node_modules/@fullcalendar/timegrid/internal.d.ts	6110	150	generated:node_modules	generated_or_vendor_ignore_for_dead_code	
demo/video-chat/frontend-vue/node_modules/@fullcalendar/timegrid/internal.js	61831	1145	generated:node_modules	generated_or_vendor_ignore_for_dead_code	background,backpressure
demo/video-chat/frontend-vue/node_modules/@fullcalendar/timegrid/package.json	1450	58	generated:node_modules	generated_or_vendor_ignore_for_dead_code	
demo/video-chat/frontend-vue/node_modules/@jridgewell/sourcemap-codec/LICENSE	1080	19	generated:node_modules	generated_or_vendor_ignore_for_dead_code	
demo/video-chat/frontend-vue/node_modules/@jridgewell/sourcemap-codec/README.md	10051	264	generated:node_modules	generated_or_vendor_ignore_for_dead_code	
demo/video-chat/frontend-vue/node_modules/@jridgewell/sourcemap-codec/dist/sourcemap-codec.mjs	12869	423	generated:node_modules	generated_or_vendor_ignore_for_dead_code	keyframe_delta
demo/video-chat/frontend-vue/node_modules/@jridgewell/sourcemap-codec/dist/sourcemap-codec.mjs.map	9612	0	generated:node_modules	generated_or_vendor_ignore_for_dead_code	
demo/video-chat/frontend-vue/node_modules/@jridgewell/sourcemap-codec/dist/sourcemap-codec.umd.js	14590	464	generated:node_modules	generated_or_vendor_ignore_for_dead_code	keyframe_delta
demo/video-chat/frontend-vue/node_modules/@jridgewell/sourcemap-codec/dist/sourcemap-codec.umd.js.map	9700	0	generated:node_modules	generated_or_vendor_ignore_for_dead_code	
demo/video-chat/frontend-vue/node_modules/@jridgewell/sourcemap-codec/package.json	2150	63	generated:node_modules	generated_or_vendor_ignore_for_dead_code	
demo/video-chat/frontend-vue/node_modules/@jridgewell/sourcemap-codec/src/scopes.ts	9713	345	generated:node_modules	generated_or_vendor_ignore_for_dead_code	
demo/video-chat/frontend-vue/node_modules/@jridgewell/sourcemap-codec/src/sourcemap-codec.ts	3203	111	generated:node_modules	generated_or_vendor_ignore_for_dead_code	
demo/video-chat/frontend-vue/node_modules/@jridgewell/sourcemap-codec/src/strings.ts	1503	65	generated:node_modules	generated_or_vendor_ignore_for_dead_code	fallback
demo/video-chat/frontend-vue/node_modules/@jridgewell/sourcemap-codec/src/vlq.ts	1387	55	generated:node_modules	generated_or_vendor_ignore_for_dead_code	keyframe_delta
demo/video-chat/frontend-vue/node_modules/@jridgewell/sourcemap-codec/types/scopes.d.cts	1151	50	generated:node_modules	generated_or_vendor_ignore_for_dead_code	
demo/video-chat/frontend-vue/node_modules/@jridgewell/sourcemap-codec/types/scopes.d.cts.map	1348	0	generated:node_modules	generated_or_vendor_ignore_for_dead_code	
demo/video-chat/frontend-vue/node_modules/@jridgewell/sourcemap-codec/types/scopes.d.mts	1151	50	generated:node_modules	generated_or_vendor_ignore_for_dead_code	
demo/video-chat/frontend-vue/node_modules/@jridgewell/sourcemap-codec/types/scopes.d.mts.map	1348	0	generated:node_modules	generated_or_vendor_ignore_for_dead_code	
demo/video-chat/frontend-vue/node_modules/@jridgewell/sourcemap-codec/types/sourcemap-codec.d.cts	699	9	generated:node_modules	generated_or_vendor_ignore_for_dead_code	
demo/video-chat/frontend-vue/node_modules/@jridgewell/sourcemap-codec/types/sourcemap-codec.d.cts.map	705	0	generated:node_modules	generated_or_vendor_ignore_for_dead_code	
demo/video-chat/frontend-vue/node_modules/@jridgewell/sourcemap-codec/types/sourcemap-codec.d.mts	699	9	generated:node_modules	generated_or_vendor_ignore_for_dead_code	
demo/video-chat/frontend-vue/node_modules/@jridgewell/sourcemap-codec/types/sourcemap-codec.d.mts.map	705	0	generated:node_modules	generated_or_vendor_ignore_for_dead_code	
demo/video-chat/frontend-vue/node_modules/@jridgewell/sourcemap-codec/types/strings.d.cts	361	16	generated:node_modules	generated_or_vendor_ignore_for_dead_code	
demo/video-chat/frontend-vue/node_modules/@jridgewell/sourcemap-codec/types/strings.d.cts.map	422	0	generated:node_modules	generated_or_vendor_ignore_for_dead_code	
demo/video-chat/frontend-vue/node_modules/@jridgewell/sourcemap-codec/types/strings.d.mts	361	16	generated:node_modules	generated_or_vendor_ignore_for_dead_code	
demo/video-chat/frontend-vue/node_modules/@jridgewell/sourcemap-codec/types/strings.d.mts.map	422	0	generated:node_modules	generated_or_vendor_ignore_for_dead_code	
demo/video-chat/frontend-vue/node_modules/@jridgewell/sourcemap-codec/types/vlq.d.cts	442	7	generated:node_modules	generated_or_vendor_ignore_for_dead_code	
demo/video-chat/frontend-vue/node_modules/@jridgewell/sourcemap-codec/types/vlq.d.cts.map	449	0	generated:node_modules	generated_or_vendor_ignore_for_dead_code	
demo/video-chat/frontend-vue/node_modules/@jridgewell/sourcemap-codec/types/vlq.d.mts	442	7	generated:node_modules	generated_or_vendor_ignore_for_dead_code	
demo/video-chat/frontend-vue/node_modules/@jridgewell/sourcemap-codec/types/vlq.d.mts.map	449	0	generated:node_modules	generated_or_vendor_ignore_for_dead_code	
demo/video-chat/frontend-vue/node_modules/@oxc-project/types/LICENSE	1119	22	generated:node_modules	generated_or_vendor_ignore_for_dead_code	
demo/video-chat/frontend-vue/node_modules/@oxc-project/types/README.md	55	3	generated:node_modules	generated_or_vendor_ignore_for_dead_code	
demo/video-chat/frontend-vue/node_modules/@oxc-project/types/package.json	577	26	generated:node_modules	generated_or_vendor_ignore_for_dead_code	
demo/video-chat/frontend-vue/node_modules/@oxc-project/types/types.d.ts	42750	1912	generated:node_modules	generated_or_vendor_ignore_for_dead_code	
demo/video-chat/frontend-vue/node_modules/@playwright/test/LICENSE	11601	202	generated:node_modules	generated_or_vendor_ignore_for_dead_code	
demo/video-chat/frontend-vue/node_modules/@playwright/test/NOTICE	254	5	generated:node_modules	generated_or_vendor_ignore_for_dead_code	
demo/video-chat/frontend-vue/node_modules/@playwright/test/README.md	8267	170	generated:node_modules	generated_or_vendor_ignore_for_dead_code	capabilities
demo/video-chat/frontend-vue/node_modules/@playwright/test/cli.js	707	19	generated:node_modules	generated_or_vendor_ignore_for_dead_code	
demo/video-chat/frontend-vue/node_modules/@playwright/test/index.d.ts	679	18	generated:node_modules	generated_or_vendor_ignore_for_dead_code	
demo/video-chat/frontend-vue/node_modules/@playwright/test/index.js	648	17	generated:node_modules	generated_or_vendor_ignore_for_dead_code	
demo/video-chat/frontend-vue/node_modules/@playwright/test/index.mjs	679	18	generated:node_modules	generated_or_vendor_ignore_for_dead_code	
demo/video-chat/frontend-vue/node_modules/@playwright/test/package.json	754	35	generated:node_modules	generated_or_vendor_ignore_for_dead_code	
demo/video-chat/frontend-vue/node_modules/@playwright/test/reporter.d.ts	650	17	generated:node_modules	generated_or_vendor_ignore_for_dead_code	
demo/video-chat/frontend-vue/node_modules/@playwright/test/reporter.js	645	17	generated:node_modules	generated_or_vendor_ignore_for_dead_code	
demo/video-chat/frontend-vue/node_modules/@playwright/test/reporter.mjs	645	17	generated:node_modules	generated_or_vendor_ignore_for_dead_code	
demo/video-chat/frontend-vue/node_modules/@protobufjs/aspromise/LICENSE	1505	26	generated:node_modules	generated_or_vendor_ignore_for_dead_code	
demo/video-chat/frontend-vue/node_modules/@protobufjs/aspromise/README.md	464	13	generated:node_modules	generated_or_vendor_ignore_for_dead_code	
demo/video-chat/frontend-vue/node_modules/@protobufjs/aspromise/index.d.ts	458	13	generated:node_modules	generated_or_vendor_ignore_for_dead_code	
demo/video-chat/frontend-vue/node_modules/@protobufjs/aspromise/index.js	1592	52	generated:node_modules	generated_or_vendor_ignore_for_dead_code	
demo/video-chat/frontend-vue/node_modules/@protobufjs/aspromise/package.json	581	21	generated:node_modules	generated_or_vendor_ignore_for_dead_code	
demo/video-chat/frontend-vue/node_modules/@protobufjs/aspromise/tests/index.js	4455	130	generated:node_modules	generated_or_vendor_ignore_for_dead_code	
demo/video-chat/frontend-vue/node_modules/@protobufjs/base64/LICENSE	1505	26	generated:node_modules	generated_or_vendor_ignore_for_dead_code	
demo/video-chat/frontend-vue/node_modules/@protobufjs/base64/README.md	705	19	generated:node_modules	generated_or_vendor_ignore_for_dead_code	
demo/video-chat/frontend-vue/node_modules/@protobufjs/base64/index.d.ts	1126	32	generated:node_modules	generated_or_vendor_ignore_for_dead_code	
demo/video-chat/frontend-vue/node_modules/@protobufjs/base64/index.js	3943	139	generated:node_modules	generated_or_vendor_ignore_for_dead_code	
demo/video-chat/frontend-vue/node_modules/@protobufjs/base64/package.json	574	21	generated:node_modules	generated_or_vendor_ignore_for_dead_code	
demo/video-chat/frontend-vue/node_modules/@protobufjs/base64/tests/index.js	1371	46	generated:node_modules	generated_or_vendor_ignore_for_dead_code	
demo/video-chat/frontend-vue/node_modules/@protobufjs/codegen/LICENSE	1505	26	generated:node_modules	generated_or_vendor_ignore_for_dead_code	
demo/video-chat/frontend-vue/node_modules/@protobufjs/codegen/README.md	1872	49	generated:node_modules	generated_or_vendor_ignore_for_dead_code	
demo/video-chat/frontend-vue/node_modules/@protobufjs/codegen/index.d.ts	1162	31	generated:node_modules	generated_or_vendor_ignore_for_dead_code	
demo/video-chat/frontend-vue/node_modules/@protobufjs/codegen/index.js	4495	112	generated:node_modules	generated_or_vendor_ignore_for_dead_code	
demo/video-chat/frontend-vue/node_modules/@protobufjs/codegen/package.json	359	13	generated:node_modules	generated_or_vendor_ignore_for_dead_code	
demo/video-chat/frontend-vue/node_modules/@protobufjs/codegen/tests/index.js	356	13	generated:node_modules	generated_or_vendor_ignore_for_dead_code	
demo/video-chat/frontend-vue/node_modules/@protobufjs/eventemitter/LICENSE	1505	26	generated:node_modules	generated_or_vendor_ignore_for_dead_code	
demo/video-chat/frontend-vue/node_modules/@protobufjs/eventemitter/README.md	822	22	generated:node_modules	generated_or_vendor_ignore_for_dead_code	
demo/video-chat/frontend-vue/node_modules/@protobufjs/eventemitter/index.d.ts	1295	43	generated:node_modules	generated_or_vendor_ignore_for_dead_code	
demo/video-chat/frontend-vue/node_modules/@protobufjs/eventemitter/index.js	2088	76	generated:node_modules	generated_or_vendor_ignore_for_dead_code	
demo/video-chat/frontend-vue/node_modules/@protobufjs/eventemitter/package.json	554	21	generated:node_modules	generated_or_vendor_ignore_for_dead_code	
demo/video-chat/frontend-vue/node_modules/@protobufjs/eventemitter/tests/index.js	1488	47	generated:node_modules	generated_or_vendor_ignore_for_dead_code	
demo/video-chat/frontend-vue/node_modules/@protobufjs/fetch/LICENSE	1505	26	generated:node_modules	generated_or_vendor_ignore_for_dead_code	
demo/video-chat/frontend-vue/node_modules/@protobufjs/fetch/README.md	505	13	generated:node_modules	generated_or_vendor_ignore_for_dead_code	
demo/video-chat/frontend-vue/node_modules/@protobufjs/fetch/index.d.ts	1647	56	generated:node_modules	generated_or_vendor_ignore_for_dead_code	
demo/video-chat/frontend-vue/node_modules/@protobufjs/fetch/index.js	4011	115	generated:node_modules	generated_or_vendor_ignore_for_dead_code	fallback
demo/video-chat/frontend-vue/node_modules/@protobufjs/fetch/package.json	684	25	generated:node_modules	generated_or_vendor_ignore_for_dead_code	
demo/video-chat/frontend-vue/node_modules/@protobufjs/fetch/tests/index.js	410	16	generated:node_modules	generated_or_vendor_ignore_for_dead_code	
demo/video-chat/frontend-vue/node_modules/@protobufjs/float/LICENSE	1505	26	generated:node_modules	generated_or_vendor_ignore_for_dead_code	
demo/video-chat/frontend-vue/node_modules/@protobufjs/float/README.md	4144	102	generated:node_modules	generated_or_vendor_ignore_for_dead_code	fallback
demo/video-chat/frontend-vue/node_modules/@protobufjs/float/bench/index.js	1966	87	generated:node_modules	generated_or_vendor_ignore_for_dead_code	fallback
demo/video-chat/frontend-vue/node_modules/@protobufjs/float/bench/suite.js	1522	46	generated:node_modules	generated_or_vendor_ignore_for_dead_code	
demo/video-chat/frontend-vue/node_modules/@protobufjs/float/index.d.ts	2543	83	generated:node_modules	generated_or_vendor_ignore_for_dead_code	
demo/video-chat/frontend-vue/node_modules/@protobufjs/float/index.js	11448	335	generated:node_modules	generated_or_vendor_ignore_for_dead_code	
demo/video-chat/frontend-vue/node_modules/@protobufjs/float/package.json	738	26	generated:node_modules	generated_or_vendor_ignore_for_dead_code	
demo/video-chat/frontend-vue/node_modules/@protobufjs/float/tests/index.js	3102	100	generated:node_modules	generated_or_vendor_ignore_for_dead_code	fallback
demo/video-chat/frontend-vue/node_modules/@protobufjs/inquire/LICENSE	1505	26	generated:node_modules	generated_or_vendor_ignore_for_dead_code	
demo/video-chat/frontend-vue/node_modules/@protobufjs/inquire/README.md	431	13	generated:node_modules	generated_or_vendor_ignore_for_dead_code	
demo/video-chat/frontend-vue/node_modules/@protobufjs/inquire/index.d.ts	279	9	generated:node_modules	generated_or_vendor_ignore_for_dead_code	
demo/video-chat/frontend-vue/node_modules/@protobufjs/inquire/index.js	1036	37	generated:node_modules	generated_or_vendor_ignore_for_dead_code	
demo/video-chat/frontend-vue/node_modules/@protobufjs/inquire/package.json	602	21	generated:node_modules	generated_or_vendor_ignore_for_dead_code	
demo/video-chat/frontend-vue/node_modules/@protobufjs/inquire/tests/data/array.js	23	1	generated:node_modules	generated_or_vendor_ignore_for_dead_code	
demo/video-chat/frontend-vue/node_modules/@protobufjs/inquire/tests/data/emptyArray.js	22	1	generated:node_modules	generated_or_vendor_ignore_for_dead_code	
demo/video-chat/frontend-vue/node_modules/@protobufjs/inquire/tests/data/emptyObject.js	22	1	generated:node_modules	generated_or_vendor_ignore_for_dead_code	
demo/video-chat/frontend-vue/node_modules/@protobufjs/inquire/tests/data/object.js	28	1	generated:node_modules	generated_or_vendor_ignore_for_dead_code	
demo/video-chat/frontend-vue/node_modules/@protobufjs/inquire/tests/index.js	792	20	generated:node_modules	generated_or_vendor_ignore_for_dead_code	
demo/video-chat/frontend-vue/node_modules/@protobufjs/path/LICENSE	1505	26	generated:node_modules	generated_or_vendor_ignore_for_dead_code	
demo/video-chat/frontend-vue/node_modules/@protobufjs/path/README.md	700	19	generated:node_modules	generated_or_vendor_ignore_for_dead_code	
demo/video-chat/frontend-vue/node_modules/@protobufjs/path/index.d.ts	838	22	generated:node_modules	generated_or_vendor_ignore_for_dead_code	
demo/video-chat/frontend-vue/node_modules/@protobufjs/path/index.js	2049	65	generated:node_modules	generated_or_vendor_ignore_for_dead_code	
demo/video-chat/frontend-vue/node_modules/@protobufjs/path/package.json	589	21	generated:node_modules	generated_or_vendor_ignore_for_dead_code	
demo/video-chat/frontend-vue/node_modules/@protobufjs/path/tests/index.js	2089	60	generated:node_modules	generated_or_vendor_ignore_for_dead_code	
demo/video-chat/frontend-vue/node_modules/@protobufjs/pool/.npmignore	39	3	generated:node_modules	generated_or_vendor_ignore_for_dead_code	
demo/video-chat/frontend-vue/node_modules/@protobufjs/pool/LICENSE	1505	26	generated:node_modules	generated_or_vendor_ignore_for_dead_code	
demo/video-chat/frontend-vue/node_modules/@protobufjs/pool/README.md	510	13	generated:node_modules	generated_or_vendor_ignore_for_dead_code	
demo/video-chat/frontend-vue/node_modules/@protobufjs/pool/index.d.ts	905	32	generated:node_modules	generated_or_vendor_ignore_for_dead_code	
demo/video-chat/frontend-vue/node_modules/@protobufjs/pool/index.js	1240	48	generated:node_modules	generated_or_vendor_ignore_for_dead_code	
demo/video-chat/frontend-vue/node_modules/@protobufjs/pool/package.json	533	21	generated:node_modules	generated_or_vendor_ignore_for_dead_code	
demo/video-chat/frontend-vue/node_modules/@protobufjs/pool/tests/index.js	1517	33	generated:node_modules	generated_or_vendor_ignore_for_dead_code	
demo/video-chat/frontend-vue/node_modules/@protobufjs/utf8/LICENSE	1505	26	generated:node_modules	generated_or_vendor_ignore_for_dead_code	
demo/video-chat/frontend-vue/node_modules/@protobufjs/utf8/README.md	649	20	generated:node_modules	generated_or_vendor_ignore_for_dead_code	
demo/video-chat/frontend-vue/node_modules/@protobufjs/utf8/index.d.ts	758	24	generated:node_modules	generated_or_vendor_ignore_for_dead_code	
demo/video-chat/frontend-vue/node_modules/@protobufjs/utf8/index.js	3367	104	generated:node_modules	generated_or_vendor_ignore_for_dead_code	
demo/video-chat/frontend-vue/node_modules/@protobufjs/utf8/package.json	572	21	generated:node_modules	generated_or_vendor_ignore_for_dead_code	
demo/video-chat/frontend-vue/node_modules/@protobufjs/utf8/tests/data/surrogate_pair_bug.txt	16595	207	generated:node_modules	generated_or_vendor_ignore_for_dead_code	
demo/video-chat/frontend-vue/node_modules/@protobufjs/utf8/tests/data/utf8.txt	14597	216	generated:node_modules	generated_or_vendor_ignore_for_dead_code	
demo/video-chat/frontend-vue/node_modules/@protobufjs/utf8/tests/index.js	3185	74	generated:node_modules	generated_or_vendor_ignore_for_dead_code	
demo/video-chat/frontend-vue/node_modules/@rolldown/binding-linux-x64-gnu/README.md	109	3	generated:node_modules	generated_or_vendor_ignore_for_dead_code	
demo/video-chat/frontend-vue/node_modules/@rolldown/binding-linux-x64-gnu/package.json	814	40	generated:node_modules	generated_or_vendor_ignore_for_dead_code	
demo/video-chat/frontend-vue/node_modules/@rolldown/binding-linux-x64-gnu/rolldown-binding.linux-x64-gnu.node	23099336	0	generated:node_modules	generated_or_vendor_ignore_for_dead_code	
demo/video-chat/frontend-vue/node_modules/@rolldown/binding-linux-x64-musl/README.md	111	3	generated:node_modules	generated_or_vendor_ignore_for_dead_code	
demo/video-chat/frontend-vue/node_modules/@rolldown/binding-linux-x64-musl/package.json	816	40	generated:node_modules	generated_or_vendor_ignore_for_dead_code	
demo/video-chat/frontend-vue/node_modules/@rolldown/binding-linux-x64-musl/rolldown-binding.linux-x64-musl.node	23148656	0	generated:node_modules	generated_or_vendor_ignore_for_dead_code	
demo/video-chat/frontend-vue/node_modules/@rolldown/pluginutils/LICENSE	1302	25	generated:node_modules	generated_or_vendor_ignore_for_dead_code	
demo/video-chat/frontend-vue/node_modules/@rolldown/pluginutils/README.md	2270	77	generated:node_modules	generated_or_vendor_ignore_for_dead_code	
demo/video-chat/frontend-vue/node_modules/@rolldown/pluginutils/dist/filter/composable-filters.d.ts	3427	90	generated:node_modules	generated_or_vendor_ignore_for_dead_code	
demo/video-chat/frontend-vue/node_modules/@rolldown/pluginutils/dist/filter/composable-filters.js	7116	256	generated:node_modules	generated_or_vendor_ignore_for_dead_code	
demo/video-chat/frontend-vue/node_modules/@rolldown/pluginutils/dist/filter/filter-vite-plugins.d.ts	875	28	generated:node_modules	generated_or_vendor_ignore_for_dead_code	
demo/video-chat/frontend-vue/node_modules/@rolldown/pluginutils/dist/filter/filter-vite-plugins.js	2394	75	generated:node_modules	generated_or_vendor_ignore_for_dead_code	
demo/video-chat/frontend-vue/node_modules/@rolldown/pluginutils/dist/filter/index.d.ts	120	3	generated:node_modules	generated_or_vendor_ignore_for_dead_code	
demo/video-chat/frontend-vue/node_modules/@rolldown/pluginutils/dist/filter/index.js	120	3	generated:node_modules	generated_or_vendor_ignore_for_dead_code	
demo/video-chat/frontend-vue/node_modules/@rolldown/pluginutils/dist/filter/simple-filters.d.ts	2102	71	generated:node_modules	generated_or_vendor_ignore_for_dead_code	
demo/video-chat/frontend-vue/node_modules/@rolldown/pluginutils/dist/filter/simple-filters.js	1952	70	generated:node_modules	generated_or_vendor_ignore_for_dead_code	
demo/video-chat/frontend-vue/node_modules/@rolldown/pluginutils/dist/index.d.ts	35	1	generated:node_modules	generated_or_vendor_ignore_for_dead_code	
demo/video-chat/frontend-vue/node_modules/@rolldown/pluginutils/dist/index.js	35	1	generated:node_modules	generated_or_vendor_ignore_for_dead_code	
demo/video-chat/frontend-vue/node_modules/@rolldown/pluginutils/dist/utils.d.ts	129	2	generated:node_modules	generated_or_vendor_ignore_for_dead_code	
demo/video-chat/frontend-vue/node_modules/@rolldown/pluginutils/dist/utils.js	519	17	generated:node_modules	generated_or_vendor_ignore_for_dead_code	
demo/video-chat/frontend-vue/node_modules/@rolldown/pluginutils/package.json	824	37	generated:node_modules	generated_or_vendor_ignore_for_dead_code	
demo/video-chat/frontend-vue/node_modules/@types/node/LICENSE	1141	21	generated:node_modules	generated_or_vendor_ignore_for_dead_code	
demo/video-chat/frontend-vue/node_modules/@types/node/README.md	1582	15	generated:node_modules	generated_or_vendor_ignore_for_dead_code	
demo/video-chat/frontend-vue/node_modules/@types/node/assert.d.ts	39914	950	generated:node_modules	generated_or_vendor_ignore_for_dead_code	
demo/video-chat/frontend-vue/node_modules/@types/node/assert/strict.d.ts	1464	59	generated:node_modules	generated_or_vendor_ignore_for_dead_code	
demo/video-chat/frontend-vue/node_modules/@types/node/async_hooks.d.ts	24988	603	generated:node_modules	generated_or_vendor_ignore_for_dead_code	repair
demo/video-chat/frontend-vue/node_modules/@types/node/buffer.buffer.d.ts	22604	466	generated:node_modules	generated_or_vendor_ignore_for_dead_code	
demo/video-chat/frontend-vue/node_modules/@types/node/buffer.d.ts	80592	1765	generated:node_modules	generated_or_vendor_ignore_for_dead_code	
demo/video-chat/frontend-vue/node_modules/@types/node/child_process.d.ts	60054	1366	generated:node_modules	generated_or_vendor_ignore_for_dead_code	fallback
demo/video-chat/frontend-vue/node_modules/@types/node/cluster.d.ts	19527	432	generated:node_modules	generated_or_vendor_ignore_for_dead_code	
demo/video-chat/frontend-vue/node_modules/@types/node/compatibility/iterators.d.ts	1303	21	generated:node_modules	generated_or_vendor_ignore_for_dead_code	
demo/video-chat/frontend-vue/node_modules/@types/node/console.d.ts	4250	93	generated:node_modules	generated_or_vendor_ignore_for_dead_code	
demo/video-chat/frontend-vue/node_modules/@types/node/constants.d.ts	491	14	generated:node_modules	generated_or_vendor_ignore_for_dead_code	
demo/video-chat/frontend-vue/node_modules/@types/node/crypto.d.ts	171545	4047	generated:node_modules	generated_or_vendor_ignore_for_dead_code	security,capabilities
demo/video-chat/frontend-vue/node_modules/@types/node/dgram.d.ts	24921	537	generated:node_modules	generated_or_vendor_ignore_for_dead_code	
demo/video-chat/frontend-vue/node_modules/@types/node/diagnostics_channel.d.ts	23968	552	generated:node_modules	generated_or_vendor_ignore_for_dead_code	repair
demo/video-chat/frontend-vue/node_modules/@types/node/dns.d.ts	34346	876	generated:node_modules	generated_or_vendor_ignore_for_dead_code	fallback
demo/video-chat/frontend-vue/node_modules/@types/node/dns/promises.d.ts	20810	497	generated:node_modules	generated_or_vendor_ignore_for_dead_code	fallback
demo/video-chat/frontend-vue/node_modules/@types/node/domain.d.ts	6597	150	generated:node_modules	generated_or_vendor_ignore_for_dead_code	
demo/video-chat/frontend-vue/node_modules/@types/node/events.d.ts	47350	1011	generated:node_modules	generated_or_vendor_ignore_for_dead_code	
demo/video-chat/frontend-vue/node_modules/@types/node/fs.d.ts	197019	4658	generated:node_modules	generated_or_vendor_ignore_for_dead_code	fallback
demo/video-chat/frontend-vue/node_modules/@types/node/fs/promises.d.ts	56792	1319	generated:node_modules	generated_or_vendor_ignore_for_dead_code	
demo/video-chat/frontend-vue/node_modules/@types/node/globals.d.ts	5132	150	generated:node_modules	generated_or_vendor_ignore_for_dead_code	
demo/video-chat/frontend-vue/node_modules/@types/node/globals.typedarray.d.ts	4864	101	generated:node_modules	generated_or_vendor_ignore_for_dead_code	
demo/video-chat/frontend-vue/node_modules/@types/node/http.d.ts	95789	2147	generated:node_modules	generated_or_vendor_ignore_for_dead_code	security,reconnect
demo/video-chat/frontend-vue/node_modules/@types/node/http2.d.ts	118137	2470	generated:node_modules	generated_or_vendor_ignore_for_dead_code	reconnect,keyframe_delta
demo/video-chat/frontend-vue/node_modules/@types/node/https.d.ts	16812	400	generated:node_modules	generated_or_vendor_ignore_for_dead_code	
demo/video-chat/frontend-vue/node_modules/@types/node/index.d.ts	5031	115	generated:node_modules	generated_or_vendor_ignore_for_dead_code	
demo/video-chat/frontend-vue/node_modules/@types/node/inspector.d.ts	12198	264	generated:node_modules	generated_or_vendor_ignore_for_dead_code	reconnect
demo/video-chat/frontend-vue/node_modules/@types/node/inspector.generated.d.ts	228065	4401	generated:node_modules	generated_or_vendor_ignore_for_dead_code	keyframe_delta
demo/video-chat/frontend-vue/node_modules/@types/node/inspector/promises.d.ts	1471	35	generated:node_modules	generated_or_vendor_ignore_for_dead_code	reconnect
demo/video-chat/frontend-vue/node_modules/@types/node/module.d.ts	34430	754	generated:node_modules	generated_or_vendor_ignore_for_dead_code	
demo/video-chat/frontend-vue/node_modules/@types/node/net.d.ts	43748	970	generated:node_modules	generated_or_vendor_ignore_for_dead_code	reconnect
demo/video-chat/frontend-vue/node_modules/@types/node/os.d.ts	19193	498	generated:node_modules	generated_or_vendor_ignore_for_dead_code	
demo/video-chat/frontend-vue/node_modules/@types/node/package.json	4509	155	generated:node_modules	generated_or_vendor_ignore_for_dead_code	
demo/video-chat/frontend-vue/node_modules/@types/node/path.d.ts	7639	178	generated:node_modules	generated_or_vendor_ignore_for_dead_code	
demo/video-chat/frontend-vue/node_modules/@types/node/path/posix.d.ts	194	8	generated:node_modules	generated_or_vendor_ignore_for_dead_code	
demo/video-chat/frontend-vue/node_modules/@types/node/path/win32.d.ts	194	8	generated:node_modules	generated_or_vendor_ignore_for_dead_code	
demo/video-chat/frontend-vue/node_modules/@types/node/perf_hooks.d.ts	23452	612	generated:node_modules	generated_or_vendor_ignore_for_dead_code	reconnect,keyframe_delta
demo/video-chat/frontend-vue/node_modules/@types/node/process.d.ts	109502	2175	generated:node_modules	generated_or_vendor_ignore_for_dead_code	background,capabilities
demo/video-chat/frontend-vue/node_modules/@types/node/punycode.d.ts	3780	89	generated:node_modules	generated_or_vendor_ignore_for_dead_code	
demo/video-chat/frontend-vue/node_modules/@types/node/querystring.d.ts	6642	139	generated:node_modules	generated_or_vendor_ignore_for_dead_code	
demo/video-chat/frontend-vue/node_modules/@types/node/quic.d.ts	29569	897	generated:node_modules	generated_or_vendor_ignore_for_dead_code	
demo/video-chat/frontend-vue/node_modules/@types/node/readline.d.ts	21134	507	generated:node_modules	generated_or_vendor_ignore_for_dead_code	
demo/video-chat/frontend-vue/node_modules/@types/node/readline/promises.d.ts	6418	158	generated:node_modules	generated_or_vendor_ignore_for_dead_code	
demo/video-chat/frontend-vue/node_modules/@types/node/repl.d.ts	18136	405	generated:node_modules	generated_or_vendor_ignore_for_dead_code	
demo/video-chat/frontend-vue/node_modules/@types/node/sea.d.ts	2045	47	generated:node_modules	generated_or_vendor_ignore_for_dead_code	
demo/video-chat/frontend-vue/node_modules/@types/node/sqlite.d.ts	50054	1021	generated:node_modules	generated_or_vendor_ignore_for_dead_code	
demo/video-chat/frontend-vue/node_modules/@types/node/stream.d.ts	88892	1774	generated:node_modules	generated_or_vendor_ignore_for_dead_code	backpressure
demo/video-chat/frontend-vue/node_modules/@types/node/stream/consumers.d.ts	4272	114	generated:node_modules	generated_or_vendor_ignore_for_dead_code	
demo/video-chat/frontend-vue/node_modules/@types/node/stream/promises.d.ts	7347	211	generated:node_modules	generated_or_vendor_ignore_for_dead_code	
demo/video-chat/frontend-vue/node_modules/@types/node/stream/web.d.ts	12129	300	generated:node_modules	generated_or_vendor_ignore_for_dead_code	
demo/video-chat/frontend-vue/node_modules/@types/node/string_decoder.d.ts	1318	27	generated:node_modules	generated_or_vendor_ignore_for_dead_code	
demo/video-chat/frontend-vue/node_modules/@types/node/test.d.ts	102109	2202	generated:node_modules	generated_or_vendor_ignore_for_dead_code	
demo/video-chat/frontend-vue/node_modules/@types/node/test/reporters.d.ts	2707	58	generated:node_modules	generated_or_vendor_ignore_for_dead_code	
demo/video-chat/frontend-vue/node_modules/@types/node/timers.d.ts	7351	149	generated:node_modules	generated_or_vendor_ignore_for_dead_code	
demo/video-chat/frontend-vue/node_modules/@types/node/timers/promises.d.ts	3383	93	generated:node_modules	generated_or_vendor_ignore_for_dead_code	
demo/video-chat/frontend-vue/node_modules/@types/node/tls.d.ts	58012	1193	generated:node_modules	generated_or_vendor_ignore_for_dead_code	reconnect
demo/video-chat/frontend-vue/node_modules/@types/node/trace_events.d.ts	3842	103	generated:node_modules	generated_or_vendor_ignore_for_dead_code	
demo/video-chat/frontend-vue/node_modules/@types/node/ts5.6/buffer.buffer.d.ts	21855	462	generated:node_modules	generated_or_vendor_ignore_for_dead_code	
demo/video-chat/frontend-vue/node_modules/@types/node/ts5.6/compatibility/float16array.d.ts	3811	71	generated:node_modules	generated_or_vendor_ignore_for_dead_code	
demo/video-chat/frontend-vue/node_modules/@types/node/ts5.6/globals.typedarray.d.ts	1238	36	generated:node_modules	generated_or_vendor_ignore_for_dead_code	
demo/video-chat/frontend-vue/node_modules/@types/node/ts5.6/index.d.ts	5362	117	generated:node_modules	generated_or_vendor_ignore_for_dead_code	
demo/video-chat/frontend-vue/node_modules/@types/node/ts5.7/compatibility/float16array.d.ts	3872	72	generated:node_modules	generated_or_vendor_ignore_for_dead_code	
demo/video-chat/frontend-vue/node_modules/@types/node/ts5.7/index.d.ts	5349	117	generated:node_modules	generated_or_vendor_ignore_for_dead_code	
demo/video-chat/frontend-vue/node_modules/@types/node/tty.d.ts	11152	225	generated:node_modules	generated_or_vendor_ignore_for_dead_code	
demo/video-chat/frontend-vue/node_modules/@types/node/url.d.ts	24534	532	generated:node_modules	generated_or_vendor_ignore_for_dead_code	
demo/video-chat/frontend-vue/node_modules/@types/node/util.d.ts	65865	1677	generated:node_modules	generated_or_vendor_ignore_for_dead_code	background,reconnect,capabilities
demo/video-chat/frontend-vue/node_modules/@types/node/util/types.d.ts	23832	558	generated:node_modules	generated_or_vendor_ignore_for_dead_code	
demo/video-chat/frontend-vue/node_modules/@types/node/v8.d.ts	40458	980	generated:node_modules	generated_or_vendor_ignore_for_dead_code	regression
demo/video-chat/frontend-vue/node_modules/@types/node/vm.d.ts	54168	1170	generated:node_modules	generated_or_vendor_ignore_for_dead_code	
demo/video-chat/frontend-vue/node_modules/@types/node/wasi.d.ts	6250	131	generated:node_modules	generated_or_vendor_ignore_for_dead_code	
demo/video-chat/frontend-vue/node_modules/@types/node/web-globals/abortcontroller.d.ts	1989	59	generated:node_modules	generated_or_vendor_ignore_for_dead_code	
demo/video-chat/frontend-vue/node_modules/@types/node/web-globals/blob.d.ts	902	23	generated:node_modules	generated_or_vendor_ignore_for_dead_code	
demo/video-chat/frontend-vue/node_modules/@types/node/web-globals/console.d.ts	149	9	generated:node_modules	generated_or_vendor_ignore_for_dead_code	
demo/video-chat/frontend-vue/node_modules/@types/node/web-globals/crypto.d.ts	1449	39	generated:node_modules	generated_or_vendor_ignore_for_dead_code	
demo/video-chat/frontend-vue/node_modules/@types/node/web-globals/domexception.d.ts	2565	68	generated:node_modules	generated_or_vendor_ignore_for_dead_code	
demo/video-chat/frontend-vue/node_modules/@types/node/web-globals/encoding.d.ts	414	11	generated:node_modules	generated_or_vendor_ignore_for_dead_code	
demo/video-chat/frontend-vue/node_modules/@types/node/web-globals/events.d.ts	3367	106	generated:node_modules	generated_or_vendor_ignore_for_dead_code	
demo/video-chat/frontend-vue/node_modules/@types/node/web-globals/fetch.d.ts	3524	69	generated:node_modules	generated_or_vendor_ignore_for_dead_code	
demo/video-chat/frontend-vue/node_modules/@types/node/web-globals/importmeta.d.ts	259	13	generated:node_modules	generated_or_vendor_ignore_for_dead_code	
demo/video-chat/frontend-vue/node_modules/@types/node/web-globals/messaging.d.ts	1113	23	generated:node_modules	generated_or_vendor_ignore_for_dead_code	
demo/video-chat/frontend-vue/node_modules/@types/node/web-globals/navigator.d.ts	891	25	generated:node_modules	generated_or_vendor_ignore_for_dead_code	
demo/video-chat/frontend-vue/node_modules/@types/node/web-globals/performance.d.ts	2551	45	generated:node_modules	generated_or_vendor_ignore_for_dead_code	
demo/video-chat/frontend-vue/node_modules/@types/node/web-globals/storage.d.ts	724	24	generated:node_modules	generated_or_vendor_ignore_for_dead_code	
demo/video-chat/frontend-vue/node_modules/@types/node/web-globals/streams.d.ts	6707	115	generated:node_modules	generated_or_vendor_ignore_for_dead_code	
demo/video-chat/frontend-vue/node_modules/@types/node/web-globals/timers.d.ts	1557	44	generated:node_modules	generated_or_vendor_ignore_for_dead_code	
demo/video-chat/frontend-vue/node_modules/@types/node/web-globals/url.d.ts	800	24	generated:node_modules	generated_or_vendor_ignore_for_dead_code	
demo/video-chat/frontend-vue/node_modules/@types/node/worker_threads.d.ts	29790	671	generated:node_modules	generated_or_vendor_ignore_for_dead_code	
demo/video-chat/frontend-vue/node_modules/@types/node/zlib.d.ts	22874	589	generated:node_modules	generated_or_vendor_ignore_for_dead_code	
demo/video-chat/frontend-vue/node_modules/@vitejs/plugin-vue/LICENSE	1103	21	generated:node_modules	generated_or_vendor_ignore_for_dead_code	
demo/video-chat/frontend-vue/node_modules/@vitejs/plugin-vue/README.md	7418	278	generated:node_modules	generated_or_vendor_ignore_for_dead_code	
demo/video-chat/frontend-vue/node_modules/@vitejs/plugin-vue/dist/index.d.mts	4882	120	generated:node_modules	generated_or_vendor_ignore_for_dead_code	
demo/video-chat/frontend-vue/node_modules/@vitejs/plugin-vue/dist/index.mjs	59853	1745	generated:node_modules	generated_or_vendor_ignore_for_dead_code	fallback,keyframe_delta
demo/video-chat/frontend-vue/node_modules/@vitejs/plugin-vue/package.json	1513	65	generated:node_modules	generated_or_vendor_ignore_for_dead_code	
demo/video-chat/frontend-vue/node_modules/@vue/compiler-core/LICENSE	1091	21	generated:node_modules	generated_or_vendor_ignore_for_dead_code	
demo/video-chat/frontend-vue/node_modules/@vue/compiler-core/README.md	21	1	generated:node_modules	generated_or_vendor_ignore_for_dead_code	
demo/video-chat/frontend-vue/node_modules/@vue/compiler-core/dist/compiler-core.cjs.js	205274	6888	generated:node_modules	generated_or_vendor_ignore_for_dead_code	fallback
demo/video-chat/frontend-vue/node_modules/@vue/compiler-core/dist/compiler-core.cjs.prod.js	200615	6763	generated:node_modules	generated_or_vendor_ignore_for_dead_code	fallback
demo/video-chat/frontend-vue/node_modules/@vue/compiler-core/dist/compiler-core.d.ts	46232	1100	generated:node_modules	generated_or_vendor_ignore_for_dead_code	fallback
demo/video-chat/frontend-vue/node_modules/@vue/compiler-core/dist/compiler-core.esm-bundler.js	175320	5835	generated:node_modules	generated_or_vendor_ignore_for_dead_code	fallback
demo/video-chat/frontend-vue/node_modules/@vue/compiler-core/index.js	191	7	generated:node_modules	generated_or_vendor_ignore_for_dead_code	
demo/video-chat/frontend-vue/node_modules/@vue/compiler-core/package.json	1386	58	generated:node_modules	generated_or_vendor_ignore_for_dead_code	
demo/video-chat/frontend-vue/node_modules/@vue/compiler-dom/LICENSE	1091	21	generated:node_modules	generated_or_vendor_ignore_for_dead_code	
demo/video-chat/frontend-vue/node_modules/@vue/compiler-dom/README.md	20	1	generated:node_modules	generated_or_vendor_ignore_for_dead_code	
demo/video-chat/frontend-vue/node_modules/@vue/compiler-dom/dist/compiler-dom.cjs.js	27369	934	generated:node_modules	generated_or_vendor_ignore_for_dead_code	fallback
demo/video-chat/frontend-vue/node_modules/@vue/compiler-dom/dist/compiler-dom.cjs.prod.js	21213	689	generated:node_modules	generated_or_vendor_ignore_for_dead_code	fallback
demo/video-chat/frontend-vue/node_modules/@vue/compiler-dom/dist/compiler-dom.d.ts	1859	45	generated:node_modules	generated_or_vendor_ignore_for_dead_code	
demo/video-chat/frontend-vue/node_modules/@vue/compiler-dom/dist/compiler-dom.esm-browser.js	196106	6644	generated:node_modules	generated_or_vendor_ignore_for_dead_code	fallback
demo/video-chat/frontend-vue/node_modules/@vue/compiler-dom/dist/compiler-dom.esm-browser.prod.js	81920	14	generated:node_modules	generated_or_vendor_ignore_for_dead_code	
demo/video-chat/frontend-vue/node_modules/@vue/compiler-dom/dist/compiler-dom.esm-bundler.js	20577	690	generated:node_modules	generated_or_vendor_ignore_for_dead_code	fallback
demo/video-chat/frontend-vue/node_modules/@vue/compiler-dom/dist/compiler-dom.global.js	213926	6814	generated:node_modules	generated_or_vendor_ignore_for_dead_code	fallback
demo/video-chat/frontend-vue/node_modules/@vue/compiler-dom/dist/compiler-dom.global.prod.js	81608	14	generated:node_modules	generated_or_vendor_ignore_for_dead_code	
demo/video-chat/frontend-vue/node_modules/@vue/compiler-dom/index.js	189	7	generated:node_modules	generated_or_vendor_ignore_for_dead_code	
demo/video-chat/frontend-vue/node_modules/@vue/compiler-dom/package.json	1380	57	generated:node_modules	generated_or_vendor_ignore_for_dead_code	
demo/video-chat/frontend-vue/node_modules/@vue/compiler-sfc/LICENSE	1091	21	generated:node_modules	generated_or_vendor_ignore_for_dead_code	
demo/video-chat/frontend-vue/node_modules/@vue/compiler-sfc/README.md	4445	79	generated:node_modules	generated_or_vendor_ignore_for_dead_code	
demo/video-chat/frontend-vue/node_modules/@vue/compiler-sfc/dist/compiler-sfc.cjs.js	861574	25619	generated:node_modules	generated_or_vendor_ignore_for_dead_code	background,fallback,keyframe_delta
demo/video-chat/frontend-vue/node_modules/@vue/compiler-sfc/dist/compiler-sfc.d.ts	16694	487	generated:node_modules	generated_or_vendor_ignore_for_dead_code	
demo/video-chat/frontend-vue/node_modules/@vue/compiler-sfc/dist/compiler-sfc.esm-browser.js	1683667	50833	generated:node_modules	generated_or_vendor_ignore_for_dead_code	background,security,fallback,repair,keyframe_delta
demo/video-chat/frontend-vue/node_modules/@vue/compiler-sfc/package.json	1708	67	generated:node_modules	generated_or_vendor_ignore_for_dead_code	
demo/video-chat/frontend-vue/node_modules/@vue/compiler-ssr/LICENSE	1091	21	generated:node_modules	generated_or_vendor_ignore_for_dead_code	
demo/video-chat/frontend-vue/node_modules/@vue/compiler-ssr/README.md	20	1	generated:node_modules	generated_or_vendor_ignore_for_dead_code	
demo/video-chat/frontend-vue/node_modules/@vue/compiler-ssr/dist/compiler-ssr.cjs.js	46482	1413	generated:node_modules	generated_or_vendor_ignore_for_dead_code	fallback
demo/video-chat/frontend-vue/node_modules/@vue/compiler-ssr/dist/compiler-ssr.d.ts	182	4	generated:node_modules	generated_or_vendor_ignore_for_dead_code	
demo/video-chat/frontend-vue/node_modules/@vue/compiler-ssr/package.json	728	34	generated:node_modules	generated_or_vendor_ignore_for_dead_code	
demo/video-chat/frontend-vue/node_modules/@vue/devtools-api/lib/cjs/api/api.js	77	2	generated:node_modules	generated_or_vendor_ignore_for_dead_code	
demo/video-chat/frontend-vue/node_modules/@vue/devtools-api/lib/cjs/api/app.js	77	2	generated:node_modules	generated_or_vendor_ignore_for_dead_code	
demo/video-chat/frontend-vue/node_modules/@vue/devtools-api/lib/cjs/api/component.js	77	2	generated:node_modules	generated_or_vendor_ignore_for_dead_code	
demo/video-chat/frontend-vue/node_modules/@vue/devtools-api/lib/cjs/api/context.js	77	2	generated:node_modules	generated_or_vendor_ignore_for_dead_code	
demo/video-chat/frontend-vue/node_modules/@vue/devtools-api/lib/cjs/api/hooks.js	77	2	generated:node_modules	generated_or_vendor_ignore_for_dead_code	
demo/video-chat/frontend-vue/node_modules/@vue/devtools-api/lib/cjs/api/index.js	1034	22	generated:node_modules	generated_or_vendor_ignore_for_dead_code	
demo/video-chat/frontend-vue/node_modules/@vue/devtools-api/lib/cjs/api/util.js	77	2	generated:node_modules	generated_or_vendor_ignore_for_dead_code	
demo/video-chat/frontend-vue/node_modules/@vue/devtools-api/lib/cjs/const.js	245	5	generated:node_modules	generated_or_vendor_ignore_for_dead_code	
demo/video-chat/frontend-vue/node_modules/@vue/devtools-api/lib/cjs/env.js	688	17	generated:node_modules	generated_or_vendor_ignore_for_dead_code	
demo/video-chat/frontend-vue/node_modules/@vue/devtools-api/lib/cjs/index.js	1936	45	generated:node_modules	generated_or_vendor_ignore_for_dead_code	
demo/video-chat/frontend-vue/node_modules/@vue/devtools-api/lib/cjs/plugin.js	77	2	generated:node_modules	generated_or_vendor_ignore_for_dead_code	
demo/video-chat/frontend-vue/node_modules/@vue/devtools-api/lib/cjs/proxy.js	3681	111	generated:node_modules	generated_or_vendor_ignore_for_dead_code	fallback
demo/video-chat/frontend-vue/node_modules/@vue/devtools-api/lib/cjs/time.js	846	28	generated:node_modules	generated_or_vendor_ignore_for_dead_code	
demo/video-chat/frontend-vue/node_modules/@vue/devtools-api/lib/esm/api/api.d.ts	3536	108	generated:node_modules	generated_or_vendor_ignore_for_dead_code	background
demo/video-chat/frontend-vue/node_modules/@vue/devtools-api/lib/esm/api/api.js	11	1	generated:node_modules	generated_or_vendor_ignore_for_dead_code	
demo/video-chat/frontend-vue/node_modules/@vue/devtools-api/lib/esm/api/app.d.ts	23	1	generated:node_modules	generated_or_vendor_ignore_for_dead_code	
demo/video-chat/frontend-vue/node_modules/@vue/devtools-api/lib/esm/api/app.js	11	1	generated:node_modules	generated_or_vendor_ignore_for_dead_code	
demo/video-chat/frontend-vue/node_modules/@vue/devtools-api/lib/esm/api/component.d.ts	2163	78	generated:node_modules	generated_or_vendor_ignore_for_dead_code	
demo/video-chat/frontend-vue/node_modules/@vue/devtools-api/lib/esm/api/component.js	11	1	generated:node_modules	generated_or_vendor_ignore_for_dead_code	
demo/video-chat/frontend-vue/node_modules/@vue/devtools-api/lib/esm/api/context.d.ts	129	5	generated:node_modules	generated_or_vendor_ignore_for_dead_code	
demo/video-chat/frontend-vue/node_modules/@vue/devtools-api/lib/esm/api/context.js	11	1	generated:node_modules	generated_or_vendor_ignore_for_dead_code	
demo/video-chat/frontend-vue/node_modules/@vue/devtools-api/lib/esm/api/hooks.d.ts	7450	180	generated:node_modules	generated_or_vendor_ignore_for_dead_code	
demo/video-chat/frontend-vue/node_modules/@vue/devtools-api/lib/esm/api/hooks.js	11	1	generated:node_modules	generated_or_vendor_ignore_for_dead_code	
demo/video-chat/frontend-vue/node_modules/@vue/devtools-api/lib/esm/api/index.d.ts	169	6	generated:node_modules	generated_or_vendor_ignore_for_dead_code	
demo/video-chat/frontend-vue/node_modules/@vue/devtools-api/lib/esm/api/index.js	169	6	generated:node_modules	generated_or_vendor_ignore_for_dead_code	
demo/video-chat/frontend-vue/node_modules/@vue/devtools-api/lib/esm/api/util.d.ts	74	4	generated:node_modules	generated_or_vendor_ignore_for_dead_code	
demo/video-chat/frontend-vue/node_modules/@vue/devtools-api/lib/esm/api/util.js	11	1	generated:node_modules	generated_or_vendor_ignore_for_dead_code	
demo/video-chat/frontend-vue/node_modules/@vue/devtools-api/lib/esm/const.d.ts	130	2	generated:node_modules	generated_or_vendor_ignore_for_dead_code	
demo/video-chat/frontend-vue/node_modules/@vue/devtools-api/lib/esm/const.js	114	2	generated:node_modules	generated_or_vendor_ignore_for_dead_code	
demo/video-chat/frontend-vue/node_modules/@vue/devtools-api/lib/esm/env.d.ts	532	15	generated:node_modules	generated_or_vendor_ignore_for_dead_code	
demo/video-chat/frontend-vue/node_modules/@vue/devtools-api/lib/esm/env.js	457	12	generated:node_modules	generated_or_vendor_ignore_for_dead_code	
demo/video-chat/frontend-vue/node_modules/@vue/devtools-api/lib/esm/index.d.ts	1044	18	generated:node_modules	generated_or_vendor_ignore_for_dead_code	
demo/video-chat/frontend-vue/node_modules/@vue/devtools-api/lib/esm/index.js	1021	27	generated:node_modules	generated_or_vendor_ignore_for_dead_code	
demo/video-chat/frontend-vue/node_modules/@vue/devtools-api/lib/esm/plugin.d.ts	1280	47	generated:node_modules	generated_or_vendor_ignore_for_dead_code	
demo/video-chat/frontend-vue/node_modules/@vue/devtools-api/lib/esm/plugin.js	11	1	generated:node_modules	generated_or_vendor_ignore_for_dead_code	
demo/video-chat/frontend-vue/node_modules/@vue/devtools-api/lib/esm/proxy.d.ts	669	20	generated:node_modules	generated_or_vendor_ignore_for_dead_code	fallback
demo/video-chat/frontend-vue/node_modules/@vue/devtools-api/lib/esm/proxy.js	3535	107	generated:node_modules	generated_or_vendor_ignore_for_dead_code	fallback
demo/video-chat/frontend-vue/node_modules/@vue/devtools-api/lib/esm/time.d.ts	98	2	generated:node_modules	generated_or_vendor_ignore_for_dead_code	
demo/video-chat/frontend-vue/node_modules/@vue/devtools-api/lib/esm/time.js	652	23	generated:node_modules	generated_or_vendor_ignore_for_dead_code	
demo/video-chat/frontend-vue/node_modules/@vue/devtools-api/package.json	973	37	generated:node_modules	generated_or_vendor_ignore_for_dead_code	
demo/video-chat/frontend-vue/node_modules/@vue/devtools-kit/LICENSE	1067	21	generated:node_modules	generated_or_vendor_ignore_for_dead_code	
demo/video-chat/frontend-vue/node_modules/@vue/devtools-kit/README.md	49	3	generated:node_modules	generated_or_vendor_ignore_for_dead_code	
demo/video-chat/frontend-vue/node_modules/@vue/devtools-kit/dist/index.cjs	219167	6850	generated:node_modules	generated_or_vendor_ignore_for_dead_code	background,reconnect,fallback,keyframe_delta
demo/video-chat/frontend-vue/node_modules/@vue/devtools-kit/dist/index.d.cts	45382	1121	generated:node_modules	generated_or_vendor_ignore_for_dead_code	background
demo/video-chat/frontend-vue/node_modules/@vue/devtools-kit/dist/index.d.ts	45382	1121	generated:node_modules	generated_or_vendor_ignore_for_dead_code	background
demo/video-chat/frontend-vue/node_modules/@vue/devtools-kit/dist/index.js	211324	6757	generated:node_modules	generated_or_vendor_ignore_for_dead_code	background,reconnect,fallback,keyframe_delta
demo/video-chat/frontend-vue/node_modules/@vue/devtools-kit/global.d.ts	611	20	generated:node_modules	generated_or_vendor_ignore_for_dead_code	
demo/video-chat/frontend-vue/node_modules/@vue/devtools-kit/package.json	983	44	generated:node_modules	generated_or_vendor_ignore_for_dead_code	
demo/video-chat/frontend-vue/node_modules/@vue/devtools-kit/types.d.ts	68	2	generated:node_modules	generated_or_vendor_ignore_for_dead_code	
demo/video-chat/frontend-vue/node_modules/@vue/devtools-shared/LICENSE	1067	21	generated:node_modules	generated_or_vendor_ignore_for_dead_code	
demo/video-chat/frontend-vue/node_modules/@vue/devtools-shared/README.md	87	3	generated:node_modules	generated_or_vendor_ignore_for_dead_code	
demo/video-chat/frontend-vue/node_modules/@vue/devtools-shared/dist/index.cjs	13652	378	generated:node_modules	generated_or_vendor_ignore_for_dead_code	
demo/video-chat/frontend-vue/node_modules/@vue/devtools-shared/dist/index.d.cts	1938	37	generated:node_modules	generated_or_vendor_ignore_for_dead_code	
demo/video-chat/frontend-vue/node_modules/@vue/devtools-shared/dist/index.d.ts	1938	37	generated:node_modules	generated_or_vendor_ignore_for_dead_code	
demo/video-chat/frontend-vue/node_modules/@vue/devtools-shared/dist/index.js	12317	341	generated:node_modules	generated_or_vendor_ignore_for_dead_code	
demo/video-chat/frontend-vue/node_modules/@vue/devtools-shared/package.json	697	34	generated:node_modules	generated_or_vendor_ignore_for_dead_code	
demo/video-chat/frontend-vue/node_modules/@vue/reactivity/LICENSE	1091	21	generated:node_modules	generated_or_vendor_ignore_for_dead_code	
demo/video-chat/frontend-vue/node_modules/@vue/reactivity/README.md	921	19	generated:node_modules	generated_or_vendor_ignore_for_dead_code	
demo/video-chat/frontend-vue/node_modules/@vue/reactivity/dist/reactivity.cjs.js	53691	2033	generated:node_modules	generated_or_vendor_ignore_for_dead_code	
demo/video-chat/frontend-vue/node_modules/@vue/reactivity/dist/reactivity.cjs.prod.js	49443	1877	generated:node_modules	generated_or_vendor_ignore_for_dead_code	
demo/video-chat/frontend-vue/node_modules/@vue/reactivity/dist/reactivity.d.ts	27355	756	generated:node_modules	generated_or_vendor_ignore_for_dead_code	
demo/video-chat/frontend-vue/node_modules/@vue/reactivity/dist/reactivity.esm-browser.js	53827	2031	generated:node_modules	generated_or_vendor_ignore_for_dead_code	
demo/video-chat/frontend-vue/node_modules/@vue/reactivity/dist/reactivity.esm-browser.prod.js	19547	5	generated:node_modules	generated_or_vendor_ignore_for_dead_code	
demo/video-chat/frontend-vue/node_modules/@vue/reactivity/dist/reactivity.esm-bundler.js	54032	1990	generated:node_modules	generated_or_vendor_ignore_for_dead_code	
demo/video-chat/frontend-vue/node_modules/@vue/reactivity/dist/reactivity.global.js	59095	2087	generated:node_modules	generated_or_vendor_ignore_for_dead_code	
demo/video-chat/frontend-vue/node_modules/@vue/reactivity/dist/reactivity.global.prod.js	19405	5	generated:node_modules	generated_or_vendor_ignore_for_dead_code	
demo/video-chat/frontend-vue/node_modules/@vue/reactivity/index.js	185	7	generated:node_modules	generated_or_vendor_ignore_for_dead_code	
demo/video-chat/frontend-vue/node_modules/@vue/reactivity/package.json	1297	55	generated:node_modules	generated_or_vendor_ignore_for_dead_code	
demo/video-chat/frontend-vue/node_modules/@vue/runtime-core/LICENSE	1091	21	generated:node_modules	generated_or_vendor_ignore_for_dead_code	
demo/video-chat/frontend-vue/node_modules/@vue/runtime-core/README.md	657	28	generated:node_modules	generated_or_vendor_ignore_for_dead_code	
demo/video-chat/frontend-vue/node_modules/@vue/runtime-core/dist/runtime-core.cjs.js	261778	8718	generated:node_modules	generated_or_vendor_ignore_for_dead_code	fallback
demo/video-chat/frontend-vue/node_modules/@vue/runtime-core/dist/runtime-core.cjs.prod.js	202778	6856	generated:node_modules	generated_or_vendor_ignore_for_dead_code	fallback
demo/video-chat/frontend-vue/node_modules/@vue/runtime-core/dist/runtime-core.d.ts	93921	1866	generated:node_modules	generated_or_vendor_ignore_for_dead_code	fallback
demo/video-chat/frontend-vue/node_modules/@vue/runtime-core/dist/runtime-core.esm-bundler.js	270717	8647	generated:node_modules	generated_or_vendor_ignore_for_dead_code	fallback
demo/video-chat/frontend-vue/node_modules/@vue/runtime-core/index.js	189	7	generated:node_modules	generated_or_vendor_ignore_for_dead_code	
demo/video-chat/frontend-vue/node_modules/@vue/runtime-core/package.json	1233	52	generated:node_modules	generated_or_vendor_ignore_for_dead_code	
demo/video-chat/frontend-vue/node_modules/@vue/runtime-dom/LICENSE	1091	21	generated:node_modules	generated_or_vendor_ignore_for_dead_code	
demo/video-chat/frontend-vue/node_modules/@vue/runtime-dom/README.md	198	13	generated:node_modules	generated_or_vendor_ignore_for_dead_code	
demo/video-chat/frontend-vue/node_modules/@vue/runtime-dom/dist/runtime-dom.cjs.js	59529	1946	generated:node_modules	generated_or_vendor_ignore_for_dead_code	
demo/video-chat/frontend-vue/node_modules/@vue/runtime-dom/dist/runtime-dom.cjs.prod.js	53995	1796	generated:node_modules	generated_or_vendor_ignore_for_dead_code	
demo/video-chat/frontend-vue/node_modules/@vue/runtime-dom/dist/runtime-dom.d.ts	57898	1450	generated:node_modules	generated_or_vendor_ignore_for_dead_code	background
demo/video-chat/frontend-vue/node_modules/@vue/runtime-dom/dist/runtime-dom.esm-browser.js	379882	12794	generated:node_modules	generated_or_vendor_ignore_for_dead_code	background,fallback
demo/video-chat/frontend-vue/node_modules/@vue/runtime-dom/dist/runtime-dom.esm-browser.prod.js	107446	7	generated:node_modules	generated_or_vendor_ignore_for_dead_code	fallback
demo/video-chat/frontend-vue/node_modules/@vue/runtime-dom/dist/runtime-dom.esm-bundler.js	61732	1985	generated:node_modules	generated_or_vendor_ignore_for_dead_code	
demo/video-chat/frontend-vue/node_modules/@vue/runtime-dom/dist/runtime-dom.global.js	405719	12847	generated:node_modules	generated_or_vendor_ignore_for_dead_code	background,fallback
demo/video-chat/frontend-vue/node_modules/@vue/runtime-dom/dist/runtime-dom.global.prod.js	105407	7	generated:node_modules	generated_or_vendor_ignore_for_dead_code	fallback
demo/video-chat/frontend-vue/node_modules/@vue/runtime-dom/index.js	187	7	generated:node_modules	generated_or_vendor_ignore_for_dead_code	
demo/video-chat/frontend-vue/node_modules/@vue/runtime-dom/package.json	1424	60	generated:node_modules	generated_or_vendor_ignore_for_dead_code	
demo/video-chat/frontend-vue/node_modules/@vue/server-renderer/LICENSE	1091	21	generated:node_modules	generated_or_vendor_ignore_for_dead_code	
demo/video-chat/frontend-vue/node_modules/@vue/server-renderer/README.md	3895	178	generated:node_modules	generated_or_vendor_ignore_for_dead_code	
demo/video-chat/frontend-vue/node_modules/@vue/server-renderer/dist/server-renderer.cjs.js	33526	1159	generated:node_modules	generated_or_vendor_ignore_for_dead_code	fallback
demo/video-chat/frontend-vue/node_modules/@vue/server-renderer/dist/server-renderer.cjs.prod.js	25493	883	generated:node_modules	generated_or_vendor_ignore_for_dead_code	fallback
demo/video-chat/frontend-vue/node_modules/@vue/server-renderer/dist/server-renderer.d.ts	3999	65	generated:node_modules	generated_or_vendor_ignore_for_dead_code	fallback
demo/video-chat/frontend-vue/node_modules/@vue/server-renderer/dist/server-renderer.esm-browser.js	251647	8627	generated:node_modules	generated_or_vendor_ignore_for_dead_code	fallback
demo/video-chat/frontend-vue/node_modules/@vue/server-renderer/dist/server-renderer.esm-browser.prod.js	68247	5	generated:node_modules	generated_or_vendor_ignore_for_dead_code	fallback
demo/video-chat/frontend-vue/node_modules/@vue/server-renderer/dist/server-renderer.esm-bundler.js	32133	1097	generated:node_modules	generated_or_vendor_ignore_for_dead_code	fallback
demo/video-chat/frontend-vue/node_modules/@vue/server-renderer/index.js	195	7	generated:node_modules	generated_or_vendor_ignore_for_dead_code	
demo/video-chat/frontend-vue/node_modules/@vue/server-renderer/package.json	1317	55	generated:node_modules	generated_or_vendor_ignore_for_dead_code	
demo/video-chat/frontend-vue/node_modules/@vue/shared/LICENSE	1091	21	generated:node_modules	generated_or_vendor_ignore_for_dead_code	
demo/video-chat/frontend-vue/node_modules/@vue/shared/README.md	87	3	generated:node_modules	generated_or_vendor_ignore_for_dead_code	
demo/video-chat/frontend-vue/node_modules/@vue/shared/dist/shared.cjs.js	24604	612	generated:node_modules	generated_or_vendor_ignore_for_dead_code	background
demo/video-chat/frontend-vue/node_modules/@vue/shared/dist/shared.cjs.prod.js	24342	604	generated:node_modules	generated_or_vendor_ignore_for_dead_code	background
demo/video-chat/frontend-vue/node_modules/@vue/shared/dist/shared.d.ts	13433	334	generated:node_modules	generated_or_vendor_ignore_for_dead_code	
demo/video-chat/frontend-vue/node_modules/@vue/shared/dist/shared.esm-bundler.js	23016	536	generated:node_modules	generated_or_vendor_ignore_for_dead_code	background
demo/video-chat/frontend-vue/node_modules/@vue/shared/index.js	177	7	generated:node_modules	generated_or_vendor_ignore_for_dead_code	
demo/video-chat/frontend-vue/node_modules/@vue/shared/package.json	1082	47	generated:node_modules	generated_or_vendor_ignore_for_dead_code	
demo/video-chat/frontend-vue/node_modules/argparse/CHANGELOG.md	5966	216	generated:node_modules	generated_or_vendor_ignore_for_dead_code	
demo/video-chat/frontend-vue/node_modules/argparse/LICENSE	12775	254	generated:node_modules	generated_or_vendor_ignore_for_dead_code	
demo/video-chat/frontend-vue/node_modules/argparse/README.md	2768	84	generated:node_modules	generated_or_vendor_ignore_for_dead_code	
demo/video-chat/frontend-vue/node_modules/argparse/argparse.js	129714	3707	generated:node_modules	generated_or_vendor_ignore_for_dead_code	background
demo/video-chat/frontend-vue/node_modules/argparse/lib/sub.js	2252	67	generated:node_modules	generated_or_vendor_ignore_for_dead_code	
demo/video-chat/frontend-vue/node_modules/argparse/lib/textwrap.js	17391	440	generated:node_modules	generated_or_vendor_ignore_for_dead_code	
demo/video-chat/frontend-vue/node_modules/argparse/package.json	682	31	generated:node_modules	generated_or_vendor_ignore_for_dead_code	
demo/video-chat/frontend-vue/node_modules/birpc/LICENSE	1094	21	generated:node_modules	generated_or_vendor_ignore_for_dead_code	
demo/video-chat/frontend-vue/node_modules/birpc/README.md	3696	163	generated:node_modules	generated_or_vendor_ignore_for_dead_code	
demo/video-chat/frontend-vue/node_modules/birpc/dist/index.cjs	8632	296	generated:node_modules	generated_or_vendor_ignore_for_dead_code	
demo/video-chat/frontend-vue/node_modules/birpc/dist/index.d.cts	8774	215	generated:node_modules	generated_or_vendor_ignore_for_dead_code	
demo/video-chat/frontend-vue/node_modules/birpc/dist/index.d.mts	8774	215	generated:node_modules	generated_or_vendor_ignore_for_dead_code	
demo/video-chat/frontend-vue/node_modules/birpc/dist/index.d.ts	8774	215	generated:node_modules	generated_or_vendor_ignore_for_dead_code	
demo/video-chat/frontend-vue/node_modules/birpc/dist/index.mjs	8533	291	generated:node_modules	generated_or_vendor_ignore_for_dead_code	
demo/video-chat/frontend-vue/node_modules/birpc/package.json	1378	57	generated:node_modules	generated_or_vendor_ignore_for_dead_code	
demo/video-chat/frontend-vue/node_modules/copy-anything/LICENSE	1076	21	generated:node_modules	generated_or_vendor_ignore_for_dead_code	
demo/video-chat/frontend-vue/node_modules/copy-anything/README.md	4642	136	generated:node_modules	generated_or_vendor_ignore_for_dead_code	
demo/video-chat/frontend-vue/node_modules/copy-anything/dist/index.d.ts	896	19	generated:node_modules	generated_or_vendor_ignore_for_dead_code	
demo/video-chat/frontend-vue/node_modules/copy-anything/dist/index.js	2090	52	generated:node_modules	generated_or_vendor_ignore_for_dead_code	
demo/video-chat/frontend-vue/node_modules/copy-anything/package.json	1294	55	generated:node_modules	generated_or_vendor_ignore_for_dead_code	
demo/video-chat/frontend-vue/node_modules/csstype/LICENSE	1062	19	generated:node_modules	generated_or_vendor_ignore_for_dead_code	
demo/video-chat/frontend-vue/node_modules/csstype/README.md	10887	291	generated:node_modules	generated_or_vendor_ignore_for_dead_code	background,fallback
demo/video-chat/frontend-vue/node_modules/csstype/index.d.ts	894969	22569	generated:node_modules	generated_or_vendor_ignore_for_dead_code	background,fallback,keyframe_delta
demo/video-chat/frontend-vue/node_modules/csstype/index.js.flow	344546	6863	generated:node_modules	generated_or_vendor_ignore_for_dead_code	background,fallback,keyframe_delta
demo/video-chat/frontend-vue/node_modules/csstype/package.json	1985	70	generated:node_modules	generated_or_vendor_ignore_for_dead_code	
demo/video-chat/frontend-vue/node_modules/detect-libc/LICENSE	11357	201	generated:node_modules	generated_or_vendor_ignore_for_dead_code	
demo/video-chat/frontend-vue/node_modules/detect-libc/README.md	3215	163	generated:node_modules	generated_or_vendor_ignore_for_dead_code	
demo/video-chat/frontend-vue/node_modules/detect-libc/index.d.ts	436	14	generated:node_modules	generated_or_vendor_ignore_for_dead_code	
demo/video-chat/frontend-vue/node_modules/detect-libc/lib/detect-libc.js	7503	313	generated:node_modules	generated_or_vendor_ignore_for_dead_code	
demo/video-chat/frontend-vue/node_modules/detect-libc/lib/elf.js	982	39	generated:node_modules	generated_or_vendor_ignore_for_dead_code	
demo/video-chat/frontend-vue/node_modules/detect-libc/lib/filesystem.js	1097	51	generated:node_modules	generated_or_vendor_ignore_for_dead_code	
demo/video-chat/frontend-vue/node_modules/detect-libc/lib/process.js	569	24	generated:node_modules	generated_or_vendor_ignore_for_dead_code	
demo/video-chat/frontend-vue/node_modules/detect-libc/package.json	1278	44	generated:node_modules	generated_or_vendor_ignore_for_dead_code	
demo/video-chat/frontend-vue/node_modules/driver.js/dist/driver.css	3938	1	generated:node_modules	generated_or_vendor_ignore_for_dead_code	background,keyframe_delta
demo/video-chat/frontend-vue/node_modules/driver.js/dist/driver.js.cjs	21230	2	generated:node_modules	generated_or_vendor_ignore_for_dead_code	
demo/video-chat/frontend-vue/node_modules/driver.js/dist/driver.js.d.ts	3711	137	generated:node_modules	generated_or_vendor_ignore_for_dead_code	
demo/video-chat/frontend-vue/node_modules/driver.js/dist/driver.js.iife.js	21302	2	generated:node_modules	generated_or_vendor_ignore_for_dead_code	
demo/video-chat/frontend-vue/node_modules/driver.js/dist/driver.js.mjs	27207	675	generated:node_modules	generated_or_vendor_ignore_for_dead_code	
demo/video-chat/frontend-vue/node_modules/driver.js/license	1067	21	generated:node_modules	generated_or_vendor_ignore_for_dead_code	
demo/video-chat/frontend-vue/node_modules/driver.js/package.json	1644	68	generated:node_modules	generated_or_vendor_ignore_for_dead_code	
demo/video-chat/frontend-vue/node_modules/driver.js/readme.md	2890	57	generated:node_modules	generated_or_vendor_ignore_for_dead_code	background
demo/video-chat/frontend-vue/node_modules/entities/LICENSE	1260	11	generated:node_modules	generated_or_vendor_ignore_for_dead_code	
demo/video-chat/frontend-vue/node_modules/entities/decode.d.ts	119	3	generated:node_modules	generated_or_vendor_ignore_for_dead_code	
demo/video-chat/frontend-vue/node_modules/entities/decode.js	149	3	generated:node_modules	generated_or_vendor_ignore_for_dead_code	
demo/video-chat/frontend-vue/node_modules/entities/dist/commonjs/decode-codepoint.d.ts	765	19	generated:node_modules	generated_or_vendor_ignore_for_dead_code	
demo/video-chat/frontend-vue/node_modules/entities/dist/commonjs/decode-codepoint.d.ts.map	348	0	generated:node_modules	generated_or_vendor_ignore_for_dead_code	
demo/video-chat/frontend-vue/node_modules/entities/dist/commonjs/decode-codepoint.js	2285	77	generated:node_modules	generated_or_vendor_ignore_for_dead_code	
demo/video-chat/frontend-vue/node_modules/entities/dist/commonjs/decode-codepoint.js.map	1869	0	generated:node_modules	generated_or_vendor_ignore_for_dead_code	
demo/video-chat/frontend-vue/node_modules/entities/dist/commonjs/decode.d.ts	8049	205	generated:node_modules	generated_or_vendor_ignore_for_dead_code	
demo/video-chat/frontend-vue/node_modules/entities/dist/commonjs/decode.d.ts.map	2037	0	generated:node_modules	generated_or_vendor_ignore_for_dead_code	
demo/video-chat/frontend-vue/node_modules/entities/dist/commonjs/decode.js	24682	568	generated:node_modules	generated_or_vendor_ignore_for_dead_code	
demo/video-chat/frontend-vue/node_modules/entities/dist/commonjs/decode.js.map	13694	0	generated:node_modules	generated_or_vendor_ignore_for_dead_code	
demo/video-chat/frontend-vue/node_modules/entities/dist/commonjs/encode.d.ts	951	22	generated:node_modules	generated_or_vendor_ignore_for_dead_code	
demo/video-chat/frontend-vue/node_modules/entities/dist/commonjs/encode.d.ts.map	251	0	generated:node_modules	generated_or_vendor_ignore_for_dead_code	
demo/video-chat/frontend-vue/node_modules/entities/dist/commonjs/encode.js	3341	92	generated:node_modules	generated_or_vendor_ignore_for_dead_code	
demo/video-chat/frontend-vue/node_modules/entities/dist/commonjs/encode.js.map	2344	0	generated:node_modules	generated_or_vendor_ignore_for_dead_code	
demo/video-chat/frontend-vue/node_modules/entities/dist/commonjs/escape.d.ts	1667	46	generated:node_modules	generated_or_vendor_ignore_for_dead_code	
demo/video-chat/frontend-vue/node_modules/entities/dist/commonjs/escape.d.ts.map	590	0	generated:node_modules	generated_or_vendor_ignore_for_dead_code	
demo/video-chat/frontend-vue/node_modules/entities/dist/commonjs/escape.js	4777	138	generated:node_modules	generated_or_vendor_ignore_for_dead_code	
demo/video-chat/frontend-vue/node_modules/entities/dist/commonjs/escape.js.map	3177	0	generated:node_modules	generated_or_vendor_ignore_for_dead_code	
demo/video-chat/frontend-vue/node_modules/entities/dist/commonjs/generated/decode-data-html.d.ts	96	2	generated:node_modules	generated_or_vendor_ignore_for_dead_code	
demo/video-chat/frontend-vue/node_modules/entities/dist/commonjs/generated/decode-data-html.d.ts.map	177	0	generated:node_modules	generated_or_vendor_ignore_for_dead_code	
demo/video-chat/frontend-vue/node_modules/entities/dist/commonjs/generated/decode-data-html.js	32536	7	generated:node_modules	generated_or_vendor_ignore_for_dead_code	security
demo/video-chat/frontend-vue/node_modules/entities/dist/commonjs/generated/decode-data-html.js.map	230	0	generated:node_modules	generated_or_vendor_ignore_for_dead_code	
demo/video-chat/frontend-vue/node_modules/entities/dist/commonjs/generated/decode-data-xml.d.ts	94	2	generated:node_modules	generated_or_vendor_ignore_for_dead_code	
demo/video-chat/frontend-vue/node_modules/entities/dist/commonjs/generated/decode-data-xml.d.ts.map	175	0	generated:node_modules	generated_or_vendor_ignore_for_dead_code	
demo/video-chat/frontend-vue/node_modules/entities/dist/commonjs/generated/decode-data-xml.js	397	7	generated:node_modules	generated_or_vendor_ignore_for_dead_code	
demo/video-chat/frontend-vue/node_modules/entities/dist/commonjs/generated/decode-data-xml.js.map	222	0	generated:node_modules	generated_or_vendor_ignore_for_dead_code	
demo/video-chat/frontend-vue/node_modules/entities/dist/commonjs/generated/encode-html.d.ts	169	3	generated:node_modules	generated_or_vendor_ignore_for_dead_code	
demo/video-chat/frontend-vue/node_modules/entities/dist/commonjs/generated/encode-html.d.ts.map	241	0	generated:node_modules	generated_or_vendor_ignore_for_dead_code	
demo/video-chat/frontend-vue/node_modules/entities/dist/commonjs/generated/encode-html.js	13479	14	generated:node_modules	generated_or_vendor_ignore_for_dead_code	keyframe_delta
demo/video-chat/frontend-vue/node_modules/entities/dist/commonjs/generated/encode-html.js.map	305	0	generated:node_modules	generated_or_vendor_ignore_for_dead_code	
demo/video-chat/frontend-vue/node_modules/entities/dist/commonjs/index.d.ts	3338	96	generated:node_modules	generated_or_vendor_ignore_for_dead_code	
demo/video-chat/frontend-vue/node_modules/entities/dist/commonjs/index.d.ts.map	1335	0	generated:node_modules	generated_or_vendor_ignore_for_dead_code	
demo/video-chat/frontend-vue/node_modules/entities/dist/commonjs/index.js	7349	131	generated:node_modules	generated_or_vendor_ignore_for_dead_code	
demo/video-chat/frontend-vue/node_modules/entities/dist/commonjs/index.js.map	2737	0	generated:node_modules	generated_or_vendor_ignore_for_dead_code	
demo/video-chat/frontend-vue/node_modules/entities/dist/commonjs/internal/bin-trie-flags.d.ts	706	17	generated:node_modules	generated_or_vendor_ignore_for_dead_code	
demo/video-chat/frontend-vue/node_modules/entities/dist/commonjs/internal/bin-trie-flags.d.ts.map	244	0	generated:node_modules	generated_or_vendor_ignore_for_dead_code	
demo/video-chat/frontend-vue/node_modules/entities/dist/commonjs/internal/bin-trie-flags.js	1066	21	generated:node_modules	generated_or_vendor_ignore_for_dead_code	
demo/video-chat/frontend-vue/node_modules/entities/dist/commonjs/internal/bin-trie-flags.js.map	295	0	generated:node_modules	generated_or_vendor_ignore_for_dead_code	
demo/video-chat/frontend-vue/node_modules/entities/dist/commonjs/internal/decode-shared.d.ts	109	2	generated:node_modules	generated_or_vendor_ignore_for_dead_code	
demo/video-chat/frontend-vue/node_modules/entities/dist/commonjs/internal/decode-shared.d.ts.map	188	0	generated:node_modules	generated_or_vendor_ignore_for_dead_code	
demo/video-chat/frontend-vue/node_modules/entities/dist/commonjs/internal/decode-shared.js	1381	31	generated:node_modules	generated_or_vendor_ignore_for_dead_code	
demo/video-chat/frontend-vue/node_modules/entities/dist/commonjs/internal/decode-shared.js.map	1033	0	generated:node_modules	generated_or_vendor_ignore_for_dead_code	
demo/video-chat/frontend-vue/node_modules/entities/dist/commonjs/internal/encode-shared.d.ts	1289	32	generated:node_modules	generated_or_vendor_ignore_for_dead_code	keyframe_delta
demo/video-chat/frontend-vue/node_modules/entities/dist/commonjs/internal/encode-shared.d.ts.map	462	0	generated:node_modules	generated_or_vendor_ignore_for_dead_code	
demo/video-chat/frontend-vue/node_modules/entities/dist/commonjs/internal/encode-shared.js	3663	94	generated:node_modules	generated_or_vendor_ignore_for_dead_code	keyframe_delta
demo/video-chat/frontend-vue/node_modules/entities/dist/commonjs/internal/encode-shared.js.map	3066	0	generated:node_modules	generated_or_vendor_ignore_for_dead_code	
demo/video-chat/frontend-vue/node_modules/entities/dist/commonjs/package.json	25	3	generated:node_modules	generated_or_vendor_ignore_for_dead_code	
demo/video-chat/frontend-vue/node_modules/entities/dist/esm/decode-codepoint.d.ts	765	19	generated:node_modules	generated_or_vendor_ignore_for_dead_code	
demo/video-chat/frontend-vue/node_modules/entities/dist/esm/decode-codepoint.d.ts.map	348	0	generated:node_modules	generated_or_vendor_ignore_for_dead_code	
demo/video-chat/frontend-vue/node_modules/entities/dist/esm/decode-codepoint.js	2094	72	generated:node_modules	generated_or_vendor_ignore_for_dead_code	
demo/video-chat/frontend-vue/node_modules/entities/dist/esm/decode-codepoint.js.map	1854	0	generated:node_modules	generated_or_vendor_ignore_for_dead_code	
demo/video-chat/frontend-vue/node_modules/entities/dist/esm/decode.d.ts	8049	205	generated:node_modules	generated_or_vendor_ignore_for_dead_code	
demo/video-chat/frontend-vue/node_modules/entities/dist/esm/decode.d.ts.map	2037	0	generated:node_modules	generated_or_vendor_ignore_for_dead_code	
demo/video-chat/frontend-vue/node_modules/entities/dist/esm/decode.js	23157	554	generated:node_modules	generated_or_vendor_ignore_for_dead_code	
demo/video-chat/frontend-vue/node_modules/entities/dist/esm/decode.js.map	13761	0	generated:node_modules	generated_or_vendor_ignore_for_dead_code	
demo/video-chat/frontend-vue/node_modules/entities/dist/esm/encode.d.ts	951	22	generated:node_modules	generated_or_vendor_ignore_for_dead_code	
demo/video-chat/frontend-vue/node_modules/entities/dist/esm/encode.d.ts.map	251	0	generated:node_modules	generated_or_vendor_ignore_for_dead_code	
demo/video-chat/frontend-vue/node_modules/entities/dist/esm/encode.js	3159	88	generated:node_modules	generated_or_vendor_ignore_for_dead_code	
demo/video-chat/frontend-vue/node_modules/entities/dist/esm/encode.js.map	2389	0	generated:node_modules	generated_or_vendor_ignore_for_dead_code	
demo/video-chat/frontend-vue/node_modules/entities/dist/esm/escape.d.ts	1667	46	generated:node_modules	generated_or_vendor_ignore_for_dead_code	
demo/video-chat/frontend-vue/node_modules/entities/dist/esm/escape.d.ts.map	590	0	generated:node_modules	generated_or_vendor_ignore_for_dead_code	
demo/video-chat/frontend-vue/node_modules/entities/dist/esm/escape.js	4574	134	generated:node_modules	generated_or_vendor_ignore_for_dead_code	
demo/video-chat/frontend-vue/node_modules/entities/dist/esm/escape.js.map	3238	0	generated:node_modules	generated_or_vendor_ignore_for_dead_code	
demo/video-chat/frontend-vue/node_modules/entities/dist/esm/generated/decode-data-html.d.ts	96	2	generated:node_modules	generated_or_vendor_ignore_for_dead_code	
demo/video-chat/frontend-vue/node_modules/entities/dist/esm/generated/decode-data-html.d.ts.map	177	0	generated:node_modules	generated_or_vendor_ignore_for_dead_code	
demo/video-chat/frontend-vue/node_modules/entities/dist/esm/generated/decode-data-html.js	32416	4	generated:node_modules	generated_or_vendor_ignore_for_dead_code	security
demo/video-chat/frontend-vue/node_modules/entities/dist/esm/generated/decode-data-html.js.map	271	0	generated:node_modules	generated_or_vendor_ignore_for_dead_code	
demo/video-chat/frontend-vue/node_modules/entities/dist/esm/generated/decode-data-xml.d.ts	94	2	generated:node_modules	generated_or_vendor_ignore_for_dead_code	
demo/video-chat/frontend-vue/node_modules/entities/dist/esm/generated/decode-data-xml.d.ts.map	175	0	generated:node_modules	generated_or_vendor_ignore_for_dead_code	
demo/video-chat/frontend-vue/node_modules/entities/dist/esm/generated/decode-data-xml.js	278	4	generated:node_modules	generated_or_vendor_ignore_for_dead_code	
demo/video-chat/frontend-vue/node_modules/entities/dist/esm/generated/decode-data-xml.js.map	263	0	generated:node_modules	generated_or_vendor_ignore_for_dead_code	
demo/video-chat/frontend-vue/node_modules/entities/dist/esm/generated/encode-html.d.ts	169	3	generated:node_modules	generated_or_vendor_ignore_for_dead_code	
demo/video-chat/frontend-vue/node_modules/entities/dist/esm/generated/encode-html.d.ts.map	241	0	generated:node_modules	generated_or_vendor_ignore_for_dead_code	
demo/video-chat/frontend-vue/node_modules/entities/dist/esm/generated/encode-html.js	13353	11	generated:node_modules	generated_or_vendor_ignore_for_dead_code	keyframe_delta
demo/video-chat/frontend-vue/node_modules/entities/dist/esm/generated/encode-html.js.map	337	0	generated:node_modules	generated_or_vendor_ignore_for_dead_code	
demo/video-chat/frontend-vue/node_modules/entities/dist/esm/index.d.ts	3338	96	generated:node_modules	generated_or_vendor_ignore_for_dead_code	
demo/video-chat/frontend-vue/node_modules/entities/dist/esm/index.d.ts.map	1335	0	generated:node_modules	generated_or_vendor_ignore_for_dead_code	
demo/video-chat/frontend-vue/node_modules/entities/dist/esm/index.js	4444	107	generated:node_modules	generated_or_vendor_ignore_for_dead_code	
demo/video-chat/frontend-vue/node_modules/entities/dist/esm/index.js.map	2723	0	generated:node_modules	generated_or_vendor_ignore_for_dead_code	
demo/video-chat/frontend-vue/node_modules/entities/dist/esm/internal/bin-trie-flags.d.ts	706	17	generated:node_modules	generated_or_vendor_ignore_for_dead_code	
demo/video-chat/frontend-vue/node_modules/entities/dist/esm/internal/bin-trie-flags.d.ts.map	244	0	generated:node_modules	generated_or_vendor_ignore_for_dead_code	
demo/video-chat/frontend-vue/node_modules/entities/dist/esm/internal/bin-trie-flags.js	942	18	generated:node_modules	generated_or_vendor_ignore_for_dead_code	
demo/video-chat/frontend-vue/node_modules/entities/dist/esm/internal/bin-trie-flags.js.map	301	0	generated:node_modules	generated_or_vendor_ignore_for_dead_code	
demo/video-chat/frontend-vue/node_modules/entities/dist/esm/internal/decode-shared.d.ts	109	2	generated:node_modules	generated_or_vendor_ignore_for_dead_code	
demo/video-chat/frontend-vue/node_modules/entities/dist/esm/internal/decode-shared.d.ts.map	188	0	generated:node_modules	generated_or_vendor_ignore_for_dead_code	
demo/video-chat/frontend-vue/node_modules/entities/dist/esm/internal/decode-shared.js	1274	28	generated:node_modules	generated_or_vendor_ignore_for_dead_code	
demo/video-chat/frontend-vue/node_modules/entities/dist/esm/internal/decode-shared.js.map	1022	0	generated:node_modules	generated_or_vendor_ignore_for_dead_code	
demo/video-chat/frontend-vue/node_modules/entities/dist/esm/internal/encode-shared.d.ts	1289	32	generated:node_modules	generated_or_vendor_ignore_for_dead_code	keyframe_delta
demo/video-chat/frontend-vue/node_modules/entities/dist/esm/internal/encode-shared.d.ts.map	462	0	generated:node_modules	generated_or_vendor_ignore_for_dead_code	
demo/video-chat/frontend-vue/node_modules/entities/dist/esm/internal/encode-shared.js	3550	91	generated:node_modules	generated_or_vendor_ignore_for_dead_code	keyframe_delta
demo/video-chat/frontend-vue/node_modules/entities/dist/esm/internal/encode-shared.js.map	3055	0	generated:node_modules	generated_or_vendor_ignore_for_dead_code	
demo/video-chat/frontend-vue/node_modules/entities/dist/esm/package.json	23	3	generated:node_modules	generated_or_vendor_ignore_for_dead_code	
demo/video-chat/frontend-vue/node_modules/entities/escape.d.ts	119	3	generated:node_modules	generated_or_vendor_ignore_for_dead_code	
demo/video-chat/frontend-vue/node_modules/entities/escape.js	149	3	generated:node_modules	generated_or_vendor_ignore_for_dead_code	
demo/video-chat/frontend-vue/node_modules/entities/package.json	3740	120	generated:node_modules	generated_or_vendor_ignore_for_dead_code	
demo/video-chat/frontend-vue/node_modules/entities/readme.md	5816	143	generated:node_modules	generated_or_vendor_ignore_for_dead_code	
demo/video-chat/frontend-vue/node_modules/entities/src/decode-codepoint.ts	2164	81	generated:node_modules	generated_or_vendor_ignore_for_dead_code	
demo/video-chat/frontend-vue/node_modules/entities/src/decode.ts	23654	685	generated:node_modules	generated_or_vendor_ignore_for_dead_code	
demo/video-chat/frontend-vue/node_modules/entities/src/encode.ts	3202	93	generated:node_modules	generated_or_vendor_ignore_for_dead_code	
demo/video-chat/frontend-vue/node_modules/entities/src/escape.ts	5047	161	generated:node_modules	generated_or_vendor_ignore_for_dead_code	
demo/video-chat/frontend-vue/node_modules/entities/src/generated/.eslintrc.json	250	10	generated:node_modules	generated_or_vendor_ignore_for_dead_code	
demo/video-chat/frontend-vue/node_modules/entities/src/generated/decode-data-html.ts	32393	6	generated:node_modules	generated_or_vendor_ignore_for_dead_code	security
demo/video-chat/frontend-vue/node_modules/entities/src/generated/decode-data-xml.ts	256	6	generated:node_modules	generated_or_vendor_ignore_for_dead_code	
demo/video-chat/frontend-vue/node_modules/entities/src/generated/encode-html.ts	13392	17	generated:node_modules	generated_or_vendor_ignore_for_dead_code	keyframe_delta
demo/video-chat/frontend-vue/node_modules/entities/src/index.ts	5086	187	generated:node_modules	generated_or_vendor_ignore_for_dead_code	
demo/video-chat/frontend-vue/node_modules/entities/src/internal/bin-trie-flags.ts	723	16	generated:node_modules	generated_or_vendor_ignore_for_dead_code	
demo/video-chat/frontend-vue/node_modules/entities/src/internal/decode-shared.ts	1276	30	generated:node_modules	generated_or_vendor_ignore_for_dead_code	
demo/video-chat/frontend-vue/node_modules/entities/src/internal/encode-shared.ts	4466	121	generated:node_modules	generated_or_vendor_ignore_for_dead_code	keyframe_delta
demo/video-chat/frontend-vue/node_modules/estree-walker/CHANGELOG.md	1548	92	generated:node_modules	generated_or_vendor_ignore_for_dead_code	
demo/video-chat/frontend-vue/node_modules/estree-walker/LICENSE	1126	7	generated:node_modules	generated_or_vendor_ignore_for_dead_code	
demo/video-chat/frontend-vue/node_modules/estree-walker/README.md	1623	48	generated:node_modules	generated_or_vendor_ignore_for_dead_code	
demo/video-chat/frontend-vue/node_modules/estree-walker/dist/esm/estree-walker.js	7158	333	generated:node_modules	generated_or_vendor_ignore_for_dead_code	
demo/video-chat/frontend-vue/node_modules/estree-walker/dist/esm/package.json	17	1	generated:node_modules	generated_or_vendor_ignore_for_dead_code	
demo/video-chat/frontend-vue/node_modules/estree-walker/dist/umd/estree-walker.js	7828	344	generated:node_modules	generated_or_vendor_ignore_for_dead_code	
demo/video-chat/frontend-vue/node_modules/estree-walker/package.json	848	37	generated:node_modules	generated_or_vendor_ignore_for_dead_code	
demo/video-chat/frontend-vue/node_modules/estree-walker/src/async.js	2712	118	generated:node_modules	generated_or_vendor_ignore_for_dead_code	
demo/video-chat/frontend-vue/node_modules/estree-walker/src/index.js	842	35	generated:node_modules	generated_or_vendor_ignore_for_dead_code	
demo/video-chat/frontend-vue/node_modules/estree-walker/src/package.json	18	1	generated:node_modules	generated_or_vendor_ignore_for_dead_code	
demo/video-chat/frontend-vue/node_modules/estree-walker/src/sync.js	2659	118	generated:node_modules	generated_or_vendor_ignore_for_dead_code	
demo/video-chat/frontend-vue/node_modules/estree-walker/src/walker.js	1114	61	generated:node_modules	generated_or_vendor_ignore_for_dead_code	
demo/video-chat/frontend-vue/node_modules/estree-walker/types/async.d.ts	1939	53	generated:node_modules	generated_or_vendor_ignore_for_dead_code	
demo/video-chat/frontend-vue/node_modules/estree-walker/types/index.d.ts	2242	56	generated:node_modules	generated_or_vendor_ignore_for_dead_code	
demo/video-chat/frontend-vue/node_modules/estree-walker/types/sync.d.ts	1879	53	generated:node_modules	generated_or_vendor_ignore_for_dead_code	
demo/video-chat/frontend-vue/node_modules/estree-walker/types/tsconfig.tsbuildinfo	15666	345	generated:node_modules	generated_or_vendor_ignore_for_dead_code	
demo/video-chat/frontend-vue/node_modules/estree-walker/types/walker.d.ts	1024	37	generated:node_modules	generated_or_vendor_ignore_for_dead_code	
demo/video-chat/frontend-vue/node_modules/fdir/LICENSE	1053	7	generated:node_modules	generated_or_vendor_ignore_for_dead_code	
demo/video-chat/frontend-vue/node_modules/fdir/README.md	3851	91	generated:node_modules	generated_or_vendor_ignore_for_dead_code	
demo/video-chat/frontend-vue/node_modules/fdir/dist/index.cjs	18210	588	generated:node_modules	generated_or_vendor_ignore_for_dead_code	
demo/video-chat/frontend-vue/node_modules/fdir/dist/index.d.cts	5129	155	generated:node_modules	generated_or_vendor_ignore_for_dead_code	
demo/video-chat/frontend-vue/node_modules/fdir/dist/index.d.mts	5129	155	generated:node_modules	generated_or_vendor_ignore_for_dead_code	
demo/video-chat/frontend-vue/node_modules/fdir/dist/index.mjs	17225	570	generated:node_modules	generated_or_vendor_ignore_for_dead_code	
demo/video-chat/frontend-vue/node_modules/fdir/package.json	2694	103	generated:node_modules	generated_or_vendor_ignore_for_dead_code	
demo/video-chat/frontend-vue/node_modules/flatbuffers/LICENSE	11358	202	generated:node_modules	generated_or_vendor_ignore_for_dead_code	
demo/video-chat/frontend-vue/node_modules/flatbuffers/README.md	4869	116	generated:node_modules	generated_or_vendor_ignore_for_dead_code	
demo/video-chat/frontend-vue/node_modules/flatbuffers/js/builder.d.ts	8883	224	generated:node_modules	generated_or_vendor_ignore_for_dead_code	
demo/video-chat/frontend-vue/node_modules/flatbuffers/js/builder.js	18831	538	generated:node_modules	generated_or_vendor_ignore_for_dead_code	
demo/video-chat/frontend-vue/node_modules/flatbuffers/js/byte-buffer.d.ts	4324	111	generated:node_modules	generated_or_vendor_ignore_for_dead_code	
demo/video-chat/frontend-vue/node_modules/flatbuffers/js/byte-buffer.js	8756	257	generated:node_modules	generated_or_vendor_ignore_for_dead_code	
demo/video-chat/frontend-vue/node_modules/flatbuffers/js/constants.d.ts	170	4	generated:node_modules	generated_or_vendor_ignore_for_dead_code	
demo/video-chat/frontend-vue/node_modules/flatbuffers/js/constants.js	309	7	generated:node_modules	generated_or_vendor_ignore_for_dead_code	
demo/video-chat/frontend-vue/node_modules/flatbuffers/js/encoding.d.ts	74	4	generated:node_modules	generated_or_vendor_ignore_for_dead_code	
demo/video-chat/frontend-vue/node_modules/flatbuffers/js/encoding.js	311	8	generated:node_modules	generated_or_vendor_ignore_for_dead_code	
demo/video-chat/frontend-vue/node_modules/flatbuffers/js/flatbuffers.d.ts	384	6	generated:node_modules	generated_or_vendor_ignore_for_dead_code	
demo/video-chat/frontend-vue/node_modules/flatbuffers/js/flatbuffers.js	1923	19	generated:node_modules	generated_or_vendor_ignore_for_dead_code	
demo/video-chat/frontend-vue/node_modules/flatbuffers/js/flatbuffers.min.js	11361	1	generated:node_modules	generated_or_vendor_ignore_for_dead_code	
demo/video-chat/frontend-vue/node_modules/flatbuffers/js/flexbuffers.d.ts	384	5	generated:node_modules	generated_or_vendor_ignore_for_dead_code	
demo/video-chat/frontend-vue/node_modules/flatbuffers/js/flexbuffers.js	1008	22	generated:node_modules	generated_or_vendor_ignore_for_dead_code	
demo/video-chat/frontend-vue/node_modules/flatbuffers/js/flexbuffers/bit-width-util.d.ts	434	7	generated:node_modules	generated_or_vendor_ignore_for_dead_code	
demo/video-chat/frontend-vue/node_modules/flatbuffers/js/flexbuffers/bit-width-util.js	1522	45	generated:node_modules	generated_or_vendor_ignore_for_dead_code	
demo/video-chat/frontend-vue/node_modules/flatbuffers/js/flexbuffers/bit-width.d.ts	99	6	generated:node_modules	generated_or_vendor_ignore_for_dead_code	
demo/video-chat/frontend-vue/node_modules/flatbuffers/js/flexbuffers/bit-width.js	395	10	generated:node_modules	generated_or_vendor_ignore_for_dead_code	
demo/video-chat/frontend-vue/node_modules/flatbuffers/js/flexbuffers/builder.d.ts	2163	59	generated:node_modules	generated_or_vendor_ignore_for_dead_code	
demo/video-chat/frontend-vue/node_modules/flatbuffers/js/flexbuffers/builder.js	21590	543	generated:node_modules	generated_or_vendor_ignore_for_dead_code	
demo/video-chat/frontend-vue/node_modules/flatbuffers/js/flexbuffers/flexbuffers-util.d.ts	129	2	generated:node_modules	generated_or_vendor_ignore_for_dead_code	
demo/video-chat/frontend-vue/node_modules/flatbuffers/js/flexbuffers/flexbuffers-util.js	357	12	generated:node_modules	generated_or_vendor_ignore_for_dead_code	
demo/video-chat/frontend-vue/node_modules/flatbuffers/js/flexbuffers/reference-util.d.ts	904	8	generated:node_modules	generated_or_vendor_ignore_for_dead_code	
demo/video-chat/frontend-vue/node_modules/flatbuffers/js/flexbuffers/reference-util.js	4648	123	generated:node_modules	generated_or_vendor_ignore_for_dead_code	
demo/video-chat/frontend-vue/node_modules/flatbuffers/js/flexbuffers/reference.d.ts	966	31	generated:node_modules	generated_or_vendor_ignore_for_dead_code	
demo/video-chat/frontend-vue/node_modules/flatbuffers/js/flexbuffers/reference.js	10067	211	generated:node_modules	generated_or_vendor_ignore_for_dead_code	
demo/video-chat/frontend-vue/node_modules/flatbuffers/js/flexbuffers/stack-value.d.ts	620	16	generated:node_modules	generated_or_vendor_ignore_for_dead_code	
demo/video-chat/frontend-vue/node_modules/flatbuffers/js/flexbuffers/stack-value.js	3049	69	generated:node_modules	generated_or_vendor_ignore_for_dead_code	
demo/video-chat/frontend-vue/node_modules/flatbuffers/js/flexbuffers/value-type-util.d.ts	936	13	generated:node_modules	generated_or_vendor_ignore_for_dead_code	
demo/video-chat/frontend-vue/node_modules/flatbuffers/js/flexbuffers/value-type-util.js	2969	65	generated:node_modules	generated_or_vendor_ignore_for_dead_code	
demo/video-chat/frontend-vue/node_modules/flatbuffers/js/flexbuffers/value-type.d.ts	598	30	generated:node_modules	generated_or_vendor_ignore_for_dead_code	
demo/video-chat/frontend-vue/node_modules/flatbuffers/js/flexbuffers/value-type.js	1843	34	generated:node_modules	generated_or_vendor_ignore_for_dead_code	
demo/video-chat/frontend-vue/node_modules/flatbuffers/js/types.d.ts	314	13	generated:node_modules	generated_or_vendor_ignore_for_dead_code	
demo/video-chat/frontend-vue/node_modules/flatbuffers/js/types.js	77	2	generated:node_modules	generated_or_vendor_ignore_for_dead_code	
demo/video-chat/frontend-vue/node_modules/flatbuffers/js/utils.d.ts	213	4	generated:node_modules	generated_or_vendor_ignore_for_dead_code	
demo/video-chat/frontend-vue/node_modules/flatbuffers/js/utils.js	395	7	generated:node_modules	generated_or_vendor_ignore_for_dead_code	
demo/video-chat/frontend-vue/node_modules/flatbuffers/mjs/builder.d.ts	8883	224	generated:node_modules	generated_or_vendor_ignore_for_dead_code	
demo/video-chat/frontend-vue/node_modules/flatbuffers/mjs/builder.js	18526	534	generated:node_modules	generated_or_vendor_ignore_for_dead_code	
demo/video-chat/frontend-vue/node_modules/flatbuffers/mjs/byte-buffer.d.ts	4324	111	generated:node_modules	generated_or_vendor_ignore_for_dead_code	
demo/video-chat/frontend-vue/node_modules/flatbuffers/mjs/byte-buffer.js	8347	253	generated:node_modules	generated_or_vendor_ignore_for_dead_code	
demo/video-chat/frontend-vue/node_modules/flatbuffers/mjs/constants.d.ts	170	4	generated:node_modules	generated_or_vendor_ignore_for_dead_code	
demo/video-chat/frontend-vue/node_modules/flatbuffers/mjs/constants.js	138	4	generated:node_modules	generated_or_vendor_ignore_for_dead_code	
demo/video-chat/frontend-vue/node_modules/flatbuffers/mjs/encoding.d.ts	74	4	generated:node_modules	generated_or_vendor_ignore_for_dead_code	
demo/video-chat/frontend-vue/node_modules/flatbuffers/mjs/encoding.js	195	5	generated:node_modules	generated_or_vendor_ignore_for_dead_code	
demo/video-chat/frontend-vue/node_modules/flatbuffers/mjs/flatbuffers.d.ts	384	6	generated:node_modules	generated_or_vendor_ignore_for_dead_code	
demo/video-chat/frontend-vue/node_modules/flatbuffers/mjs/flatbuffers.js	303	5	generated:node_modules	generated_or_vendor_ignore_for_dead_code	
demo/video-chat/frontend-vue/node_modules/flatbuffers/mjs/flexbuffers.d.ts	384	5	generated:node_modules	generated_or_vendor_ignore_for_dead_code	
demo/video-chat/frontend-vue/node_modules/flatbuffers/mjs/flexbuffers.js	657	15	generated:node_modules	generated_or_vendor_ignore_for_dead_code	
demo/video-chat/frontend-vue/node_modules/flatbuffers/mjs/flexbuffers/bit-width-util.d.ts	434	7	generated:node_modules	generated_or_vendor_ignore_for_dead_code	
demo/video-chat/frontend-vue/node_modules/flatbuffers/mjs/flexbuffers/bit-width-util.js	1086	37	generated:node_modules	generated_or_vendor_ignore_for_dead_code	
demo/video-chat/frontend-vue/node_modules/flatbuffers/mjs/flexbuffers/bit-width.d.ts	99	6	generated:node_modules	generated_or_vendor_ignore_for_dead_code	
demo/video-chat/frontend-vue/node_modules/flatbuffers/mjs/flexbuffers/bit-width.js	279	7	generated:node_modules	generated_or_vendor_ignore_for_dead_code	
demo/video-chat/frontend-vue/node_modules/flatbuffers/mjs/flexbuffers/builder.d.ts	2163	59	generated:node_modules	generated_or_vendor_ignore_for_dead_code	
demo/video-chat/frontend-vue/node_modules/flatbuffers/mjs/flexbuffers/builder.js	20551	539	generated:node_modules	generated_or_vendor_ignore_for_dead_code	
demo/video-chat/frontend-vue/node_modules/flatbuffers/mjs/flexbuffers/flexbuffers-util.d.ts	129	2	generated:node_modules	generated_or_vendor_ignore_for_dead_code	
demo/video-chat/frontend-vue/node_modules/flatbuffers/mjs/flexbuffers/flexbuffers-util.js	220	8	generated:node_modules	generated_or_vendor_ignore_for_dead_code	
demo/video-chat/frontend-vue/node_modules/flatbuffers/mjs/flexbuffers/reference-util.d.ts	904	8	generated:node_modules	generated_or_vendor_ignore_for_dead_code	
demo/video-chat/frontend-vue/node_modules/flatbuffers/mjs/flexbuffers/reference-util.js	4171	113	generated:node_modules	generated_or_vendor_ignore_for_dead_code	
demo/video-chat/frontend-vue/node_modules/flatbuffers/mjs/flexbuffers/reference.d.ts	966	31	generated:node_modules	generated_or_vendor_ignore_for_dead_code	
demo/video-chat/frontend-vue/node_modules/flatbuffers/mjs/flexbuffers/reference.js	8562	206	generated:node_modules	generated_or_vendor_ignore_for_dead_code	
demo/video-chat/frontend-vue/node_modules/flatbuffers/mjs/flexbuffers/stack-value.d.ts	620	16	generated:node_modules	generated_or_vendor_ignore_for_dead_code	
demo/video-chat/frontend-vue/node_modules/flatbuffers/mjs/flexbuffers/stack-value.js	2587	65	generated:node_modules	generated_or_vendor_ignore_for_dead_code	
demo/video-chat/frontend-vue/node_modules/flatbuffers/mjs/flexbuffers/value-type-util.d.ts	936	13	generated:node_modules	generated_or_vendor_ignore_for_dead_code	
demo/video-chat/frontend-vue/node_modules/flatbuffers/mjs/flexbuffers/value-type-util.js	1983	51	generated:node_modules	generated_or_vendor_ignore_for_dead_code	
demo/video-chat/frontend-vue/node_modules/flatbuffers/mjs/flexbuffers/value-type.d.ts	598	30	generated:node_modules	generated_or_vendor_ignore_for_dead_code	
demo/video-chat/frontend-vue/node_modules/flatbuffers/mjs/flexbuffers/value-type.js	1725	31	generated:node_modules	generated_or_vendor_ignore_for_dead_code	
demo/video-chat/frontend-vue/node_modules/flatbuffers/mjs/types.d.ts	314	13	generated:node_modules	generated_or_vendor_ignore_for_dead_code	
demo/video-chat/frontend-vue/node_modules/flatbuffers/mjs/types.js	11	1	generated:node_modules	generated_or_vendor_ignore_for_dead_code	
demo/video-chat/frontend-vue/node_modules/flatbuffers/mjs/utils.d.ts	213	4	generated:node_modules	generated_or_vendor_ignore_for_dead_code	
demo/video-chat/frontend-vue/node_modules/flatbuffers/mjs/utils.js	237	4	generated:node_modules	generated_or_vendor_ignore_for_dead_code	
demo/video-chat/frontend-vue/node_modules/flatbuffers/package.json	1432	53	generated:node_modules	generated_or_vendor_ignore_for_dead_code	
demo/video-chat/frontend-vue/node_modules/flatbuffers/ts/builder.ts	18354	660	generated:node_modules	generated_or_vendor_ignore_for_dead_code	
demo/video-chat/frontend-vue/node_modules/flatbuffers/ts/byte-buffer.ts	8666	316	generated:node_modules	generated_or_vendor_ignore_for_dead_code	
demo/video-chat/frontend-vue/node_modules/flatbuffers/ts/constants.ts	138	4	generated:node_modules	generated_or_vendor_ignore_for_dead_code	
demo/video-chat/frontend-vue/node_modules/flatbuffers/ts/encoding.ts	63	4	generated:node_modules	generated_or_vendor_ignore_for_dead_code	
demo/video-chat/frontend-vue/node_modules/flatbuffers/ts/flatbuffers.ts	385	14	generated:node_modules	generated_or_vendor_ignore_for_dead_code	
demo/video-chat/frontend-vue/node_modules/flatbuffers/ts/flexbuffers.ts	730	29	generated:node_modules	generated_or_vendor_ignore_for_dead_code	
demo/video-chat/frontend-vue/node_modules/flatbuffers/ts/flexbuffers/bit-width-util.ts	1111	34	generated:node_modules	generated_or_vendor_ignore_for_dead_code	
demo/video-chat/frontend-vue/node_modules/flatbuffers/ts/flexbuffers/bit-width.ts	84	6	generated:node_modules	generated_or_vendor_ignore_for_dead_code	
demo/video-chat/frontend-vue/node_modules/flatbuffers/ts/flexbuffers/builder.ts	19503	656	generated:node_modules	generated_or_vendor_ignore_for_dead_code	
demo/video-chat/frontend-vue/node_modules/flatbuffers/ts/flexbuffers/flexbuffers-util.ts	255	9	generated:node_modules	generated_or_vendor_ignore_for_dead_code	
demo/video-chat/frontend-vue/node_modules/flatbuffers/ts/flexbuffers/reference-util.ts	4349	170	generated:node_modules	generated_or_vendor_ignore_for_dead_code	
demo/video-chat/frontend-vue/node_modules/flatbuffers/ts/flexbuffers/reference.ts	8853	324	generated:node_modules	generated_or_vendor_ignore_for_dead_code	
demo/video-chat/frontend-vue/node_modules/flatbuffers/ts/flexbuffers/stack-value.ts	2518	73	generated:node_modules	generated_or_vendor_ignore_for_dead_code	
demo/video-chat/frontend-vue/node_modules/flatbuffers/ts/flexbuffers/value-type-util.ts	2195	65	generated:node_modules	generated_or_vendor_ignore_for_dead_code	
demo/video-chat/frontend-vue/node_modules/flatbuffers/ts/flexbuffers/value-type.ts	535	30	generated:node_modules	generated_or_vendor_ignore_for_dead_code	
demo/video-chat/frontend-vue/node_modules/flatbuffers/ts/types.ts	306	17	generated:node_modules	generated_or_vendor_ignore_for_dead_code	
demo/video-chat/frontend-vue/node_modules/flatbuffers/ts/utils.ts	239	5	generated:node_modules	generated_or_vendor_ignore_for_dead_code	
demo/video-chat/frontend-vue/node_modules/guid-typescript/README.md	1195	39	generated:node_modules	generated_or_vendor_ignore_for_dead_code	
demo/video-chat/frontend-vue/node_modules/guid-typescript/dist/guid.d.ts	435	16	generated:node_modules	generated_or_vendor_ignore_for_dead_code	
demo/video-chat/frontend-vue/node_modules/guid-typescript/dist/guid.js	1969	57	generated:node_modules	generated_or_vendor_ignore_for_dead_code	
demo/video-chat/frontend-vue/node_modules/guid-typescript/package.json	950	37	generated:node_modules	generated_or_vendor_ignore_for_dead_code	
demo/video-chat/frontend-vue/node_modules/hookable/LICENSE.md	1088	21	generated:node_modules	generated_or_vendor_ignore_for_dead_code	
demo/video-chat/frontend-vue/node_modules/hookable/README.md	7287	271	generated:node_modules	generated_or_vendor_ignore_for_dead_code	
demo/video-chat/frontend-vue/node_modules/hookable/dist/index.cjs	8478	299	generated:node_modules	generated_or_vendor_ignore_for_dead_code	
demo/video-chat/frontend-vue/node_modules/hookable/dist/index.d.ts	5012	103	generated:node_modules	generated_or_vendor_ignore_for_dead_code	
demo/video-chat/frontend-vue/node_modules/hookable/dist/index.mjs	8302	290	generated:node_modules	generated_or_vendor_ignore_for_dead_code	
demo/video-chat/frontend-vue/node_modules/hookable/package.json	1299	49	generated:node_modules	generated_or_vendor_ignore_for_dead_code	
demo/video-chat/frontend-vue/node_modules/is-what/LICENSE	1076	21	generated:node_modules	generated_or_vendor_ignore_for_dead_code	
demo/video-chat/frontend-vue/node_modules/is-what/README.md	8865	305	generated:node_modules	generated_or_vendor_ignore_for_dead_code	
demo/video-chat/frontend-vue/node_modules/is-what/dist/getType.d.ts	111	2	generated:node_modules	generated_or_vendor_ignore_for_dead_code	
demo/video-chat/frontend-vue/node_modules/is-what/dist/getType.js	154	4	generated:node_modules	generated_or_vendor_ignore_for_dead_code	
demo/video-chat/frontend-vue/node_modules/is-what/dist/index.d.ts	2201	47	generated:node_modules	generated_or_vendor_ignore_for_dead_code	
demo/video-chat/frontend-vue/node_modules/is-what/dist/index.js	1976	43	generated:node_modules	generated_or_vendor_ignore_for_dead_code	
demo/video-chat/frontend-vue/node_modules/is-what/dist/isAnyObject.d.ts	266	6	generated:node_modules	generated_or_vendor_ignore_for_dead_code	
demo/video-chat/frontend-vue/node_modules/is-what/dist/isAnyObject.js	255	8	generated:node_modules	generated_or_vendor_ignore_for_dead_code	
demo/video-chat/frontend-vue/node_modules/is-what/dist/isArray.d.ts	120	2	generated:node_modules	generated_or_vendor_ignore_for_dead_code	
demo/video-chat/frontend-vue/node_modules/is-what/dist/isArray.js	165	5	generated:node_modules	generated_or_vendor_ignore_for_dead_code	
demo/video-chat/frontend-vue/node_modules/is-what/dist/isBigInt.d.ts	118	2	generated:node_modules	generated_or_vendor_ignore_for_dead_code	
demo/video-chat/frontend-vue/node_modules/is-what/dist/isBigInt.js	167	5	generated:node_modules	generated_or_vendor_ignore_for_dead_code	
demo/video-chat/frontend-vue/node_modules/is-what/dist/isBlob.d.ts	112	2	generated:node_modules	generated_or_vendor_ignore_for_dead_code	
demo/video-chat/frontend-vue/node_modules/is-what/dist/isBlob.js	161	5	generated:node_modules	generated_or_vendor_ignore_for_dead_code	
demo/video-chat/frontend-vue/node_modules/is-what/dist/isBoolean.d.ts	121	2	generated:node_modules	generated_or_vendor_ignore_for_dead_code	
demo/video-chat/frontend-vue/node_modules/is-what/dist/isBoolean.js	170	5	generated:node_modules	generated_or_vendor_ignore_for_dead_code	
demo/video-chat/frontend-vue/node_modules/is-what/dist/isDate.d.ts	140	2	generated:node_modules	generated_or_vendor_ignore_for_dead_code	
demo/video-chat/frontend-vue/node_modules/is-what/dist/isDate.js	225	5	generated:node_modules	generated_or_vendor_ignore_for_dead_code	
demo/video-chat/frontend-vue/node_modules/is-what/dist/isEmptyArray.d.ts	126	2	generated:node_modules	generated_or_vendor_ignore_for_dead_code	
demo/video-chat/frontend-vue/node_modules/is-what/dist/isEmptyArray.js	190	5	generated:node_modules	generated_or_vendor_ignore_for_dead_code	
demo/video-chat/frontend-vue/node_modules/is-what/dist/isEmptyObject.d.ts	241	7	generated:node_modules	generated_or_vendor_ignore_for_dead_code	
demo/video-chat/frontend-vue/node_modules/is-what/dist/isEmptyObject.js	291	8	generated:node_modules	generated_or_vendor_ignore_for_dead_code	
demo/video-chat/frontend-vue/node_modules/is-what/dist/isEmptyString.d.ts	117	2	generated:node_modules	generated_or_vendor_ignore_for_dead_code	
demo/video-chat/frontend-vue/node_modules/is-what/dist/isEmptyString.js	111	4	generated:node_modules	generated_or_vendor_ignore_for_dead_code	
demo/video-chat/frontend-vue/node_modules/is-what/dist/isError.d.ts	116	2	generated:node_modules	generated_or_vendor_ignore_for_dead_code	
demo/video-chat/frontend-vue/node_modules/is-what/dist/isError.js	193	5	generated:node_modules	generated_or_vendor_ignore_for_dead_code	
demo/video-chat/frontend-vue/node_modules/is-what/dist/isFile.d.ts	112	2	generated:node_modules	generated_or_vendor_ignore_for_dead_code	
demo/video-chat/frontend-vue/node_modules/is-what/dist/isFile.js	161	5	generated:node_modules	generated_or_vendor_ignore_for_dead_code	
demo/video-chat/frontend-vue/node_modules/is-what/dist/isFullArray.d.ts	147	2	generated:node_modules	generated_or_vendor_ignore_for_dead_code	
demo/video-chat/frontend-vue/node_modules/is-what/dist/isFullArray.js	202	5	generated:node_modules	generated_or_vendor_ignore_for_dead_code	
demo/video-chat/frontend-vue/node_modules/is-what/dist/isFullObject.d.ts	259	6	generated:node_modules	generated_or_vendor_ignore_for_dead_code	
demo/video-chat/frontend-vue/node_modules/is-what/dist/isFullObject.js	288	8	generated:node_modules	generated_or_vendor_ignore_for_dead_code	
demo/video-chat/frontend-vue/node_modules/is-what/dist/isFullString.d.ts	148	2	generated:node_modules	generated_or_vendor_ignore_for_dead_code	
demo/video-chat/frontend-vue/node_modules/is-what/dist/isFullString.js	205	5	generated:node_modules	generated_or_vendor_ignore_for_dead_code	
demo/video-chat/frontend-vue/node_modules/is-what/dist/isFunction.d.ts	197	3	generated:node_modules	generated_or_vendor_ignore_for_dead_code	
demo/video-chat/frontend-vue/node_modules/is-what/dist/isFunction.js	150	4	generated:node_modules	generated_or_vendor_ignore_for_dead_code	
demo/video-chat/frontend-vue/node_modules/is-what/dist/isHexDecimal.d.ts	229	5	generated:node_modules	generated_or_vendor_ignore_for_dead_code	
demo/video-chat/frontend-vue/node_modules/is-what/dist/isHexDecimal.js	404	12	generated:node_modules	generated_or_vendor_ignore_for_dead_code	
demo/video-chat/frontend-vue/node_modules/is-what/dist/isInstanceOf.d.ts	1183	23	generated:node_modules	generated_or_vendor_ignore_for_dead_code	
demo/video-chat/frontend-vue/node_modules/is-what/dist/isInstanceOf.js	557	19	generated:node_modules	generated_or_vendor_ignore_for_dead_code	
demo/video-chat/frontend-vue/node_modules/is-what/dist/isInteger.d.ts	128	2	generated:node_modules	generated_or_vendor_ignore_for_dead_code	
demo/video-chat/frontend-vue/node_modules/is-what/dist/isInteger.js	206	5	generated:node_modules	generated_or_vendor_ignore_for_dead_code	
demo/video-chat/frontend-vue/node_modules/is-what/dist/isIterable.d.ts	153	2	generated:node_modules	generated_or_vendor_ignore_for_dead_code	
demo/video-chat/frontend-vue/node_modules/is-what/dist/isIterable.js	721	16	generated:node_modules	generated_or_vendor_ignore_for_dead_code	
demo/video-chat/frontend-vue/node_modules/is-what/dist/isMap.d.ts	127	2	generated:node_modules	generated_or_vendor_ignore_for_dead_code	
demo/video-chat/frontend-vue/node_modules/is-what/dist/isMap.js	158	5	generated:node_modules	generated_or_vendor_ignore_for_dead_code	
demo/video-chat/frontend-vue/node_modules/is-what/dist/isNaNValue.d.ts	181	2	generated:node_modules	generated_or_vendor_ignore_for_dead_code	
demo/video-chat/frontend-vue/node_modules/is-what/dist/isNaNValue.js	244	5	generated:node_modules	generated_or_vendor_ignore_for_dead_code	
demo/video-chat/frontend-vue/node_modules/is-what/dist/isNegativeInteger.d.ts	149	2	generated:node_modules	generated_or_vendor_ignore_for_dead_code	
demo/video-chat/frontend-vue/node_modules/is-what/dist/isNegativeInteger.js	206	5	generated:node_modules	generated_or_vendor_ignore_for_dead_code	
demo/video-chat/frontend-vue/node_modules/is-what/dist/isNegativeNumber.d.ts	147	2	generated:node_modules	generated_or_vendor_ignore_for_dead_code	
demo/video-chat/frontend-vue/node_modules/is-what/dist/isNegativeNumber.js	201	5	generated:node_modules	generated_or_vendor_ignore_for_dead_code	
demo/video-chat/frontend-vue/node_modules/is-what/dist/isNull.d.ts	110	2	generated:node_modules	generated_or_vendor_ignore_for_dead_code	
demo/video-chat/frontend-vue/node_modules/is-what/dist/isNull.js	159	5	generated:node_modules	generated_or_vendor_ignore_for_dead_code	
demo/video-chat/frontend-vue/node_modules/is-what/dist/isNullOrUndefined.d.ts	152	2	generated:node_modules	generated_or_vendor_ignore_for_dead_code	
demo/video-chat/frontend-vue/node_modules/is-what/dist/isNullOrUndefined.js	297	5	generated:node_modules	generated_or_vendor_ignore_for_dead_code	
demo/video-chat/frontend-vue/node_modules/is-what/dist/isNumber.d.ts	179	6	generated:node_modules	generated_or_vendor_ignore_for_dead_code	
demo/video-chat/frontend-vue/node_modules/is-what/dist/isNumber.js	254	9	generated:node_modules	generated_or_vendor_ignore_for_dead_code	
demo/video-chat/frontend-vue/node_modules/is-what/dist/isObject.d.ts	263	6	generated:node_modules	generated_or_vendor_ignore_for_dead_code	
demo/video-chat/frontend-vue/node_modules/is-what/dist/isObject.js	257	8	generated:node_modules	generated_or_vendor_ignore_for_dead_code	
demo/video-chat/frontend-vue/node_modules/is-what/dist/isObjectLike.d.ts	372	9	generated:node_modules	generated_or_vendor_ignore_for_dead_code	
demo/video-chat/frontend-vue/node_modules/is-what/dist/isObjectLike.js	347	11	generated:node_modules	generated_or_vendor_ignore_for_dead_code	
demo/video-chat/frontend-vue/node_modules/is-what/dist/isOneOf.d.ts	2236	54	generated:node_modules	generated_or_vendor_ignore_for_dead_code	
demo/video-chat/frontend-vue/node_modules/is-what/dist/isOneOf.js	512	15	generated:node_modules	generated_or_vendor_ignore_for_dead_code	
demo/video-chat/frontend-vue/node_modules/is-what/dist/isPlainObject.d.ts	292	8	generated:node_modules	generated_or_vendor_ignore_for_dead_code	
demo/video-chat/frontend-vue/node_modules/is-what/dist/isPlainObject.js	424	11	generated:node_modules	generated_or_vendor_ignore_for_dead_code	
demo/video-chat/frontend-vue/node_modules/is-what/dist/isPositiveInteger.d.ts	149	2	generated:node_modules	generated_or_vendor_ignore_for_dead_code	
demo/video-chat/frontend-vue/node_modules/is-what/dist/isPositiveInteger.js	206	5	generated:node_modules	generated_or_vendor_ignore_for_dead_code	
demo/video-chat/frontend-vue/node_modules/is-what/dist/isPositiveNumber.d.ts	147	2	generated:node_modules	generated_or_vendor_ignore_for_dead_code	
demo/video-chat/frontend-vue/node_modules/is-what/dist/isPositiveNumber.js	201	5	generated:node_modules	generated_or_vendor_ignore_for_dead_code	
demo/video-chat/frontend-vue/node_modules/is-what/dist/isPrimitive.d.ts	255	6	generated:node_modules	generated_or_vendor_ignore_for_dead_code	
demo/video-chat/frontend-vue/node_modules/is-what/dist/isPrimitive.js	672	21	generated:node_modules	generated_or_vendor_ignore_for_dead_code	
demo/video-chat/frontend-vue/node_modules/is-what/dist/isPromise.d.ts	130	2	generated:node_modules	generated_or_vendor_ignore_for_dead_code	
demo/video-chat/frontend-vue/node_modules/is-what/dist/isPromise.js	170	5	generated:node_modules	generated_or_vendor_ignore_for_dead_code	
demo/video-chat/frontend-vue/node_modules/is-what/dist/isRegExp.d.ts	139	2	generated:node_modules	generated_or_vendor_ignore_for_dead_code	
demo/video-chat/frontend-vue/node_modules/is-what/dist/isRegExp.js	188	5	generated:node_modules	generated_or_vendor_ignore_for_dead_code	
demo/video-chat/frontend-vue/node_modules/is-what/dist/isSet.d.ts	118	2	generated:node_modules	generated_or_vendor_ignore_for_dead_code	
demo/video-chat/frontend-vue/node_modules/is-what/dist/isSet.js	158	5	generated:node_modules	generated_or_vendor_ignore_for_dead_code	
demo/video-chat/frontend-vue/node_modules/is-what/dist/isString.d.ts	118	2	generated:node_modules	generated_or_vendor_ignore_for_dead_code	
demo/video-chat/frontend-vue/node_modules/is-what/dist/isString.js	167	5	generated:node_modules	generated_or_vendor_ignore_for_dead_code	
demo/video-chat/frontend-vue/node_modules/is-what/dist/isSymbol.d.ts	118	2	generated:node_modules	generated_or_vendor_ignore_for_dead_code	
demo/video-chat/frontend-vue/node_modules/is-what/dist/isSymbol.js	167	5	generated:node_modules	generated_or_vendor_ignore_for_dead_code	
demo/video-chat/frontend-vue/node_modules/is-what/dist/isType.d.ts	531	10	generated:node_modules	generated_or_vendor_ignore_for_dead_code	
demo/video-chat/frontend-vue/node_modules/is-what/dist/isType.js	819	20	generated:node_modules	generated_or_vendor_ignore_for_dead_code	
demo/video-chat/frontend-vue/node_modules/is-what/dist/isUndefined.d.ts	125	2	generated:node_modules	generated_or_vendor_ignore_for_dead_code	
demo/video-chat/frontend-vue/node_modules/is-what/dist/isUndefined.js	174	5	generated:node_modules	generated_or_vendor_ignore_for_dead_code	
demo/video-chat/frontend-vue/node_modules/is-what/dist/isWeakMap.d.ts	139	2	generated:node_modules	generated_or_vendor_ignore_for_dead_code	
demo/video-chat/frontend-vue/node_modules/is-what/dist/isWeakMap.js	170	5	generated:node_modules	generated_or_vendor_ignore_for_dead_code	
demo/video-chat/frontend-vue/node_modules/is-what/dist/isWeakSet.d.ts	130	2	generated:node_modules	generated_or_vendor_ignore_for_dead_code	
demo/video-chat/frontend-vue/node_modules/is-what/dist/isWeakSet.js	170	5	generated:node_modules	generated_or_vendor_ignore_for_dead_code	
demo/video-chat/frontend-vue/node_modules/is-what/package.json	1532	63	generated:node_modules	generated_or_vendor_ignore_for_dead_code	
demo/video-chat/frontend-vue/node_modules/lightningcss-linux-x64-gnu/LICENSE	15648	373	generated:node_modules	generated_or_vendor_ignore_for_dead_code	repair
demo/video-chat/frontend-vue/node_modules/lightningcss-linux-x64-gnu/README.md	123	1	generated:node_modules	generated_or_vendor_ignore_for_dead_code	
demo/video-chat/frontend-vue/node_modules/lightningcss-linux-x64-gnu/lightningcss.linux-x64-gnu.node	10040456	0	generated:node_modules	generated_or_vendor_ignore_for_dead_code	
demo/video-chat/frontend-vue/node_modules/lightningcss-linux-x64-gnu/package.json	745	37	generated:node_modules	generated_or_vendor_ignore_for_dead_code	
demo/video-chat/frontend-vue/node_modules/lightningcss-linux-x64-musl/LICENSE	15648	373	generated:node_modules	generated_or_vendor_ignore_for_dead_code	repair
demo/video-chat/frontend-vue/node_modules/lightningcss-linux-x64-musl/README.md	124	1	generated:node_modules	generated_or_vendor_ignore_for_dead_code	
demo/video-chat/frontend-vue/node_modules/lightningcss-linux-x64-musl/lightningcss.linux-x64-musl.node	10036152	0	generated:node_modules	generated_or_vendor_ignore_for_dead_code	
demo/video-chat/frontend-vue/node_modules/lightningcss-linux-x64-musl/package.json	747	37	generated:node_modules	generated_or_vendor_ignore_for_dead_code	
demo/video-chat/frontend-vue/node_modules/lightningcss/LICENSE	15648	373	generated:node_modules	generated_or_vendor_ignore_for_dead_code	repair
demo/video-chat/frontend-vue/node_modules/lightningcss/README.md	6058	105	generated:node_modules	generated_or_vendor_ignore_for_dead_code	fallback,keyframe_delta
demo/video-chat/frontend-vue/node_modules/lightningcss/node/ast.d.ts	212319	9892	generated:node_modules	generated_or_vendor_ignore_for_dead_code	background,fallback,keyframe_delta
demo/video-chat/frontend-vue/node_modules/lightningcss/node/ast.js.flow	216648	10539	generated:node_modules	generated_or_vendor_ignore_for_dead_code	background,fallback,keyframe_delta
demo/video-chat/frontend-vue/node_modules/lightningcss/node/browserslistToTargets.js	929	48	generated:node_modules	generated_or_vendor_ignore_for_dead_code	
demo/video-chat/frontend-vue/node_modules/lightningcss/node/composeVisitors.js	11393	450	generated:node_modules	generated_or_vendor_ignore_for_dead_code	
demo/video-chat/frontend-vue/node_modules/lightningcss/node/flags.js	666	28	generated:node_modules	generated_or_vendor_ignore_for_dead_code	
demo/video-chat/frontend-vue/node_modules/lightningcss/node/index.d.ts	18604	494	generated:node_modules	generated_or_vendor_ignore_for_dead_code	repair,keyframe_delta
demo/video-chat/frontend-vue/node_modules/lightningcss/node/index.js	1665	59	generated:node_modules	generated_or_vendor_ignore_for_dead_code	
demo/video-chat/frontend-vue/node_modules/lightningcss/node/index.js.flow	20788	843	generated:node_modules	generated_or_vendor_ignore_for_dead_code	repair,keyframe_delta
demo/video-chat/frontend-vue/node_modules/lightningcss/node/index.mjs	276	4	generated:node_modules	generated_or_vendor_ignore_for_dead_code	
demo/video-chat/frontend-vue/node_modules/lightningcss/node/targets.d.ts	867	40	generated:node_modules	generated_or_vendor_ignore_for_dead_code	
demo/video-chat/frontend-vue/node_modules/lightningcss/node/targets.js.flow	819	39	generated:node_modules	generated_or_vendor_ignore_for_dead_code	
demo/video-chat/frontend-vue/node_modules/lightningcss/package.json	3835	110	generated:node_modules	generated_or_vendor_ignore_for_dead_code	
demo/video-chat/frontend-vue/node_modules/linkify-it/LICENSE	1058	22	generated:node_modules	generated_or_vendor_ignore_for_dead_code	
demo/video-chat/frontend-vue/node_modules/linkify-it/README.md	6364	196	generated:node_modules	generated_or_vendor_ignore_for_dead_code	
demo/video-chat/frontend-vue/node_modules/linkify-it/build/index.cjs.js	23328	832	generated:node_modules	generated_or_vendor_ignore_for_dead_code	
demo/video-chat/frontend-vue/node_modules/linkify-it/index.mjs	17602	642	generated:node_modules	generated_or_vendor_ignore_for_dead_code	
demo/video-chat/frontend-vue/node_modules/linkify-it/lib/re.mjs	5556	189	generated:node_modules	generated_or_vendor_ignore_for_dead_code	
demo/video-chat/frontend-vue/node_modules/linkify-it/package.json	1483	58	generated:node_modules	generated_or_vendor_ignore_for_dead_code	
demo/video-chat/frontend-vue/node_modules/long/LICENSE	11358	202	generated:node_modules	generated_or_vendor_ignore_for_dead_code	
demo/video-chat/frontend-vue/node_modules/long/README.md	11124	286	generated:node_modules	generated_or_vendor_ignore_for_dead_code	background,fallback
demo/video-chat/frontend-vue/node_modules/long/index.d.ts	56	2	generated:node_modules	generated_or_vendor_ignore_for_dead_code	
demo/video-chat/frontend-vue/node_modules/long/index.js	44190	1581	generated:node_modules	generated_or_vendor_ignore_for_dead_code	keyframe_delta
demo/video-chat/frontend-vue/node_modules/long/package.json	1493	58	generated:node_modules	generated_or_vendor_ignore_for_dead_code	
demo/video-chat/frontend-vue/node_modules/long/types.d.ts	10071	474	generated:node_modules	generated_or_vendor_ignore_for_dead_code	fallback
demo/video-chat/frontend-vue/node_modules/long/umd/index.d.ts	76	3	generated:node_modules	generated_or_vendor_ignore_for_dead_code	
demo/video-chat/frontend-vue/node_modules/long/umd/index.js	50994	1622	generated:node_modules	generated_or_vendor_ignore_for_dead_code	keyframe_delta
demo/video-chat/frontend-vue/node_modules/long/umd/package.json	25	3	generated:node_modules	generated_or_vendor_ignore_for_dead_code	
demo/video-chat/frontend-vue/node_modules/long/umd/types.d.ts	10071	474	generated:node_modules	generated_or_vendor_ignore_for_dead_code	fallback
demo/video-chat/frontend-vue/node_modules/magic-string/LICENSE	1051	7	generated:node_modules	generated_or_vendor_ignore_for_dead_code	
demo/video-chat/frontend-vue/node_modules/magic-string/README.md	12608	325	generated:node_modules	generated_or_vendor_ignore_for_dead_code	
demo/video-chat/frontend-vue/node_modules/magic-string/dist/magic-string.cjs.d.ts	10017	289	generated:node_modules	generated_or_vendor_ignore_for_dead_code	
demo/video-chat/frontend-vue/node_modules/magic-string/dist/magic-string.cjs.js	38935	1594	generated:node_modules	generated_or_vendor_ignore_for_dead_code	
demo/video-chat/frontend-vue/node_modules/magic-string/dist/magic-string.cjs.js.map	95751	0	generated:node_modules	generated_or_vendor_ignore_for_dead_code	
demo/video-chat/frontend-vue/node_modules/magic-string/dist/magic-string.es.d.mts	10017	289	generated:node_modules	generated_or_vendor_ignore_for_dead_code	
demo/video-chat/frontend-vue/node_modules/magic-string/dist/magic-string.es.mjs	38739	1588	generated:node_modules	generated_or_vendor_ignore_for_dead_code	
demo/video-chat/frontend-vue/node_modules/magic-string/dist/magic-string.es.mjs.map	95273	0	generated:node_modules	generated_or_vendor_ignore_for_dead_code	
demo/video-chat/frontend-vue/node_modules/magic-string/dist/magic-string.umd.js	42936	1682	generated:node_modules	generated_or_vendor_ignore_for_dead_code	keyframe_delta
demo/video-chat/frontend-vue/node_modules/magic-string/dist/magic-string.umd.js.map	112594	0	generated:node_modules	generated_or_vendor_ignore_for_dead_code	
demo/video-chat/frontend-vue/node_modules/magic-string/package.json	1840	67	generated:node_modules	generated_or_vendor_ignore_for_dead_code	
demo/video-chat/frontend-vue/node_modules/markdown-it/LICENSE	1073	22	generated:node_modules	generated_or_vendor_ignore_for_dead_code	
demo/video-chat/frontend-vue/node_modules/markdown-it/README.md	10183	324	generated:node_modules	generated_or_vendor_ignore_for_dead_code	
demo/video-chat/frontend-vue/node_modules/markdown-it/bin/markdown-it.mjs	2166	107	generated:node_modules	generated_or_vendor_ignore_for_dead_code	
demo/video-chat/frontend-vue/node_modules/markdown-it/dist/index.cjs.js	163284	5547	generated:node_modules	generated_or_vendor_ignore_for_dead_code	fallback
demo/video-chat/frontend-vue/node_modules/markdown-it/dist/markdown-it.js	299159	6969	generated:node_modules	generated_or_vendor_ignore_for_dead_code	fallback,keyframe_delta
demo/video-chat/frontend-vue/node_modules/markdown-it/dist/markdown-it.min.js	123524	2	generated:node_modules	generated_or_vendor_ignore_for_dead_code	
demo/video-chat/frontend-vue/node_modules/markdown-it/index.mjs	42	1	generated:node_modules	generated_or_vendor_ignore_for_dead_code	
demo/video-chat/frontend-vue/node_modules/markdown-it/lib/common/html_blocks.mjs	799	67	generated:node_modules	generated_or_vendor_ignore_for_dead_code	
demo/video-chat/frontend-vue/node_modules/markdown-it/lib/common/html_re.mjs	992	25	generated:node_modules	generated_or_vendor_ignore_for_dead_code	
demo/video-chat/frontend-vue/node_modules/markdown-it/lib/common/utils.mjs	7897	304	generated:node_modules	generated_or_vendor_ignore_for_dead_code	
demo/video-chat/frontend-vue/node_modules/markdown-it/lib/helpers/index.mjs	275	11	generated:node_modules	generated_or_vendor_ignore_for_dead_code	
demo/video-chat/frontend-vue/node_modules/markdown-it/lib/helpers/parse_link_destination.mjs	1543	77	generated:node_modules	generated_or_vendor_ignore_for_dead_code	
demo/video-chat/frontend-vue/node_modules/markdown-it/lib/helpers/parse_link_label.mjs	985	49	generated:node_modules	generated_or_vendor_ignore_for_dead_code	
demo/video-chat/frontend-vue/node_modules/markdown-it/lib/helpers/parse_link_title.mjs	1851	66	generated:node_modules	generated_or_vendor_ignore_for_dead_code	
demo/video-chat/frontend-vue/node_modules/markdown-it/lib/index.mjs	17899	565	generated:node_modules	generated_or_vendor_ignore_for_dead_code	
demo/video-chat/frontend-vue/node_modules/markdown-it/lib/parser_block.mjs	3986	134	generated:node_modules	generated_or_vendor_ignore_for_dead_code	
demo/video-chat/frontend-vue/node_modules/markdown-it/lib/parser_core.mjs	1509	62	generated:node_modules	generated_or_vendor_ignore_for_dead_code	
demo/video-chat/frontend-vue/node_modules/markdown-it/lib/parser_inline.mjs	5434	197	generated:node_modules	generated_or_vendor_ignore_for_dead_code	
demo/video-chat/frontend-vue/node_modules/markdown-it/lib/presets/commonmark.mjs	1909	88	generated:node_modules	generated_or_vendor_ignore_for_dead_code	
demo/video-chat/frontend-vue/node_modules/markdown-it/lib/presets/default.mjs	1281	47	generated:node_modules	generated_or_vendor_ignore_for_dead_code	
demo/video-chat/frontend-vue/node_modules/markdown-it/lib/presets/zero.mjs	1652	70	generated:node_modules	generated_or_vendor_ignore_for_dead_code	
demo/video-chat/frontend-vue/node_modules/markdown-it/lib/renderer.mjs	8929	322	generated:node_modules	generated_or_vendor_ignore_for_dead_code	
demo/video-chat/frontend-vue/node_modules/markdown-it/lib/ruler.mjs	8478	340	generated:node_modules	generated_or_vendor_ignore_for_dead_code	
demo/video-chat/frontend-vue/node_modules/markdown-it/lib/rules_block/blockquote.mjs	6056	209	generated:node_modules	generated_or_vendor_ignore_for_dead_code	
demo/video-chat/frontend-vue/node_modules/markdown-it/lib/rules_block/code.mjs	686	30	generated:node_modules	generated_or_vendor_ignore_for_dead_code	
demo/video-chat/frontend-vue/node_modules/markdown-it/lib/rules_block/fence.mjs	2412	94	generated:node_modules	generated_or_vendor_ignore_for_dead_code	
demo/video-chat/frontend-vue/node_modules/markdown-it/lib/rules_block/heading.mjs	1497	51	generated:node_modules	generated_or_vendor_ignore_for_dead_code	
demo/video-chat/frontend-vue/node_modules/markdown-it/lib/rules_block/hr.mjs	1070	40	generated:node_modules	generated_or_vendor_ignore_for_dead_code	
demo/video-chat/frontend-vue/node_modules/markdown-it/lib/rules_block/html_block.mjs	2200	69	generated:node_modules	generated_or_vendor_ignore_for_dead_code	
demo/video-chat/frontend-vue/node_modules/markdown-it/lib/rules_block/lheading.mjs	2487	82	generated:node_modules	generated_or_vendor_ignore_for_dead_code	
demo/video-chat/frontend-vue/node_modules/markdown-it/lib/rules_block/list.mjs	9103	331	generated:node_modules	generated_or_vendor_ignore_for_dead_code	
demo/video-chat/frontend-vue/node_modules/markdown-it/lib/rules_block/paragraph.mjs	1458	46	generated:node_modules	generated_or_vendor_ignore_for_dead_code	
demo/video-chat/frontend-vue/node_modules/markdown-it/lib/rules_block/reference.mjs	5829	212	generated:node_modules	generated_or_vendor_ignore_for_dead_code	
demo/video-chat/frontend-vue/node_modules/markdown-it/lib/rules_block/state_block.mjs	5895	220	generated:node_modules	generated_or_vendor_ignore_for_dead_code	
demo/video-chat/frontend-vue/node_modules/markdown-it/lib/rules_block/table.mjs	7087	228	generated:node_modules	generated_or_vendor_ignore_for_dead_code	
demo/video-chat/frontend-vue/node_modules/markdown-it/lib/rules_core/block.mjs	333	13	generated:node_modules	generated_or_vendor_ignore_for_dead_code	
demo/video-chat/frontend-vue/node_modules/markdown-it/lib/rules_core/inline.mjs	289	11	generated:node_modules	generated_or_vendor_ignore_for_dead_code	
demo/video-chat/frontend-vue/node_modules/markdown-it/lib/rules_core/linkify.mjs	4248	134	generated:node_modules	generated_or_vendor_ignore_for_dead_code	
demo/video-chat/frontend-vue/node_modules/markdown-it/lib/rules_core/normalize.mjs	351	17	generated:node_modules	generated_or_vendor_ignore_for_dead_code	
demo/video-chat/frontend-vue/node_modules/markdown-it/lib/rules_core/replacements.mjs	2633	101	generated:node_modules	generated_or_vendor_ignore_for_dead_code	
demo/video-chat/frontend-vue/node_modules/markdown-it/lib/rules_core/smartquotes.mjs	5724	193	generated:node_modules	generated_or_vendor_ignore_for_dead_code	
demo/video-chat/frontend-vue/node_modules/markdown-it/lib/rules_core/state_core.mjs	325	17	generated:node_modules	generated_or_vendor_ignore_for_dead_code	
demo/video-chat/frontend-vue/node_modules/markdown-it/lib/rules_core/text_join.mjs	1147	43	generated:node_modules	generated_or_vendor_ignore_for_dead_code	
demo/video-chat/frontend-vue/node_modules/markdown-it/lib/rules_inline/autolink.mjs	2012	72	generated:node_modules	generated_or_vendor_ignore_for_dead_code	
demo/video-chat/frontend-vue/node_modules/markdown-it/lib/rules_inline/backticks.mjs	1674	60	generated:node_modules	generated_or_vendor_ignore_for_dead_code	
demo/video-chat/frontend-vue/node_modules/markdown-it/lib/rules_inline/balance_pairs.mjs	4084	124	generated:node_modules	generated_or_vendor_ignore_for_dead_code	
demo/video-chat/frontend-vue/node_modules/markdown-it/lib/rules_inline/emphasis.mjs	3520	123	generated:node_modules	generated_or_vendor_ignore_for_dead_code	
demo/video-chat/frontend-vue/node_modules/markdown-it/lib/rules_inline/entity.mjs	1488	51	generated:node_modules	generated_or_vendor_ignore_for_dead_code	
demo/video-chat/frontend-vue/node_modules/markdown-it/lib/rules_inline/escape.mjs	1419	69	generated:node_modules	generated_or_vendor_ignore_for_dead_code	
demo/video-chat/frontend-vue/node_modules/markdown-it/lib/rules_inline/fragments_join.mjs	1267	38	generated:node_modules	generated_or_vendor_ignore_for_dead_code	
demo/video-chat/frontend-vue/node_modules/markdown-it/lib/rules_inline/html_inline.mjs	1163	50	generated:node_modules	generated_or_vendor_ignore_for_dead_code	
demo/video-chat/frontend-vue/node_modules/markdown-it/lib/rules_inline/image.mjs	3638	138	generated:node_modules	generated_or_vendor_ignore_for_dead_code	
demo/video-chat/frontend-vue/node_modules/markdown-it/lib/rules_inline/link.mjs	3724	139	generated:node_modules	generated_or_vendor_ignore_for_dead_code	fallback
demo/video-chat/frontend-vue/node_modules/markdown-it/lib/rules_inline/linkify.mjs	1904	63	generated:node_modules	generated_or_vendor_ignore_for_dead_code	
demo/video-chat/frontend-vue/node_modules/markdown-it/lib/rules_inline/newline.mjs	1199	42	generated:node_modules	generated_or_vendor_ignore_for_dead_code	
demo/video-chat/frontend-vue/node_modules/markdown-it/lib/rules_inline/state_inline.mjs	3493	123	generated:node_modules	generated_or_vendor_ignore_for_dead_code	
demo/video-chat/frontend-vue/node_modules/markdown-it/lib/rules_inline/strikethrough.mjs	2935	127	generated:node_modules	generated_or_vendor_ignore_for_dead_code	
demo/video-chat/frontend-vue/node_modules/markdown-it/lib/rules_inline/text.mjs	2101	86	generated:node_modules	generated_or_vendor_ignore_for_dead_code	
demo/video-chat/frontend-vue/node_modules/markdown-it/lib/token.mjs	3799	191	generated:node_modules	generated_or_vendor_ignore_for_dead_code	
demo/video-chat/frontend-vue/node_modules/markdown-it/node_modules/entities/LICENSE	1260	11	generated:node_modules	generated_or_vendor_ignore_for_dead_code	
demo/video-chat/frontend-vue/node_modules/markdown-it/node_modules/entities/lib/decode.d.ts	8102	211	generated:node_modules	generated_or_vendor_ignore_for_dead_code	
demo/video-chat/frontend-vue/node_modules/markdown-it/node_modules/entities/lib/decode.d.ts.map	2210	0	generated:node_modules	generated_or_vendor_ignore_for_dead_code	
demo/video-chat/frontend-vue/node_modules/markdown-it/node_modules/entities/lib/decode.js	22611	536	generated:node_modules	generated_or_vendor_ignore_for_dead_code	
demo/video-chat/frontend-vue/node_modules/markdown-it/node_modules/entities/lib/decode.js.map	11591	0	generated:node_modules	generated_or_vendor_ignore_for_dead_code	
demo/video-chat/frontend-vue/node_modules/markdown-it/node_modules/entities/lib/decode_codepoint.d.ts	765	19	generated:node_modules	generated_or_vendor_ignore_for_dead_code	
demo/video-chat/frontend-vue/node_modules/markdown-it/node_modules/entities/lib/decode_codepoint.d.ts.map	395	0	generated:node_modules	generated_or_vendor_ignore_for_dead_code	
demo/video-chat/frontend-vue/node_modules/markdown-it/node_modules/entities/lib/decode_codepoint.js	2312	76	generated:node_modules	generated_or_vendor_ignore_for_dead_code	
demo/video-chat/frontend-vue/node_modules/markdown-it/node_modules/entities/lib/decode_codepoint.js.map	1909	0	generated:node_modules	generated_or_vendor_ignore_for_dead_code	
demo/video-chat/frontend-vue/node_modules/markdown-it/node_modules/entities/lib/encode.d.ts	949	22	generated:node_modules	generated_or_vendor_ignore_for_dead_code	
demo/video-chat/frontend-vue/node_modules/markdown-it/node_modules/entities/lib/encode.d.ts.map	334	0	generated:node_modules	generated_or_vendor_ignore_for_dead_code	
demo/video-chat/frontend-vue/node_modules/markdown-it/node_modules/entities/lib/encode.js	2967	77	generated:node_modules	generated_or_vendor_ignore_for_dead_code	
demo/video-chat/frontend-vue/node_modules/markdown-it/node_modules/entities/lib/encode.js.map	1835	0	generated:node_modules	generated_or_vendor_ignore_for_dead_code	
demo/video-chat/frontend-vue/node_modules/markdown-it/node_modules/entities/lib/escape.d.ts	1543	43	generated:node_modules	generated_or_vendor_ignore_for_dead_code	
demo/video-chat/frontend-vue/node_modules/markdown-it/node_modules/entities/lib/escape.d.ts.map	587	0	generated:node_modules	generated_or_vendor_ignore_for_dead_code	
demo/video-chat/frontend-vue/node_modules/markdown-it/node_modules/entities/lib/escape.js	4311	122	generated:node_modules	generated_or_vendor_ignore_for_dead_code	
demo/video-chat/frontend-vue/node_modules/markdown-it/node_modules/entities/lib/escape.js.map	2874	0	generated:node_modules	generated_or_vendor_ignore_for_dead_code	
demo/video-chat/frontend-vue/node_modules/markdown-it/node_modules/entities/lib/esm/decode.d.ts	8102	211	generated:node_modules	generated_or_vendor_ignore_for_dead_code	
demo/video-chat/frontend-vue/node_modules/markdown-it/node_modules/entities/lib/esm/decode.d.ts.map	2210	0	generated:node_modules	generated_or_vendor_ignore_for_dead_code	
demo/video-chat/frontend-vue/node_modules/markdown-it/node_modules/entities/lib/esm/decode.js	19810	496	generated:node_modules	generated_or_vendor_ignore_for_dead_code	
demo/video-chat/frontend-vue/node_modules/markdown-it/node_modules/entities/lib/esm/decode.js.map	11475	0	generated:node_modules	generated_or_vendor_ignore_for_dead_code	
demo/video-chat/frontend-vue/node_modules/markdown-it/node_modules/entities/lib/esm/decode_codepoint.d.ts	765	19	generated:node_modules	generated_or_vendor_ignore_for_dead_code	
demo/video-chat/frontend-vue/node_modules/markdown-it/node_modules/entities/lib/esm/decode_codepoint.d.ts.map	395	0	generated:node_modules	generated_or_vendor_ignore_for_dead_code	
demo/video-chat/frontend-vue/node_modules/markdown-it/node_modules/entities/lib/esm/decode_codepoint.js	2112	71	generated:node_modules	generated_or_vendor_ignore_for_dead_code	
demo/video-chat/frontend-vue/node_modules/markdown-it/node_modules/entities/lib/esm/decode_codepoint.js.map	1906	0	generated:node_modules	generated_or_vendor_ignore_for_dead_code	
demo/video-chat/frontend-vue/node_modules/markdown-it/node_modules/entities/lib/esm/encode.d.ts	949	22	generated:node_modules	generated_or_vendor_ignore_for_dead_code	
demo/video-chat/frontend-vue/node_modules/markdown-it/node_modules/entities/lib/esm/encode.d.ts.map	334	0	generated:node_modules	generated_or_vendor_ignore_for_dead_code	
demo/video-chat/frontend-vue/node_modules/markdown-it/node_modules/entities/lib/esm/encode.js	2569	69	generated:node_modules	generated_or_vendor_ignore_for_dead_code	
demo/video-chat/frontend-vue/node_modules/markdown-it/node_modules/entities/lib/esm/encode.js.map	1865	0	generated:node_modules	generated_or_vendor_ignore_for_dead_code	
demo/video-chat/frontend-vue/node_modules/markdown-it/node_modules/entities/lib/esm/escape.d.ts	1543	43	generated:node_modules	generated_or_vendor_ignore_for_dead_code	
demo/video-chat/frontend-vue/node_modules/markdown-it/node_modules/entities/lib/esm/escape.d.ts.map	587	0	generated:node_modules	generated_or_vendor_ignore_for_dead_code	
demo/video-chat/frontend-vue/node_modules/markdown-it/node_modules/entities/lib/esm/escape.js	3965	116	generated:node_modules	generated_or_vendor_ignore_for_dead_code	
demo/video-chat/frontend-vue/node_modules/markdown-it/node_modules/entities/lib/esm/escape.js.map	2897	0	generated:node_modules	generated_or_vendor_ignore_for_dead_code	
demo/video-chat/frontend-vue/node_modules/markdown-it/node_modules/entities/lib/esm/generated/decode-data-html.d.ts	108	3	generated:node_modules	generated_or_vendor_ignore_for_dead_code	
demo/video-chat/frontend-vue/node_modules/markdown-it/node_modules/entities/lib/esm/generated/decode-data-html.d.ts.map	233	0	generated:node_modules	generated_or_vendor_ignore_for_dead_code	
demo/video-chat/frontend-vue/node_modules/markdown-it/node_modules/entities/lib/esm/generated/decode-data-html.js	47724	7	generated:node_modules	generated_or_vendor_ignore_for_dead_code	
demo/video-chat/frontend-vue/node_modules/markdown-it/node_modules/entities/lib/esm/generated/decode-data-html.js.map	396	0	generated:node_modules	generated_or_vendor_ignore_for_dead_code	
demo/video-chat/frontend-vue/node_modules/markdown-it/node_modules/entities/lib/esm/generated/decode-data-xml.d.ts	107	3	generated:node_modules	generated_or_vendor_ignore_for_dead_code	
demo/video-chat/frontend-vue/node_modules/markdown-it/node_modules/entities/lib/esm/generated/decode-data-xml.d.ts.map	231	0	generated:node_modules	generated_or_vendor_ignore_for_dead_code	
demo/video-chat/frontend-vue/node_modules/markdown-it/node_modules/entities/lib/esm/generated/decode-data-xml.js	279	7	generated:node_modules	generated_or_vendor_ignore_for_dead_code	
demo/video-chat/frontend-vue/node_modules/markdown-it/node_modules/entities/lib/esm/generated/decode-data-xml.js.map	388	0	generated:node_modules	generated_or_vendor_ignore_for_dead_code	
demo/video-chat/frontend-vue/node_modules/markdown-it/node_modules/entities/lib/esm/generated/encode-html.d.ts	232	8	generated:node_modules	generated_or_vendor_ignore_for_dead_code	
demo/video-chat/frontend-vue/node_modules/markdown-it/node_modules/entities/lib/esm/generated/encode-html.d.ts.map	387	0	generated:node_modules	generated_or_vendor_ignore_for_dead_code	
demo/video-chat/frontend-vue/node_modules/markdown-it/node_modules/entities/lib/esm/generated/encode-html.js	27039	10	generated:node_modules	generated_or_vendor_ignore_for_dead_code	keyframe_delta
demo/video-chat/frontend-vue/node_modules/markdown-it/node_modules/entities/lib/esm/generated/encode-html.js.map	48225	0	generated:node_modules	generated_or_vendor_ignore_for_dead_code	
demo/video-chat/frontend-vue/node_modules/markdown-it/node_modules/entities/lib/esm/index.d.ts	3332	96	generated:node_modules	generated_or_vendor_ignore_for_dead_code	
demo/video-chat/frontend-vue/node_modules/markdown-it/node_modules/entities/lib/esm/index.d.ts.map	1417	0	generated:node_modules	generated_or_vendor_ignore_for_dead_code	
demo/video-chat/frontend-vue/node_modules/markdown-it/node_modules/entities/lib/esm/index.js	4057	99	generated:node_modules	generated_or_vendor_ignore_for_dead_code	
demo/video-chat/frontend-vue/node_modules/markdown-it/node_modules/entities/lib/esm/index.js.map	2545	0	generated:node_modules	generated_or_vendor_ignore_for_dead_code	
demo/video-chat/frontend-vue/node_modules/markdown-it/node_modules/entities/lib/esm/package.json	18	1	generated:node_modules	generated_or_vendor_ignore_for_dead_code	
demo/video-chat/frontend-vue/node_modules/markdown-it/node_modules/entities/lib/generated/decode-data-html.d.ts	108	3	generated:node_modules	generated_or_vendor_ignore_for_dead_code	
demo/video-chat/frontend-vue/node_modules/markdown-it/node_modules/entities/lib/generated/decode-data-html.d.ts.map	233	0	generated:node_modules	generated_or_vendor_ignore_for_dead_code	
demo/video-chat/frontend-vue/node_modules/markdown-it/node_modules/entities/lib/generated/decode-data-html.js	47822	9	generated:node_modules	generated_or_vendor_ignore_for_dead_code	
demo/video-chat/frontend-vue/node_modules/markdown-it/node_modules/entities/lib/generated/decode-data-html.js.map	404	0	generated:node_modules	generated_or_vendor_ignore_for_dead_code	
demo/video-chat/frontend-vue/node_modules/markdown-it/node_modules/entities/lib/generated/decode-data-xml.d.ts	107	3	generated:node_modules	generated_or_vendor_ignore_for_dead_code	
demo/video-chat/frontend-vue/node_modules/markdown-it/node_modules/entities/lib/generated/decode-data-xml.d.ts.map	231	0	generated:node_modules	generated_or_vendor_ignore_for_dead_code	
demo/video-chat/frontend-vue/node_modules/markdown-it/node_modules/entities/lib/generated/decode-data-xml.js	377	9	generated:node_modules	generated_or_vendor_ignore_for_dead_code	
demo/video-chat/frontend-vue/node_modules/markdown-it/node_modules/entities/lib/generated/decode-data-xml.js.map	396	0	generated:node_modules	generated_or_vendor_ignore_for_dead_code	
demo/video-chat/frontend-vue/node_modules/markdown-it/node_modules/entities/lib/generated/encode-html.d.ts	232	8	generated:node_modules	generated_or_vendor_ignore_for_dead_code	
demo/video-chat/frontend-vue/node_modules/markdown-it/node_modules/entities/lib/generated/encode-html.d.ts.map	387	0	generated:node_modules	generated_or_vendor_ignore_for_dead_code	
demo/video-chat/frontend-vue/node_modules/markdown-it/node_modules/entities/lib/generated/encode-html.js	27119	12	generated:node_modules	generated_or_vendor_ignore_for_dead_code	keyframe_delta
demo/video-chat/frontend-vue/node_modules/markdown-it/node_modules/entities/lib/generated/encode-html.js.map	48228	0	generated:node_modules	generated_or_vendor_ignore_for_dead_code	
demo/video-chat/frontend-vue/node_modules/markdown-it/node_modules/entities/lib/index.d.ts	3332	96	generated:node_modules	generated_or_vendor_ignore_for_dead_code	
demo/video-chat/frontend-vue/node_modules/markdown-it/node_modules/entities/lib/index.d.ts.map	1417	0	generated:node_modules	generated_or_vendor_ignore_for_dead_code	
demo/video-chat/frontend-vue/node_modules/markdown-it/node_modules/entities/lib/index.js	7144	126	generated:node_modules	generated_or_vendor_ignore_for_dead_code	
demo/video-chat/frontend-vue/node_modules/markdown-it/node_modules/entities/lib/index.js.map	2641	0	generated:node_modules	generated_or_vendor_ignore_for_dead_code	
demo/video-chat/frontend-vue/node_modules/markdown-it/node_modules/entities/package.json	2883	90	generated:node_modules	generated_or_vendor_ignore_for_dead_code	
demo/video-chat/frontend-vue/node_modules/markdown-it/node_modules/entities/readme.md	5074	122	generated:node_modules	generated_or_vendor_ignore_for_dead_code	
demo/video-chat/frontend-vue/node_modules/markdown-it/package.json	2852	92	generated:node_modules	generated_or_vendor_ignore_for_dead_code	
demo/video-chat/frontend-vue/node_modules/mdurl/LICENSE	2303	45	generated:node_modules	generated_or_vendor_ignore_for_dead_code	
demo/video-chat/frontend-vue/node_modules/mdurl/README.md	3453	102	generated:node_modules	generated_or_vendor_ignore_for_dead_code	
demo/video-chat/frontend-vue/node_modules/mdurl/build/index.cjs.js	15457	534	generated:node_modules	generated_or_vendor_ignore_for_dead_code	
demo/video-chat/frontend-vue/node_modules/mdurl/index.mjs	200	11	generated:node_modules	generated_or_vendor_ignore_for_dead_code	
demo/video-chat/frontend-vue/node_modules/mdurl/lib/decode.mjs	2843	112	generated:node_modules	generated_or_vendor_ignore_for_dead_code	
demo/video-chat/frontend-vue/node_modules/mdurl/lib/encode.mjs	2211	89	generated:node_modules	generated_or_vendor_ignore_for_dead_code	
demo/video-chat/frontend-vue/node_modules/mdurl/lib/format.mjs	485	21	generated:node_modules	generated_or_vendor_ignore_for_dead_code	
demo/video-chat/frontend-vue/node_modules/mdurl/lib/parse.mjs	9733	308	generated:node_modules	generated_or_vendor_ignore_for_dead_code	
demo/video-chat/frontend-vue/node_modules/mdurl/package.json	839	37	generated:node_modules	generated_or_vendor_ignore_for_dead_code	
demo/video-chat/frontend-vue/node_modules/mitt/LICENSE	1069	21	generated:node_modules	generated_or_vendor_ignore_for_dead_code	
demo/video-chat/frontend-vue/node_modules/mitt/README.md	6274	205	generated:node_modules	generated_or_vendor_ignore_for_dead_code	
demo/video-chat/frontend-vue/node_modules/mitt/dist/mitt.js	349	2	generated:node_modules	generated_or_vendor_ignore_for_dead_code	
demo/video-chat/frontend-vue/node_modules/mitt/dist/mitt.js.map	4730	0	generated:node_modules	generated_or_vendor_ignore_for_dead_code	
demo/video-chat/frontend-vue/node_modules/mitt/dist/mitt.mjs	349	2	generated:node_modules	generated_or_vendor_ignore_for_dead_code	
demo/video-chat/frontend-vue/node_modules/mitt/dist/mitt.mjs.map	4731	0	generated:node_modules	generated_or_vendor_ignore_for_dead_code	
demo/video-chat/frontend-vue/node_modules/mitt/dist/mitt.umd.js	520	2	generated:node_modules	generated_or_vendor_ignore_for_dead_code	
demo/video-chat/frontend-vue/node_modules/mitt/dist/mitt.umd.js.map	4734	0	generated:node_modules	generated_or_vendor_ignore_for_dead_code	
demo/video-chat/frontend-vue/node_modules/mitt/index.d.ts	1375	21	generated:node_modules	generated_or_vendor_ignore_for_dead_code	
demo/video-chat/frontend-vue/node_modules/mitt/package.json	2313	85	generated:node_modules	generated_or_vendor_ignore_for_dead_code	
demo/video-chat/frontend-vue/node_modules/nanoid/LICENSE	1095	20	generated:node_modules	generated_or_vendor_ignore_for_dead_code	
demo/video-chat/frontend-vue/node_modules/nanoid/README.md	1552	39	generated:node_modules	generated_or_vendor_ignore_for_dead_code	
demo/video-chat/frontend-vue/node_modules/nanoid/async/index.browser.cjs	2692	69	generated:node_modules	generated_or_vendor_ignore_for_dead_code	fallback
demo/video-chat/frontend-vue/node_modules/nanoid/async/index.browser.js	984	34	generated:node_modules	generated_or_vendor_ignore_for_dead_code	
demo/video-chat/frontend-vue/node_modules/nanoid/async/index.cjs	2870	71	generated:node_modules	generated_or_vendor_ignore_for_dead_code	fallback
demo/video-chat/frontend-vue/node_modules/nanoid/async/index.d.ts	1505	56	generated:node_modules	generated_or_vendor_ignore_for_dead_code	
demo/video-chat/frontend-vue/node_modules/nanoid/async/index.js	982	35	generated:node_modules	generated_or_vendor_ignore_for_dead_code	
demo/video-chat/frontend-vue/node_modules/nanoid/async/index.native.js	820	26	generated:node_modules	generated_or_vendor_ignore_for_dead_code	
demo/video-chat/frontend-vue/node_modules/nanoid/async/package.json	233	12	generated:node_modules	generated_or_vendor_ignore_for_dead_code	
demo/video-chat/frontend-vue/node_modules/nanoid/bin/nanoid.cjs	1129	55	generated:node_modules	generated_or_vendor_ignore_for_dead_code	
demo/video-chat/frontend-vue/node_modules/nanoid/index.browser.cjs	2834	72	generated:node_modules	generated_or_vendor_ignore_for_dead_code	fallback
demo/video-chat/frontend-vue/node_modules/nanoid/index.browser.js	1064	34	generated:node_modules	generated_or_vendor_ignore_for_dead_code	
demo/video-chat/frontend-vue/node_modules/nanoid/index.cjs	3359	85	generated:node_modules	generated_or_vendor_ignore_for_dead_code	fallback
demo/video-chat/frontend-vue/node_modules/nanoid/index.d.cts	2252	91	generated:node_modules	generated_or_vendor_ignore_for_dead_code	
demo/video-chat/frontend-vue/node_modules/nanoid/index.d.ts	2252	91	generated:node_modules	generated_or_vendor_ignore_for_dead_code	
demo/video-chat/frontend-vue/node_modules/nanoid/index.js	1326	45	generated:node_modules	generated_or_vendor_ignore_for_dead_code	
demo/video-chat/frontend-vue/node_modules/nanoid/nanoid.js	169	1	generated:node_modules	generated_or_vendor_ignore_for_dead_code	
demo/video-chat/frontend-vue/node_modules/nanoid/non-secure/index.cjs	1114	34	generated:node_modules	generated_or_vendor_ignore_for_dead_code	
demo/video-chat/frontend-vue/node_modules/nanoid/non-secure/index.d.ts	983	33	generated:node_modules	generated_or_vendor_ignore_for_dead_code	
demo/video-chat/frontend-vue/node_modules/nanoid/non-secure/index.js	497	21	generated:node_modules	generated_or_vendor_ignore_for_dead_code	
demo/video-chat/frontend-vue/node_modules/nanoid/non-secure/package.json	99	6	generated:node_modules	generated_or_vendor_ignore_for_dead_code	
demo/video-chat/frontend-vue/node_modules/nanoid/package.json	2283	89	generated:node_modules	generated_or_vendor_ignore_for_dead_code	
demo/video-chat/frontend-vue/node_modules/nanoid/url-alphabet/index.cjs	280	7	generated:node_modules	generated_or_vendor_ignore_for_dead_code	
demo/video-chat/frontend-vue/node_modules/nanoid/url-alphabet/index.js	110	3	generated:node_modules	generated_or_vendor_ignore_for_dead_code	
demo/video-chat/frontend-vue/node_modules/nanoid/url-alphabet/package.json	99	6	generated:node_modules	generated_or_vendor_ignore_for_dead_code	
demo/video-chat/frontend-vue/node_modules/onnxruntime-common/README.md	497	13	generated:node_modules	generated_or_vendor_ignore_for_dead_code	
demo/video-chat/frontend-vue/node_modules/onnxruntime-common/__commit.txt	40	1	generated:node_modules	generated_or_vendor_ignore_for_dead_code	
demo/video-chat/frontend-vue/node_modules/onnxruntime-common/dist/cjs/backend-impl.d.ts	1075	24	generated:node_modules	generated_or_vendor_ignore_for_dead_code	fallback
demo/video-chat/frontend-vue/node_modules/onnxruntime-common/dist/cjs/backend-impl.d.ts.map	362	0	generated:node_modules	generated_or_vendor_ignore_for_dead_code	
demo/video-chat/frontend-vue/node_modules/onnxruntime-common/dist/cjs/backend-impl.js	5608	147	generated:node_modules	generated_or_vendor_ignore_for_dead_code	fallback
demo/video-chat/frontend-vue/node_modules/onnxruntime-common/dist/cjs/backend-impl.js.map	3909	0	generated:node_modules	generated_or_vendor_ignore_for_dead_code	
demo/video-chat/frontend-vue/node_modules/onnxruntime-common/dist/cjs/backend.d.ts	1584	52	generated:node_modules	generated_or_vendor_ignore_for_dead_code	
demo/video-chat/frontend-vue/node_modules/onnxruntime-common/dist/cjs/backend.d.ts.map	1273	0	generated:node_modules	generated_or_vendor_ignore_for_dead_code	
demo/video-chat/frontend-vue/node_modules/onnxruntime-common/dist/cjs/backend.js	433	8	generated:node_modules	generated_or_vendor_ignore_for_dead_code	
demo/video-chat/frontend-vue/node_modules/onnxruntime-common/dist/cjs/backend.js.map	172	0	generated:node_modules	generated_or_vendor_ignore_for_dead_code	
demo/video-chat/frontend-vue/node_modules/onnxruntime-common/dist/cjs/env-impl.d.ts	101	3	generated:node_modules	generated_or_vendor_ignore_for_dead_code	
demo/video-chat/frontend-vue/node_modules/onnxruntime-common/dist/cjs/env-impl.d.ts.map	190	0	generated:node_modules	generated_or_vendor_ignore_for_dead_code	
demo/video-chat/frontend-vue/node_modules/onnxruntime-common/dist/cjs/env-impl.js	969	28	generated:node_modules	generated_or_vendor_ignore_for_dead_code	
demo/video-chat/frontend-vue/node_modules/onnxruntime-common/dist/cjs/env-impl.js.map	765	0	generated:node_modules	generated_or_vendor_ignore_for_dead_code	
demo/video-chat/frontend-vue/node_modules/onnxruntime-common/dist/cjs/env.d.ts	10794	277	generated:node_modules	generated_or_vendor_ignore_for_dead_code	fallback
demo/video-chat/frontend-vue/node_modules/onnxruntime-common/dist/cjs/env.d.ts.map	2772	0	generated:node_modules	generated_or_vendor_ignore_for_dead_code	
demo/video-chat/frontend-vue/node_modules/onnxruntime-common/dist/cjs/env.js	366	11	generated:node_modules	generated_or_vendor_ignore_for_dead_code	
demo/video-chat/frontend-vue/node_modules/onnxruntime-common/dist/cjs/env.js.map	185	0	generated:node_modules	generated_or_vendor_ignore_for_dead_code	
demo/video-chat/frontend-vue/node_modules/onnxruntime-common/dist/cjs/index.d.ts	942	25	generated:node_modules	generated_or_vendor_ignore_for_dead_code	
demo/video-chat/frontend-vue/node_modules/onnxruntime-common/dist/cjs/index.d.ts.map	327	0	generated:node_modules	generated_or_vendor_ignore_for_dead_code	
demo/video-chat/frontend-vue/node_modules/onnxruntime-common/dist/cjs/index.js	1955	43	generated:node_modules	generated_or_vendor_ignore_for_dead_code	
demo/video-chat/frontend-vue/node_modules/onnxruntime-common/dist/cjs/index.js.map	285	0	generated:node_modules	generated_or_vendor_ignore_for_dead_code	
demo/video-chat/frontend-vue/node_modules/onnxruntime-common/dist/cjs/inference-session-impl.d.ts	1499	25	generated:node_modules	generated_or_vendor_ignore_for_dead_code	
demo/video-chat/frontend-vue/node_modules/onnxruntime-common/dist/cjs/inference-session-impl.d.ts.map	1356	0	generated:node_modules	generated_or_vendor_ignore_for_dead_code	
demo/video-chat/frontend-vue/node_modules/onnxruntime-common/dist/cjs/inference-session-impl.js	8996	212	generated:node_modules	generated_or_vendor_ignore_for_dead_code	
demo/video-chat/frontend-vue/node_modules/onnxruntime-common/dist/cjs/inference-session-impl.js.map	6134	0	generated:node_modules	generated_or_vendor_ignore_for_dead_code	
demo/video-chat/frontend-vue/node_modules/onnxruntime-common/dist/cjs/inference-session.d.ts	20927	526	generated:node_modules	generated_or_vendor_ignore_for_dead_code	security
demo/video-chat/frontend-vue/node_modules/onnxruntime-common/dist/cjs/inference-session.d.ts.map	6777	0	generated:node_modules	generated_or_vendor_ignore_for_dead_code	
demo/video-chat/frontend-vue/node_modules/onnxruntime-common/dist/cjs/inference-session.js	467	9	generated:node_modules	generated_or_vendor_ignore_for_dead_code	
demo/video-chat/frontend-vue/node_modules/onnxruntime-common/dist/cjs/inference-session.js.map	220	0	generated:node_modules	generated_or_vendor_ignore_for_dead_code	
demo/video-chat/frontend-vue/node_modules/onnxruntime-common/dist/cjs/onnx-model.d.ts	1375	49	generated:node_modules	generated_or_vendor_ignore_for_dead_code	
demo/video-chat/frontend-vue/node_modules/onnxruntime-common/dist/cjs/onnx-model.d.ts.map	605	0	generated:node_modules	generated_or_vendor_ignore_for_dead_code	
demo/video-chat/frontend-vue/node_modules/onnxruntime-common/dist/cjs/onnx-model.js	211	5	generated:node_modules	generated_or_vendor_ignore_for_dead_code	
demo/video-chat/frontend-vue/node_modules/onnxruntime-common/dist/cjs/onnx-model.js.map	140	0	generated:node_modules	generated_or_vendor_ignore_for_dead_code	
demo/video-chat/frontend-vue/node_modules/onnxruntime-common/dist/cjs/onnx-value.d.ts	454	13	generated:node_modules	generated_or_vendor_ignore_for_dead_code	
demo/video-chat/frontend-vue/node_modules/onnxruntime-common/dist/cjs/onnx-value.d.ts.map	310	0	generated:node_modules	generated_or_vendor_ignore_for_dead_code	
demo/video-chat/frontend-vue/node_modules/onnxruntime-common/dist/cjs/onnx-value.js	211	5	generated:node_modules	generated_or_vendor_ignore_for_dead_code	
demo/video-chat/frontend-vue/node_modules/onnxruntime-common/dist/cjs/onnx-value.js.map	140	0	generated:node_modules	generated_or_vendor_ignore_for_dead_code	
demo/video-chat/frontend-vue/node_modules/onnxruntime-common/dist/cjs/package.json	20	1	generated:node_modules	generated_or_vendor_ignore_for_dead_code	
demo/video-chat/frontend-vue/node_modules/onnxruntime-common/dist/cjs/tensor-conversion-impl.d.ts	486	11	generated:node_modules	generated_or_vendor_ignore_for_dead_code	
demo/video-chat/frontend-vue/node_modules/onnxruntime-common/dist/cjs/tensor-conversion-impl.d.ts.map	380	0	generated:node_modules	generated_or_vendor_ignore_for_dead_code	
demo/video-chat/frontend-vue/node_modules/onnxruntime-common/dist/cjs/tensor-conversion-impl.js	8067	200	generated:node_modules	generated_or_vendor_ignore_for_dead_code	
demo/video-chat/frontend-vue/node_modules/onnxruntime-common/dist/cjs/tensor-conversion-impl.js.map	8221	0	generated:node_modules	generated_or_vendor_ignore_for_dead_code	
demo/video-chat/frontend-vue/node_modules/onnxruntime-common/dist/cjs/tensor-conversion.d.ts	1338	30	generated:node_modules	generated_or_vendor_ignore_for_dead_code	
demo/video-chat/frontend-vue/node_modules/onnxruntime-common/dist/cjs/tensor-conversion.d.ts.map	489	0	generated:node_modules	generated_or_vendor_ignore_for_dead_code	
demo/video-chat/frontend-vue/node_modules/onnxruntime-common/dist/cjs/tensor-conversion.js	218	5	generated:node_modules	generated_or_vendor_ignore_for_dead_code	
demo/video-chat/frontend-vue/node_modules/onnxruntime-common/dist/cjs/tensor-conversion.js.map	154	0	generated:node_modules	generated_or_vendor_ignore_for_dead_code	
demo/video-chat/frontend-vue/node_modules/onnxruntime-common/dist/cjs/tensor-factory-impl.d.ts	2263	35	generated:node_modules	generated_or_vendor_ignore_for_dead_code	
demo/video-chat/frontend-vue/node_modules/onnxruntime-common/dist/cjs/tensor-factory-impl.d.ts.map	1016	0	generated:node_modules	generated_or_vendor_ignore_for_dead_code	
demo/video-chat/frontend-vue/node_modules/onnxruntime-common/dist/cjs/tensor-factory-impl.js	11656	274	generated:node_modules	generated_or_vendor_ignore_for_dead_code	
demo/video-chat/frontend-vue/node_modules/onnxruntime-common/dist/cjs/tensor-factory-impl.js.map	9864	0	generated:node_modules	generated_or_vendor_ignore_for_dead_code	
demo/video-chat/frontend-vue/node_modules/onnxruntime-common/dist/cjs/tensor-factory.d.ts	13293	298	generated:node_modules	generated_or_vendor_ignore_for_dead_code	
demo/video-chat/frontend-vue/node_modules/onnxruntime-common/dist/cjs/tensor-factory.d.ts.map	4699	0	generated:node_modules	generated_or_vendor_ignore_for_dead_code	
demo/video-chat/frontend-vue/node_modules/onnxruntime-common/dist/cjs/tensor-factory.js	215	5	generated:node_modules	generated_or_vendor_ignore_for_dead_code	
demo/video-chat/frontend-vue/node_modules/onnxruntime-common/dist/cjs/tensor-factory.js.map	148	0	generated:node_modules	generated_or_vendor_ignore_for_dead_code	
demo/video-chat/frontend-vue/node_modules/onnxruntime-common/dist/cjs/tensor-impl-type-mapping.d.ts	774	7	generated:node_modules	generated_or_vendor_ignore_for_dead_code	
demo/video-chat/frontend-vue/node_modules/onnxruntime-common/dist/cjs/tensor-impl-type-mapping.d.ts.map	511	0	generated:node_modules	generated_or_vendor_ignore_for_dead_code	
demo/video-chat/frontend-vue/node_modules/onnxruntime-common/dist/cjs/tensor-impl-type-mapping.js	2995	62	generated:node_modules	generated_or_vendor_ignore_for_dead_code	
demo/video-chat/frontend-vue/node_modules/onnxruntime-common/dist/cjs/tensor-impl-type-mapping.js.map	1835	0	generated:node_modules	generated_or_vendor_ignore_for_dead_code	
demo/video-chat/frontend-vue/node_modules/onnxruntime-common/dist/cjs/tensor-impl.d.ts	5078	109	generated:node_modules	generated_or_vendor_ignore_for_dead_code	
demo/video-chat/frontend-vue/node_modules/onnxruntime-common/dist/cjs/tensor-impl.d.ts.map	2688	0	generated:node_modules	generated_or_vendor_ignore_for_dead_code	
demo/video-chat/frontend-vue/node_modules/onnxruntime-common/dist/cjs/tensor-impl.js	16458	370	generated:node_modules	generated_or_vendor_ignore_for_dead_code	
demo/video-chat/frontend-vue/node_modules/onnxruntime-common/dist/cjs/tensor-impl.js.map	9294	0	generated:node_modules	generated_or_vendor_ignore_for_dead_code	
demo/video-chat/frontend-vue/node_modules/onnxruntime-common/dist/cjs/tensor-utils-impl.d.ts	395	12	generated:node_modules	generated_or_vendor_ignore_for_dead_code	
demo/video-chat/frontend-vue/node_modules/onnxruntime-common/dist/cjs/tensor-utils-impl.d.ts.map	320	0	generated:node_modules	generated_or_vendor_ignore_for_dead_code	
demo/video-chat/frontend-vue/node_modules/onnxruntime-common/dist/cjs/tensor-utils-impl.js	2213	67	generated:node_modules	generated_or_vendor_ignore_for_dead_code	
demo/video-chat/frontend-vue/node_modules/onnxruntime-common/dist/cjs/tensor-utils-impl.js.map	1637	0	generated:node_modules	generated_or_vendor_ignore_for_dead_code	
demo/video-chat/frontend-vue/node_modules/onnxruntime-common/dist/cjs/tensor-utils.d.ts	969	28	generated:node_modules	generated_or_vendor_ignore_for_dead_code	
demo/video-chat/frontend-vue/node_modules/onnxruntime-common/dist/cjs/tensor-utils.d.ts.map	587	0	generated:node_modules	generated_or_vendor_ignore_for_dead_code	
demo/video-chat/frontend-vue/node_modules/onnxruntime-common/dist/cjs/tensor-utils.js	213	5	generated:node_modules	generated_or_vendor_ignore_for_dead_code	
demo/video-chat/frontend-vue/node_modules/onnxruntime-common/dist/cjs/tensor-utils.js.map	144	0	generated:node_modules	generated_or_vendor_ignore_for_dead_code	
demo/video-chat/frontend-vue/node_modules/onnxruntime-common/dist/cjs/tensor.d.ts	12331	309	generated:node_modules	generated_or_vendor_ignore_for_dead_code	fallback
demo/video-chat/frontend-vue/node_modules/onnxruntime-common/dist/cjs/tensor.d.ts.map	5640	0	generated:node_modules	generated_or_vendor_ignore_for_dead_code	
demo/video-chat/frontend-vue/node_modules/onnxruntime-common/dist/cjs/tensor.js	393	9	generated:node_modules	generated_or_vendor_ignore_for_dead_code	
demo/video-chat/frontend-vue/node_modules/onnxruntime-common/dist/cjs/tensor.js.map	194	0	generated:node_modules	generated_or_vendor_ignore_for_dead_code	
demo/video-chat/frontend-vue/node_modules/onnxruntime-common/dist/cjs/trace.d.ts	473	21	generated:node_modules	generated_or_vendor_ignore_for_dead_code	
demo/video-chat/frontend-vue/node_modules/onnxruntime-common/dist/cjs/trace.d.ts.map	382	0	generated:node_modules	generated_or_vendor_ignore_for_dead_code	
demo/video-chat/frontend-vue/node_modules/onnxruntime-common/dist/cjs/trace.js	2496	77	generated:node_modules	generated_or_vendor_ignore_for_dead_code	
demo/video-chat/frontend-vue/node_modules/onnxruntime-common/dist/cjs/trace.js.map	2299	0	generated:node_modules	generated_or_vendor_ignore_for_dead_code	
demo/video-chat/frontend-vue/node_modules/onnxruntime-common/dist/cjs/type-helper.d.ts	1421	29	generated:node_modules	generated_or_vendor_ignore_for_dead_code	fallback
demo/video-chat/frontend-vue/node_modules/onnxruntime-common/dist/cjs/type-helper.d.ts.map	324	0	generated:node_modules	generated_or_vendor_ignore_for_dead_code	
demo/video-chat/frontend-vue/node_modules/onnxruntime-common/dist/cjs/type-helper.js	212	5	generated:node_modules	generated_or_vendor_ignore_for_dead_code	
demo/video-chat/frontend-vue/node_modules/onnxruntime-common/dist/cjs/type-helper.js.map	142	0	generated:node_modules	generated_or_vendor_ignore_for_dead_code	
demo/video-chat/frontend-vue/node_modules/onnxruntime-common/dist/cjs/version.d.ts	102	2	generated:node_modules	generated_or_vendor_ignore_for_dead_code	
demo/video-chat/frontend-vue/node_modules/onnxruntime-common/dist/cjs/version.d.ts.map	142	0	generated:node_modules	generated_or_vendor_ignore_for_dead_code	
demo/video-chat/frontend-vue/node_modules/onnxruntime-common/dist/cjs/version.js	385	9	generated:node_modules	generated_or_vendor_ignore_for_dead_code	
demo/video-chat/frontend-vue/node_modules/onnxruntime-common/dist/cjs/version.js.map	195	0	generated:node_modules	generated_or_vendor_ignore_for_dead_code	
demo/video-chat/frontend-vue/node_modules/onnxruntime-common/dist/esm/backend-impl.d.ts	1075	24	generated:node_modules	generated_or_vendor_ignore_for_dead_code	fallback
demo/video-chat/frontend-vue/node_modules/onnxruntime-common/dist/esm/backend-impl.d.ts.map	362	0	generated:node_modules	generated_or_vendor_ignore_for_dead_code	
demo/video-chat/frontend-vue/node_modules/onnxruntime-common/dist/esm/backend-impl.js	5339	142	generated:node_modules	generated_or_vendor_ignore_for_dead_code	fallback
demo/video-chat/frontend-vue/node_modules/onnxruntime-common/dist/esm/backend-impl.js.map	3876	0	generated:node_modules	generated_or_vendor_ignore_for_dead_code	
demo/video-chat/frontend-vue/node_modules/onnxruntime-common/dist/esm/backend.d.ts	1584	52	generated:node_modules	generated_or_vendor_ignore_for_dead_code	
demo/video-chat/frontend-vue/node_modules/onnxruntime-common/dist/esm/backend.d.ts.map	1273	0	generated:node_modules	generated_or_vendor_ignore_for_dead_code	
demo/video-chat/frontend-vue/node_modules/onnxruntime-common/dist/esm/backend.js	184	4	generated:node_modules	generated_or_vendor_ignore_for_dead_code	
demo/video-chat/frontend-vue/node_modules/onnxruntime-common/dist/esm/backend.js.map	177	0	generated:node_modules	generated_or_vendor_ignore_for_dead_code	
demo/video-chat/frontend-vue/node_modules/onnxruntime-common/dist/esm/env-impl.d.ts	101	3	generated:node_modules	generated_or_vendor_ignore_for_dead_code	
demo/video-chat/frontend-vue/node_modules/onnxruntime-common/dist/esm/env-impl.d.ts.map	190	0	generated:node_modules	generated_or_vendor_ignore_for_dead_code	
demo/video-chat/frontend-vue/node_modules/onnxruntime-common/dist/esm/env-impl.js	848	25	generated:node_modules	generated_or_vendor_ignore_for_dead_code	
demo/video-chat/frontend-vue/node_modules/onnxruntime-common/dist/esm/env-impl.js.map	799	0	generated:node_modules	generated_or_vendor_ignore_for_dead_code	
demo/video-chat/frontend-vue/node_modules/onnxruntime-common/dist/esm/env.d.ts	10794	277	generated:node_modules	generated_or_vendor_ignore_for_dead_code	fallback
demo/video-chat/frontend-vue/node_modules/onnxruntime-common/dist/esm/env.d.ts.map	2772	0	generated:node_modules	generated_or_vendor_ignore_for_dead_code	
demo/video-chat/frontend-vue/node_modules/onnxruntime-common/dist/esm/env.js	262	8	generated:node_modules	generated_or_vendor_ignore_for_dead_code	
demo/video-chat/frontend-vue/node_modules/onnxruntime-common/dist/esm/env.js.map	229	0	generated:node_modules	generated_or_vendor_ignore_for_dead_code	
demo/video-chat/frontend-vue/node_modules/onnxruntime-common/dist/esm/index.d.ts	942	25	generated:node_modules	generated_or_vendor_ignore_for_dead_code	
demo/video-chat/frontend-vue/node_modules/onnxruntime-common/dist/esm/index.d.ts.map	327	0	generated:node_modules	generated_or_vendor_ignore_for_dead_code	
demo/video-chat/frontend-vue/node_modules/onnxruntime-common/dist/esm/index.js	1036	27	generated:node_modules	generated_or_vendor_ignore_for_dead_code	
demo/video-chat/frontend-vue/node_modules/onnxruntime-common/dist/esm/index.js.map	351	0	generated:node_modules	generated_or_vendor_ignore_for_dead_code	
demo/video-chat/frontend-vue/node_modules/onnxruntime-common/dist/esm/inference-session-impl.d.ts	1499	25	generated:node_modules	generated_or_vendor_ignore_for_dead_code	
demo/video-chat/frontend-vue/node_modules/onnxruntime-common/dist/esm/inference-session-impl.d.ts.map	1356	0	generated:node_modules	generated_or_vendor_ignore_for_dead_code	
demo/video-chat/frontend-vue/node_modules/onnxruntime-common/dist/esm/inference-session-impl.js	8703	208	generated:node_modules	generated_or_vendor_ignore_for_dead_code	
demo/video-chat/frontend-vue/node_modules/onnxruntime-common/dist/esm/inference-session-impl.js.map	6191	0	generated:node_modules	generated_or_vendor_ignore_for_dead_code	
demo/video-chat/frontend-vue/node_modules/onnxruntime-common/dist/esm/inference-session.d.ts	20927	526	generated:node_modules	generated_or_vendor_ignore_for_dead_code	security
demo/video-chat/frontend-vue/node_modules/onnxruntime-common/dist/esm/inference-session.d.ts.map	6777	0	generated:node_modules	generated_or_vendor_ignore_for_dead_code	
demo/video-chat/frontend-vue/node_modules/onnxruntime-common/dist/esm/inference-session.js	348	6	generated:node_modules	generated_or_vendor_ignore_for_dead_code	
demo/video-chat/frontend-vue/node_modules/onnxruntime-common/dist/esm/inference-session.js.map	271	0	generated:node_modules	generated_or_vendor_ignore_for_dead_code	
demo/video-chat/frontend-vue/node_modules/onnxruntime-common/dist/esm/onnx-model.d.ts	1375	49	generated:node_modules	generated_or_vendor_ignore_for_dead_code	
demo/video-chat/frontend-vue/node_modules/onnxruntime-common/dist/esm/onnx-model.d.ts.map	605	0	generated:node_modules	generated_or_vendor_ignore_for_dead_code	
demo/video-chat/frontend-vue/node_modules/onnxruntime-common/dist/esm/onnx-model.js	145	4	generated:node_modules	generated_or_vendor_ignore_for_dead_code	
demo/video-chat/frontend-vue/node_modules/onnxruntime-common/dist/esm/onnx-model.js.map	139	0	generated:node_modules	generated_or_vendor_ignore_for_dead_code	
demo/video-chat/frontend-vue/node_modules/onnxruntime-common/dist/esm/onnx-value.d.ts	454	13	generated:node_modules	generated_or_vendor_ignore_for_dead_code	
demo/video-chat/frontend-vue/node_modules/onnxruntime-common/dist/esm/onnx-value.d.ts.map	310	0	generated:node_modules	generated_or_vendor_ignore_for_dead_code	
demo/video-chat/frontend-vue/node_modules/onnxruntime-common/dist/esm/onnx-value.js	145	4	generated:node_modules	generated_or_vendor_ignore_for_dead_code	
demo/video-chat/frontend-vue/node_modules/onnxruntime-common/dist/esm/onnx-value.js.map	139	0	generated:node_modules	generated_or_vendor_ignore_for_dead_code	
demo/video-chat/frontend-vue/node_modules/onnxruntime-common/dist/esm/package.json	18	1	generated:node_modules	generated_or_vendor_ignore_for_dead_code	
demo/video-chat/frontend-vue/node_modules/onnxruntime-common/dist/esm/tensor-conversion-impl.d.ts	486	11	generated:node_modules	generated_or_vendor_ignore_for_dead_code	
demo/video-chat/frontend-vue/node_modules/onnxruntime-common/dist/esm/tensor-conversion-impl.d.ts.map	380	0	generated:node_modules	generated_or_vendor_ignore_for_dead_code	
demo/video-chat/frontend-vue/node_modules/onnxruntime-common/dist/esm/tensor-conversion-impl.js	7852	195	generated:node_modules	generated_or_vendor_ignore_for_dead_code	
demo/video-chat/frontend-vue/node_modules/onnxruntime-common/dist/esm/tensor-conversion-impl.js.map	8188	0	generated:node_modules	generated_or_vendor_ignore_for_dead_code	
demo/video-chat/frontend-vue/node_modules/onnxruntime-common/dist/esm/tensor-conversion.d.ts	1338	30	generated:node_modules	generated_or_vendor_ignore_for_dead_code	
demo/video-chat/frontend-vue/node_modules/onnxruntime-common/dist/esm/tensor-conversion.d.ts.map	489	0	generated:node_modules	generated_or_vendor_ignore_for_dead_code	
demo/video-chat/frontend-vue/node_modules/onnxruntime-common/dist/esm/tensor-conversion.js	152	4	generated:node_modules	generated_or_vendor_ignore_for_dead_code	
demo/video-chat/frontend-vue/node_modules/onnxruntime-common/dist/esm/tensor-conversion.js.map	153	0	generated:node_modules	generated_or_vendor_ignore_for_dead_code	
demo/video-chat/frontend-vue/node_modules/onnxruntime-common/dist/esm/tensor-factory-impl.d.ts	2263	35	generated:node_modules	generated_or_vendor_ignore_for_dead_code	
demo/video-chat/frontend-vue/node_modules/onnxruntime-common/dist/esm/tensor-factory-impl.d.ts.map	1016	0	generated:node_modules	generated_or_vendor_ignore_for_dead_code	
demo/video-chat/frontend-vue/node_modules/onnxruntime-common/dist/esm/tensor-factory-impl.js	11002	265	generated:node_modules	generated_or_vendor_ignore_for_dead_code	
demo/video-chat/frontend-vue/node_modules/onnxruntime-common/dist/esm/tensor-factory-impl.js.map	9782	0	generated:node_modules	generated_or_vendor_ignore_for_dead_code	
demo/video-chat/frontend-vue/node_modules/onnxruntime-common/dist/esm/tensor-factory.d.ts	13293	298	generated:node_modules	generated_or_vendor_ignore_for_dead_code	
demo/video-chat/frontend-vue/node_modules/onnxruntime-common/dist/esm/tensor-factory.d.ts.map	4699	0	generated:node_modules	generated_or_vendor_ignore_for_dead_code	
demo/video-chat/frontend-vue/node_modules/onnxruntime-common/dist/esm/tensor-factory.js	149	4	generated:node_modules	generated_or_vendor_ignore_for_dead_code	
demo/video-chat/frontend-vue/node_modules/onnxruntime-common/dist/esm/tensor-factory.js.map	147	0	generated:node_modules	generated_or_vendor_ignore_for_dead_code	
demo/video-chat/frontend-vue/node_modules/onnxruntime-common/dist/esm/tensor-impl-type-mapping.d.ts	774	7	generated:node_modules	generated_or_vendor_ignore_for_dead_code	
demo/video-chat/frontend-vue/node_modules/onnxruntime-common/dist/esm/tensor-impl-type-mapping.d.ts.map	511	0	generated:node_modules	generated_or_vendor_ignore_for_dead_code	
demo/video-chat/frontend-vue/node_modules/onnxruntime-common/dist/esm/tensor-impl-type-mapping.js	2706	58	generated:node_modules	generated_or_vendor_ignore_for_dead_code	
demo/video-chat/frontend-vue/node_modules/onnxruntime-common/dist/esm/tensor-impl-type-mapping.js.map	1838	0	generated:node_modules	generated_or_vendor_ignore_for_dead_code	
demo/video-chat/frontend-vue/node_modules/onnxruntime-common/dist/esm/tensor-impl.d.ts	5078	109	generated:node_modules	generated_or_vendor_ignore_for_dead_code	
demo/video-chat/frontend-vue/node_modules/onnxruntime-common/dist/esm/tensor-impl.d.ts.map	2688	0	generated:node_modules	generated_or_vendor_ignore_for_dead_code	
demo/video-chat/frontend-vue/node_modules/onnxruntime-common/dist/esm/tensor-impl.js	16091	366	generated:node_modules	generated_or_vendor_ignore_for_dead_code	
demo/video-chat/frontend-vue/node_modules/onnxruntime-common/dist/esm/tensor-impl.js.map	9446	0	generated:node_modules	generated_or_vendor_ignore_for_dead_code	
demo/video-chat/frontend-vue/node_modules/onnxruntime-common/dist/esm/tensor-utils-impl.d.ts	395	12	generated:node_modules	generated_or_vendor_ignore_for_dead_code	
demo/video-chat/frontend-vue/node_modules/onnxruntime-common/dist/esm/tensor-utils-impl.d.ts.map	320	0	generated:node_modules	generated_or_vendor_ignore_for_dead_code	
demo/video-chat/frontend-vue/node_modules/onnxruntime-common/dist/esm/tensor-utils-impl.js	1920	62	generated:node_modules	generated_or_vendor_ignore_for_dead_code	
demo/video-chat/frontend-vue/node_modules/onnxruntime-common/dist/esm/tensor-utils-impl.js.map	1633	0	generated:node_modules	generated_or_vendor_ignore_for_dead_code	
demo/video-chat/frontend-vue/node_modules/onnxruntime-common/dist/esm/tensor-utils.d.ts	969	28	generated:node_modules	generated_or_vendor_ignore_for_dead_code	
demo/video-chat/frontend-vue/node_modules/onnxruntime-common/dist/esm/tensor-utils.d.ts.map	587	0	generated:node_modules	generated_or_vendor_ignore_for_dead_code	
demo/video-chat/frontend-vue/node_modules/onnxruntime-common/dist/esm/tensor-utils.js	147	4	generated:node_modules	generated_or_vendor_ignore_for_dead_code	
demo/video-chat/frontend-vue/node_modules/onnxruntime-common/dist/esm/tensor-utils.js.map	143	0	generated:node_modules	generated_or_vendor_ignore_for_dead_code	
demo/video-chat/frontend-vue/node_modules/onnxruntime-common/dist/esm/tensor.d.ts	12331	309	generated:node_modules	generated_or_vendor_ignore_for_dead_code	fallback
demo/video-chat/frontend-vue/node_modules/onnxruntime-common/dist/esm/tensor.d.ts.map	5640	0	generated:node_modules	generated_or_vendor_ignore_for_dead_code	
demo/video-chat/frontend-vue/node_modules/onnxruntime-common/dist/esm/tensor.js	286	6	generated:node_modules	generated_or_vendor_ignore_for_dead_code	
demo/video-chat/frontend-vue/node_modules/onnxruntime-common/dist/esm/tensor.js.map	240	0	generated:node_modules	generated_or_vendor_ignore_for_dead_code	
demo/video-chat/frontend-vue/node_modules/onnxruntime-common/dist/esm/trace.d.ts	473	21	generated:node_modules	generated_or_vendor_ignore_for_dead_code	
demo/video-chat/frontend-vue/node_modules/onnxruntime-common/dist/esm/trace.d.ts.map	382	0	generated:node_modules	generated_or_vendor_ignore_for_dead_code	
demo/video-chat/frontend-vue/node_modules/onnxruntime-common/dist/esm/trace.js	1891	69	generated:node_modules	generated_or_vendor_ignore_for_dead_code	
demo/video-chat/frontend-vue/node_modules/onnxruntime-common/dist/esm/trace.js.map	2241	0	generated:node_modules	generated_or_vendor_ignore_for_dead_code	
demo/video-chat/frontend-vue/node_modules/onnxruntime-common/dist/esm/type-helper.d.ts	1421	29	generated:node_modules	generated_or_vendor_ignore_for_dead_code	fallback
demo/video-chat/frontend-vue/node_modules/onnxruntime-common/dist/esm/type-helper.d.ts.map	324	0	generated:node_modules	generated_or_vendor_ignore_for_dead_code	
demo/video-chat/frontend-vue/node_modules/onnxruntime-common/dist/esm/type-helper.js	146	4	generated:node_modules	generated_or_vendor_ignore_for_dead_code	
demo/video-chat/frontend-vue/node_modules/onnxruntime-common/dist/esm/type-helper.js.map	141	0	generated:node_modules	generated_or_vendor_ignore_for_dead_code	
demo/video-chat/frontend-vue/node_modules/onnxruntime-common/dist/esm/version.d.ts	102	2	generated:node_modules	generated_or_vendor_ignore_for_dead_code	
demo/video-chat/frontend-vue/node_modules/onnxruntime-common/dist/esm/version.d.ts.map	142	0	generated:node_modules	generated_or_vendor_ignore_for_dead_code	
demo/video-chat/frontend-vue/node_modules/onnxruntime-common/dist/esm/version.js	287	6	generated:node_modules	generated_or_vendor_ignore_for_dead_code	
demo/video-chat/frontend-vue/node_modules/onnxruntime-common/dist/esm/version.js.map	202	0	generated:node_modules	generated_or_vendor_ignore_for_dead_code	
demo/video-chat/frontend-vue/node_modules/onnxruntime-common/lib/backend-impl.ts	5325	164	generated:node_modules	generated_or_vendor_ignore_for_dead_code	fallback
demo/video-chat/frontend-vue/node_modules/onnxruntime-common/lib/backend.ts	1612	64	generated:node_modules	generated_or_vendor_ignore_for_dead_code	
demo/video-chat/frontend-vue/node_modules/onnxruntime-common/lib/env-impl.ts	963	32	generated:node_modules	generated_or_vendor_ignore_for_dead_code	
demo/video-chat/frontend-vue/node_modules/onnxruntime-common/lib/env.ts	10073	302	generated:node_modules	generated_or_vendor_ignore_for_dead_code	fallback
demo/video-chat/frontend-vue/node_modules/onnxruntime-common/lib/index.ts	1005	28	generated:node_modules	generated_or_vendor_ignore_for_dead_code	
demo/video-chat/frontend-vue/node_modules/onnxruntime-common/lib/inference-session-impl.ts	9084	241	generated:node_modules	generated_or_vendor_ignore_for_dead_code	
demo/video-chat/frontend-vue/node_modules/onnxruntime-common/lib/inference-session.ts	20695	650	generated:node_modules	generated_or_vendor_ignore_for_dead_code	security
demo/video-chat/frontend-vue/node_modules/onnxruntime-common/lib/onnx-model.ts	1414	57	generated:node_modules	generated_or_vendor_ignore_for_dead_code	
demo/video-chat/frontend-vue/node_modules/onnxruntime-common/lib/onnx-value.ts	514	18	generated:node_modules	generated_or_vendor_ignore_for_dead_code	
demo/video-chat/frontend-vue/node_modules/onnxruntime-common/lib/tensor-conversion-impl.ts	7525	214	generated:node_modules	generated_or_vendor_ignore_for_dead_code	
demo/video-chat/frontend-vue/node_modules/onnxruntime-common/lib/tensor-conversion.ts	1346	34	generated:node_modules	generated_or_vendor_ignore_for_dead_code	
demo/video-chat/frontend-vue/node_modules/onnxruntime-common/lib/tensor-factory-impl.ts	11567	332	generated:node_modules	generated_or_vendor_ignore_for_dead_code	
demo/video-chat/frontend-vue/node_modules/onnxruntime-common/lib/tensor-factory.ts	13542	399	generated:node_modules	generated_or_vendor_ignore_for_dead_code	
demo/video-chat/frontend-vue/node_modules/onnxruntime-common/lib/tensor-impl-type-mapping.ts	3071	77	generated:node_modules	generated_or_vendor_ignore_for_dead_code	
demo/video-chat/frontend-vue/node_modules/onnxruntime-common/lib/tensor-impl.ts	18844	562	generated:node_modules	generated_or_vendor_ignore_for_dead_code	
demo/video-chat/frontend-vue/node_modules/onnxruntime-common/lib/tensor-utils-impl.ts	2060	70	generated:node_modules	generated_or_vendor_ignore_for_dead_code	
demo/video-chat/frontend-vue/node_modules/onnxruntime-common/lib/tensor-utils.ts	995	31	generated:node_modules	generated_or_vendor_ignore_for_dead_code	
demo/video-chat/frontend-vue/node_modules/onnxruntime-common/lib/tensor.ts	12665	391	generated:node_modules	generated_or_vendor_ignore_for_dead_code	fallback
demo/video-chat/frontend-vue/node_modules/onnxruntime-common/lib/trace.ts	1810	75	generated:node_modules	generated_or_vendor_ignore_for_dead_code	
demo/video-chat/frontend-vue/node_modules/onnxruntime-common/lib/type-helper.ts	1466	31	generated:node_modules	generated_or_vendor_ignore_for_dead_code	fallback
demo/video-chat/frontend-vue/node_modules/onnxruntime-common/lib/version.ts	254	7	generated:node_modules	generated_or_vendor_ignore_for_dead_code	
demo/video-chat/frontend-vue/node_modules/onnxruntime-common/package.json	973	36	generated:node_modules	generated_or_vendor_ignore_for_dead_code	
demo/video-chat/frontend-vue/node_modules/onnxruntime-web/README.md	5284	74	generated:node_modules	generated_or_vendor_ignore_for_dead_code	capabilities
demo/video-chat/frontend-vue/node_modules/onnxruntime-web/__commit.txt	40	1	generated:node_modules	generated_or_vendor_ignore_for_dead_code	
demo/video-chat/frontend-vue/node_modules/onnxruntime-web/dist/ort-wasm-simd-threaded.asyncify.mjs	47389	112	generated:node_modules	generated_or_vendor_ignore_for_dead_code	fallback
demo/video-chat/frontend-vue/node_modules/onnxruntime-web/dist/ort-wasm-simd-threaded.asyncify.wasm	23567050	0	generated:node_modules	generated_or_vendor_ignore_for_dead_code	
demo/video-chat/frontend-vue/node_modules/onnxruntime-web/dist/ort-wasm-simd-threaded.jsep.mjs	46490	106	generated:node_modules	generated_or_vendor_ignore_for_dead_code	
demo/video-chat/frontend-vue/node_modules/onnxruntime-web/dist/ort-wasm-simd-threaded.jsep.wasm	26101073	0	generated:node_modules	generated_or_vendor_ignore_for_dead_code	
demo/video-chat/frontend-vue/node_modules/onnxruntime-web/dist/ort-wasm-simd-threaded.jspi.mjs	44518	107	generated:node_modules	generated_or_vendor_ignore_for_dead_code	fallback
demo/video-chat/frontend-vue/node_modules/onnxruntime-web/dist/ort-wasm-simd-threaded.jspi.wasm	14555814	0	generated:node_modules	generated_or_vendor_ignore_for_dead_code	
demo/video-chat/frontend-vue/node_modules/onnxruntime-web/dist/ort-wasm-simd-threaded.mjs	24180	59	generated:node_modules	generated_or_vendor_ignore_for_dead_code	
demo/video-chat/frontend-vue/node_modules/onnxruntime-web/dist/ort-wasm-simd-threaded.wasm	12942611	0	generated:node_modules	generated_or_vendor_ignore_for_dead_code	
demo/video-chat/frontend-vue/node_modules/onnxruntime-web/dist/ort.all.bundle.min.mjs	839666	4680	generated:node_modules	generated_or_vendor_ignore_for_dead_code	fallback,keyframe_delta
demo/video-chat/frontend-vue/node_modules/onnxruntime-web/dist/ort.all.bundle.min.mjs.map	3150011	0	generated:node_modules	generated_or_vendor_ignore_for_dead_code	
demo/video-chat/frontend-vue/node_modules/onnxruntime-web/dist/ort.all.js	5782583	0	generated:node_modules	generated_or_vendor_ignore_for_dead_code	
demo/video-chat/frontend-vue/node_modules/onnxruntime-web/dist/ort.all.min.js	794362	4676	generated:node_modules	generated_or_vendor_ignore_for_dead_code	fallback,keyframe_delta
demo/video-chat/frontend-vue/node_modules/onnxruntime-web/dist/ort.all.min.js.map	3023523	0	generated:node_modules	generated_or_vendor_ignore_for_dead_code	
demo/video-chat/frontend-vue/node_modules/onnxruntime-web/dist/ort.all.min.mjs	794291	4675	generated:node_modules	generated_or_vendor_ignore_for_dead_code	fallback,keyframe_delta
demo/video-chat/frontend-vue/node_modules/onnxruntime-web/dist/ort.all.min.mjs.map	3023484	0	generated:node_modules	generated_or_vendor_ignore_for_dead_code	
demo/video-chat/frontend-vue/node_modules/onnxruntime-web/dist/ort.all.mjs	5703787	0	generated:node_modules	generated_or_vendor_ignore_for_dead_code	
demo/video-chat/frontend-vue/node_modules/onnxruntime-web/dist/ort.bundle.min.mjs	405181	2861	generated:node_modules	generated_or_vendor_ignore_for_dead_code	fallback,keyframe_delta
demo/video-chat/frontend-vue/node_modules/onnxruntime-web/dist/ort.bundle.min.mjs.map	1499813	0	generated:node_modules	generated_or_vendor_ignore_for_dead_code	
demo/video-chat/frontend-vue/node_modules/onnxruntime-web/dist/ort.js	2608629	17723	generated:node_modules	generated_or_vendor_ignore_for_dead_code	security,fallback,keyframe_delta
demo/video-chat/frontend-vue/node_modules/onnxruntime-web/dist/ort.jspi.bundle.min.mjs	110267	10	generated:node_modules	generated_or_vendor_ignore_for_dead_code	fallback
demo/video-chat/frontend-vue/node_modules/onnxruntime-web/dist/ort.jspi.bundle.min.mjs.map	484550	0	generated:node_modules	generated_or_vendor_ignore_for_dead_code	
demo/video-chat/frontend-vue/node_modules/onnxruntime-web/dist/ort.jspi.js	687633	4470	generated:node_modules	generated_or_vendor_ignore_for_dead_code	fallback
demo/video-chat/frontend-vue/node_modules/onnxruntime-web/dist/ort.jspi.min.js	67348	9	generated:node_modules	generated_or_vendor_ignore_for_dead_code	fallback
demo/video-chat/frontend-vue/node_modules/onnxruntime-web/dist/ort.jspi.min.js.map	378535	0	generated:node_modules	generated_or_vendor_ignore_for_dead_code	
demo/video-chat/frontend-vue/node_modules/onnxruntime-web/dist/ort.jspi.min.mjs	67278	8	generated:node_modules	generated_or_vendor_ignore_for_dead_code	fallback
demo/video-chat/frontend-vue/node_modules/onnxruntime-web/dist/ort.jspi.min.mjs.map	378506	0	generated:node_modules	generated_or_vendor_ignore_for_dead_code	
demo/video-chat/frontend-vue/node_modules/onnxruntime-web/dist/ort.jspi.mjs	677869	4465	generated:node_modules	generated_or_vendor_ignore_for_dead_code	fallback
demo/video-chat/frontend-vue/node_modules/onnxruntime-web/dist/ort.min.js	360086	2857	generated:node_modules	generated_or_vendor_ignore_for_dead_code	fallback,keyframe_delta
demo/video-chat/frontend-vue/node_modules/onnxruntime-web/dist/ort.min.js.map	1375673	0	generated:node_modules	generated_or_vendor_ignore_for_dead_code	
demo/video-chat/frontend-vue/node_modules/onnxruntime-web/dist/ort.min.mjs	360011	2856	generated:node_modules	generated_or_vendor_ignore_for_dead_code	fallback,keyframe_delta
demo/video-chat/frontend-vue/node_modules/onnxruntime-web/dist/ort.min.mjs.map	1375640	0	generated:node_modules	generated_or_vendor_ignore_for_dead_code	
demo/video-chat/frontend-vue/node_modules/onnxruntime-web/dist/ort.mjs	2576591	17718	generated:node_modules	generated_or_vendor_ignore_for_dead_code	security,fallback,keyframe_delta
demo/video-chat/frontend-vue/node_modules/onnxruntime-web/dist/ort.node.min.js	27079	7	generated:node_modules	generated_or_vendor_ignore_for_dead_code	fallback
demo/video-chat/frontend-vue/node_modules/onnxruntime-web/dist/ort.node.min.js.map	153076	0	generated:node_modules	generated_or_vendor_ignore_for_dead_code	
demo/video-chat/frontend-vue/node_modules/onnxruntime-web/dist/ort.node.min.mjs	26983	8	generated:node_modules	generated_or_vendor_ignore_for_dead_code	fallback
demo/video-chat/frontend-vue/node_modules/onnxruntime-web/dist/ort.node.min.mjs.map	153293	0	generated:node_modules	generated_or_vendor_ignore_for_dead_code	
demo/video-chat/frontend-vue/node_modules/onnxruntime-web/dist/ort.wasm.bundle.min.mjs	72790	9	generated:node_modules	generated_or_vendor_ignore_for_dead_code	fallback
demo/video-chat/frontend-vue/node_modules/onnxruntime-web/dist/ort.wasm.bundle.min.mjs.map	383031	0	generated:node_modules	generated_or_vendor_ignore_for_dead_code	
demo/video-chat/frontend-vue/node_modules/onnxruntime-web/dist/ort.wasm.js	579188	3667	generated:node_modules	generated_or_vendor_ignore_for_dead_code	fallback
demo/video-chat/frontend-vue/node_modules/onnxruntime-web/dist/ort.wasm.min.js	50139	8	generated:node_modules	generated_or_vendor_ignore_for_dead_code	fallback
demo/video-chat/frontend-vue/node_modules/onnxruntime-web/dist/ort.wasm.min.js.map	319237	0	generated:node_modules	generated_or_vendor_ignore_for_dead_code	
demo/video-chat/frontend-vue/node_modules/onnxruntime-web/dist/ort.wasm.min.mjs	50069	7	generated:node_modules	generated_or_vendor_ignore_for_dead_code	fallback
demo/video-chat/frontend-vue/node_modules/onnxruntime-web/dist/ort.wasm.min.mjs.map	319202	0	generated:node_modules	generated_or_vendor_ignore_for_dead_code	
demo/video-chat/frontend-vue/node_modules/onnxruntime-web/dist/ort.wasm.mjs	571170	3662	generated:node_modules	generated_or_vendor_ignore_for_dead_code	fallback
demo/video-chat/frontend-vue/node_modules/onnxruntime-web/dist/ort.webgl.js	3418094	0	generated:node_modules	generated_or_vendor_ignore_for_dead_code	
demo/video-chat/frontend-vue/node_modules/onnxruntime-web/dist/ort.webgl.min.js	454554	1827	generated:node_modules	generated_or_vendor_ignore_for_dead_code	
demo/video-chat/frontend-vue/node_modules/onnxruntime-web/dist/ort.webgl.min.js.map	1818052	0	generated:node_modules	generated_or_vendor_ignore_for_dead_code	
demo/video-chat/frontend-vue/node_modules/onnxruntime-web/dist/ort.webgl.min.mjs	454415	1826	generated:node_modules	generated_or_vendor_ignore_for_dead_code	
demo/video-chat/frontend-vue/node_modules/onnxruntime-web/dist/ort.webgl.min.mjs.map	1817719	0	generated:node_modules	generated_or_vendor_ignore_for_dead_code	
demo/video-chat/frontend-vue/node_modules/onnxruntime-web/dist/ort.webgl.mjs	3368010	0	generated:node_modules	generated_or_vendor_ignore_for_dead_code	
demo/video-chat/frontend-vue/node_modules/onnxruntime-web/dist/ort.webgpu.bundle.min.mjs	112901	10	generated:node_modules	generated_or_vendor_ignore_for_dead_code	fallback
demo/video-chat/frontend-vue/node_modules/onnxruntime-web/dist/ort.webgpu.bundle.min.mjs.map	502001	0	generated:node_modules	generated_or_vendor_ignore_for_dead_code	
demo/video-chat/frontend-vue/node_modules/onnxruntime-web/dist/ort.webgpu.js	687643	4470	generated:node_modules	generated_or_vendor_ignore_for_dead_code	fallback
demo/video-chat/frontend-vue/node_modules/onnxruntime-web/dist/ort.webgpu.min.js	67240	9	generated:node_modules	generated_or_vendor_ignore_for_dead_code	fallback
demo/video-chat/frontend-vue/node_modules/onnxruntime-web/dist/ort.webgpu.min.js.map	378485	0	generated:node_modules	generated_or_vendor_ignore_for_dead_code	
demo/video-chat/frontend-vue/node_modules/onnxruntime-web/dist/ort.webgpu.min.mjs	67172	8	generated:node_modules	generated_or_vendor_ignore_for_dead_code	fallback
demo/video-chat/frontend-vue/node_modules/onnxruntime-web/dist/ort.webgpu.min.mjs.map	378456	0	generated:node_modules	generated_or_vendor_ignore_for_dead_code	
demo/video-chat/frontend-vue/node_modules/onnxruntime-web/dist/ort.webgpu.mjs	677875	4465	generated:node_modules	generated_or_vendor_ignore_for_dead_code	fallback
demo/video-chat/frontend-vue/node_modules/onnxruntime-web/docs/webgl-operators.md	36521	210	generated:node_modules	generated_or_vendor_ignore_for_dead_code	
demo/video-chat/frontend-vue/node_modules/onnxruntime-web/docs/webgpu-operators.md	5620	118	generated:node_modules	generated_or_vendor_ignore_for_dead_code	
demo/video-chat/frontend-vue/node_modules/onnxruntime-web/docs/webnn-operators.md	9861	126	generated:node_modules	generated_or_vendor_ignore_for_dead_code	
demo/video-chat/frontend-vue/node_modules/onnxruntime-web/lib/backend-onnxjs.ts	1351	34	generated:node_modules	generated_or_vendor_ignore_for_dead_code	
demo/video-chat/frontend-vue/node_modules/onnxruntime-web/lib/backend-wasm.ts	3855	96	generated:node_modules	generated_or_vendor_ignore_for_dead_code	
demo/video-chat/frontend-vue/node_modules/onnxruntime-web/lib/build-def.d.ts	3390	104	generated:node_modules	generated_or_vendor_ignore_for_dead_code	
demo/video-chat/frontend-vue/node_modules/onnxruntime-web/lib/index.ts	1885	48	generated:node_modules	generated_or_vendor_ignore_for_dead_code	
demo/video-chat/frontend-vue/node_modules/onnxruntime-web/lib/onnxjs/attribute-with-cache-key.js	732	22	generated:node_modules	generated_or_vendor_ignore_for_dead_code	
demo/video-chat/frontend-vue/node_modules/onnxruntime-web/lib/onnxjs/attribute-with-cache-key.js.map	648	0	generated:node_modules	generated_or_vendor_ignore_for_dead_code	
demo/video-chat/frontend-vue/node_modules/onnxruntime-web/lib/onnxjs/attribute-with-cache-key.ts	774	27	generated:node_modules	generated_or_vendor_ignore_for_dead_code	
demo/video-chat/frontend-vue/node_modules/onnxruntime-web/lib/onnxjs/attribute.js	9837	270	generated:node_modules	generated_or_vendor_ignore_for_dead_code	
demo/video-chat/frontend-vue/node_modules/onnxruntime-web/lib/onnxjs/attribute.js.map	7946	0	generated:node_modules	generated_or_vendor_ignore_for_dead_code	
demo/video-chat/frontend-vue/node_modules/onnxruntime-web/lib/onnxjs/attribute.ts	9680	275	generated:node_modules	generated_or_vendor_ignore_for_dead_code	
demo/video-chat/frontend-vue/node_modules/onnxruntime-web/lib/onnxjs/backend.js	2029	66	generated:node_modules	generated_or_vendor_ignore_for_dead_code	
demo/video-chat/frontend-vue/node_modules/onnxruntime-web/lib/onnxjs/backend.js.map	1618	0	generated:node_modules	generated_or_vendor_ignore_for_dead_code	
demo/video-chat/frontend-vue/node_modules/onnxruntime-web/lib/onnxjs/backend.ts	4127	149	generated:node_modules	generated_or_vendor_ignore_for_dead_code	
demo/video-chat/frontend-vue/node_modules/onnxruntime-web/lib/onnxjs/backends/backend-webgl.js	2867	83	generated:node_modules	generated_or_vendor_ignore_for_dead_code	
demo/video-chat/frontend-vue/node_modules/onnxruntime-web/lib/onnxjs/backends/backend-webgl.js.map	2125	0	generated:node_modules	generated_or_vendor_ignore_for_dead_code	
demo/video-chat/frontend-vue/node_modules/onnxruntime-web/lib/onnxjs/backends/backend-webgl.ts	2839	97	generated:node_modules	generated_or_vendor_ignore_for_dead_code	
demo/video-chat/frontend-vue/node_modules/onnxruntime-web/lib/onnxjs/backends/webgl/glsl-array-lib.ts	1934	74	generated:node_modules	generated_or_vendor_ignore_for_dead_code	
demo/video-chat/frontend-vue/node_modules/onnxruntime-web/lib/onnxjs/backends/webgl/glsl-coordinate-lib.js	47505	1248	generated:node_modules	generated_or_vendor_ignore_for_dead_code	
demo/video-chat/frontend-vue/node_modules/onnxruntime-web/lib/onnxjs/backends/webgl/glsl-coordinate-lib.js.map	33425	0	generated:node_modules	generated_or_vendor_ignore_for_dead_code	
demo/video-chat/frontend-vue/node_modules/onnxruntime-web/lib/onnxjs/backends/webgl/glsl-coordinate-lib.ts	49390	1404	generated:node_modules	generated_or_vendor_ignore_for_dead_code	
demo/video-chat/frontend-vue/node_modules/onnxruntime-web/lib/onnxjs/backends/webgl/glsl-definitions.js	3734	109	generated:node_modules	generated_or_vendor_ignore_for_dead_code	
demo/video-chat/frontend-vue/node_modules/onnxruntime-web/lib/onnxjs/backends/webgl/glsl-definitions.js.map	2660	0	generated:node_modules	generated_or_vendor_ignore_for_dead_code	
demo/video-chat/frontend-vue/node_modules/onnxruntime-web/lib/onnxjs/backends/webgl/glsl-definitions.ts	3937	138	generated:node_modules	generated_or_vendor_ignore_for_dead_code	
demo/video-chat/frontend-vue/node_modules/onnxruntime-web/lib/onnxjs/backends/webgl/glsl-encoding-lib.js	3499	102	generated:node_modules	generated_or_vendor_ignore_for_dead_code	
demo/video-chat/frontend-vue/node_modules/onnxruntime-web/lib/onnxjs/backends/webgl/glsl-encoding-lib.js.map	1417	0	generated:node_modules	generated_or_vendor_ignore_for_dead_code	
demo/video-chat/frontend-vue/node_modules/onnxruntime-web/lib/onnxjs/backends/webgl/glsl-encoding-lib.ts	3500	99	generated:node_modules	generated_or_vendor_ignore_for_dead_code	
demo/video-chat/frontend-vue/node_modules/onnxruntime-web/lib/onnxjs/backends/webgl/glsl-fragcolor-lib.js	1458	50	generated:node_modules	generated_or_vendor_ignore_for_dead_code	
demo/video-chat/frontend-vue/node_modules/onnxruntime-web/lib/onnxjs/backends/webgl/glsl-fragcolor-lib.js.map	754	0	generated:node_modules	generated_or_vendor_ignore_for_dead_code	
demo/video-chat/frontend-vue/node_modules/onnxruntime-web/lib/onnxjs/backends/webgl/glsl-fragcolor-lib.ts	1366	47	generated:node_modules	generated_or_vendor_ignore_for_dead_code	
demo/video-chat/frontend-vue/node_modules/onnxruntime-web/lib/onnxjs/backends/webgl/glsl-function-inliner.js	1988	57	generated:node_modules	generated_or_vendor_ignore_for_dead_code	
demo/video-chat/frontend-vue/node_modules/onnxruntime-web/lib/onnxjs/backends/webgl/glsl-function-inliner.js.map	2081	0	generated:node_modules	generated_or_vendor_ignore_for_dead_code	
demo/video-chat/frontend-vue/node_modules/onnxruntime-web/lib/onnxjs/backends/webgl/glsl-function-inliner.ts	1911	53	generated:node_modules	generated_or_vendor_ignore_for_dead_code	
demo/video-chat/frontend-vue/node_modules/onnxruntime-web/lib/onnxjs/backends/webgl/glsl-preprocessor.js	4465	117	generated:node_modules	generated_or_vendor_ignore_for_dead_code	
demo/video-chat/frontend-vue/node_modules/onnxruntime-web/lib/onnxjs/backends/webgl/glsl-preprocessor.js.map	3798	0	generated:node_modules	generated_or_vendor_ignore_for_dead_code	
demo/video-chat/frontend-vue/node_modules/onnxruntime-web/lib/onnxjs/backends/webgl/glsl-preprocessor.ts	4644	135	generated:node_modules	generated_or_vendor_ignore_for_dead_code	
demo/video-chat/frontend-vue/node_modules/onnxruntime-web/lib/onnxjs/backends/webgl/glsl-registered-libs.js	856	19	generated:node_modules	generated_or_vendor_ignore_for_dead_code	
demo/video-chat/frontend-vue/node_modules/onnxruntime-web/lib/onnxjs/backends/webgl/glsl-registered-libs.js.map	374	0	generated:node_modules	generated_or_vendor_ignore_for_dead_code	
demo/video-chat/frontend-vue/node_modules/onnxruntime-web/lib/onnxjs/backends/webgl/glsl-registered-libs.ts	693	18	generated:node_modules	generated_or_vendor_ignore_for_dead_code	
demo/video-chat/frontend-vue/node_modules/onnxruntime-web/lib/onnxjs/backends/webgl/glsl-shape-utils-lib.js	5898	175	generated:node_modules	generated_or_vendor_ignore_for_dead_code	
demo/video-chat/frontend-vue/node_modules/onnxruntime-web/lib/onnxjs/backends/webgl/glsl-shape-utils-lib.js.map	5214	0	generated:node_modules	generated_or_vendor_ignore_for_dead_code	
demo/video-chat/frontend-vue/node_modules/onnxruntime-web/lib/onnxjs/backends/webgl/glsl-shape-utils-lib.ts	6074	168	generated:node_modules	generated_or_vendor_ignore_for_dead_code	
demo/video-chat/frontend-vue/node_modules/onnxruntime-web/lib/onnxjs/backends/webgl/glsl-source.js	2325	97	generated:node_modules	generated_or_vendor_ignore_for_dead_code	
demo/video-chat/frontend-vue/node_modules/onnxruntime-web/lib/onnxjs/backends/webgl/glsl-source.js.map	1200	0	generated:node_modules	generated_or_vendor_ignore_for_dead_code	
demo/video-chat/frontend-vue/node_modules/onnxruntime-web/lib/onnxjs/backends/webgl/glsl-source.ts	2304	103	generated:node_modules	generated_or_vendor_ignore_for_dead_code	
demo/video-chat/frontend-vue/node_modules/onnxruntime-web/lib/onnxjs/backends/webgl/glsl-vec-lib.js	3261	114	generated:node_modules	generated_or_vendor_ignore_for_dead_code	
demo/video-chat/frontend-vue/node_modules/onnxruntime-web/lib/onnxjs/backends/webgl/glsl-vec-lib.js.map	2498	0	generated:node_modules	generated_or_vendor_ignore_for_dead_code	
demo/video-chat/frontend-vue/node_modules/onnxruntime-web/lib/onnxjs/backends/webgl/glsl-vec-lib.ts	3339	113	generated:node_modules	generated_or_vendor_ignore_for_dead_code	
demo/video-chat/frontend-vue/node_modules/onnxruntime-web/lib/onnxjs/backends/webgl/inference-handler.js	13182	309	generated:node_modules	generated_or_vendor_ignore_for_dead_code	
demo/video-chat/frontend-vue/node_modules/onnxruntime-web/lib/onnxjs/backends/webgl/inference-handler.js.map	11039	0	generated:node_modules	generated_or_vendor_ignore_for_dead_code	
demo/video-chat/frontend-vue/node_modules/onnxruntime-web/lib/onnxjs/backends/webgl/inference-handler.ts	14162	357	generated:node_modules	generated_or_vendor_ignore_for_dead_code	
demo/video-chat/frontend-vue/node_modules/onnxruntime-web/lib/onnxjs/backends/webgl/op-resolve-rules.js	8347	178	generated:node_modules	generated_or_vendor_ignore_for_dead_code	
demo/video-chat/frontend-vue/node_modules/onnxruntime-web/lib/onnxjs/backends/webgl/op-resolve-rules.js.map	5727	0	generated:node_modules	generated_or_vendor_ignore_for_dead_code	
demo/video-chat/frontend-vue/node_modules/onnxruntime-web/lib/onnxjs/backends/webgl/op-resolve-rules.ts	7087	143	generated:node_modules	generated_or_vendor_ignore_for_dead_code	
demo/video-chat/frontend-vue/node_modules/onnxruntime-web/lib/onnxjs/backends/webgl/ops/batch-normalization.js	3832	101	generated:node_modules	generated_or_vendor_ignore_for_dead_code	
demo/video-chat/frontend-vue/node_modules/onnxruntime-web/lib/onnxjs/backends/webgl/ops/batch-normalization.js.map	3367	0	generated:node_modules	generated_or_vendor_ignore_for_dead_code	
demo/video-chat/frontend-vue/node_modules/onnxruntime-web/lib/onnxjs/backends/webgl/ops/batch-normalization.ts	4151	123	generated:node_modules	generated_or_vendor_ignore_for_dead_code	
demo/video-chat/frontend-vue/node_modules/onnxruntime-web/lib/onnxjs/backends/webgl/ops/binary-op.js	9951	326	generated:node_modules	generated_or_vendor_ignore_for_dead_code	
demo/video-chat/frontend-vue/node_modules/onnxruntime-web/lib/onnxjs/backends/webgl/ops/binary-op.js.map	7689	0	generated:node_modules	generated_or_vendor_ignore_for_dead_code	
demo/video-chat/frontend-vue/node_modules/onnxruntime-web/lib/onnxjs/backends/webgl/ops/binary-op.ts	9842	323	generated:node_modules	generated_or_vendor_ignore_for_dead_code	
demo/video-chat/frontend-vue/node_modules/onnxruntime-web/lib/onnxjs/backends/webgl/ops/cast.js	807	22	generated:node_modules	generated_or_vendor_ignore_for_dead_code	
demo/video-chat/frontend-vue/node_modules/onnxruntime-web/lib/onnxjs/backends/webgl/ops/cast.js.map	763	0	generated:node_modules	generated_or_vendor_ignore_for_dead_code	
demo/video-chat/frontend-vue/node_modules/onnxruntime-web/lib/onnxjs/backends/webgl/ops/cast.ts	1013	30	generated:node_modules	generated_or_vendor_ignore_for_dead_code	
demo/video-chat/frontend-vue/node_modules/onnxruntime-web/lib/onnxjs/backends/webgl/ops/concat-packed.js	5280	129	generated:node_modules	generated_or_vendor_ignore_for_dead_code	
demo/video-chat/frontend-vue/node_modules/onnxruntime-web/lib/onnxjs/backends/webgl/ops/concat-packed.js.map	4780	0	generated:node_modules	generated_or_vendor_ignore_for_dead_code	
demo/video-chat/frontend-vue/node_modules/onnxruntime-web/lib/onnxjs/backends/webgl/ops/concat-packed.ts	5395	150	generated:node_modules	generated_or_vendor_ignore_for_dead_code	
demo/video-chat/frontend-vue/node_modules/onnxruntime-web/lib/onnxjs/backends/webgl/ops/concat.js	6701	159	generated:node_modules	generated_or_vendor_ignore_for_dead_code	
demo/video-chat/frontend-vue/node_modules/onnxruntime-web/lib/onnxjs/backends/webgl/ops/concat.js.map	5529	0	generated:node_modules	generated_or_vendor_ignore_for_dead_code	
demo/video-chat/frontend-vue/node_modules/onnxruntime-web/lib/onnxjs/backends/webgl/ops/concat.ts	7310	195	generated:node_modules	generated_or_vendor_ignore_for_dead_code	
demo/video-chat/frontend-vue/node_modules/onnxruntime-web/lib/onnxjs/backends/webgl/ops/conv-grouped.js	3751	91	generated:node_modules	generated_or_vendor_ignore_for_dead_code	
demo/video-chat/frontend-vue/node_modules/onnxruntime-web/lib/onnxjs/backends/webgl/ops/conv-grouped.js.map	2482	0	generated:node_modules	generated_or_vendor_ignore_for_dead_code	
demo/video-chat/frontend-vue/node_modules/onnxruntime-web/lib/onnxjs/backends/webgl/ops/conv-grouped.ts	3762	99	generated:node_modules	generated_or_vendor_ignore_for_dead_code	
demo/video-chat/frontend-vue/node_modules/onnxruntime-web/lib/onnxjs/backends/webgl/ops/conv-pack.js	2433	63	generated:node_modules	generated_or_vendor_ignore_for_dead_code	
demo/video-chat/frontend-vue/node_modules/onnxruntime-web/lib/onnxjs/backends/webgl/ops/conv-pack.js.map	2251	0	generated:node_modules	generated_or_vendor_ignore_for_dead_code	
demo/video-chat/frontend-vue/node_modules/onnxruntime-web/lib/onnxjs/backends/webgl/ops/conv-pack.ts	2343	58	generated:node_modules	generated_or_vendor_ignore_for_dead_code	
demo/video-chat/frontend-vue/node_modules/onnxruntime-web/lib/onnxjs/backends/webgl/ops/conv-transpose.js	10272	244	generated:node_modules	generated_or_vendor_ignore_for_dead_code	
demo/video-chat/frontend-vue/node_modules/onnxruntime-web/lib/onnxjs/backends/webgl/ops/conv-transpose.js.map	8803	0	generated:node_modules	generated_or_vendor_ignore_for_dead_code	
demo/video-chat/frontend-vue/node_modules/onnxruntime-web/lib/onnxjs/backends/webgl/ops/conv-transpose.ts	11412	308	generated:node_modules	generated_or_vendor_ignore_for_dead_code	
demo/video-chat/frontend-vue/node_modules/onnxruntime-web/lib/onnxjs/backends/webgl/ops/conv.js	8032	181	generated:node_modules	generated_or_vendor_ignore_for_dead_code	
demo/video-chat/frontend-vue/node_modules/onnxruntime-web/lib/onnxjs/backends/webgl/ops/conv.js.map	7650	0	generated:node_modules	generated_or_vendor_ignore_for_dead_code	
demo/video-chat/frontend-vue/node_modules/onnxruntime-web/lib/onnxjs/backends/webgl/ops/conv.ts	8907	218	generated:node_modules	generated_or_vendor_ignore_for_dead_code	
demo/video-chat/frontend-vue/node_modules/onnxruntime-web/lib/onnxjs/backends/webgl/ops/depth-to-space.js	2798	73	generated:node_modules	generated_or_vendor_ignore_for_dead_code	
demo/video-chat/frontend-vue/node_modules/onnxruntime-web/lib/onnxjs/backends/webgl/ops/depth-to-space.js.map	2707	0	generated:node_modules	generated_or_vendor_ignore_for_dead_code	
demo/video-chat/frontend-vue/node_modules/onnxruntime-web/lib/onnxjs/backends/webgl/ops/depth-to-space.ts	3098	92	generated:node_modules	generated_or_vendor_ignore_for_dead_code	
demo/video-chat/frontend-vue/node_modules/onnxruntime-web/lib/onnxjs/backends/webgl/ops/dot-product.js	3346	74	generated:node_modules	generated_or_vendor_ignore_for_dead_code	
demo/video-chat/frontend-vue/node_modules/onnxruntime-web/lib/onnxjs/backends/webgl/ops/dot-product.js.map	2590	0	generated:node_modules	generated_or_vendor_ignore_for_dead_code	
demo/video-chat/frontend-vue/node_modules/onnxruntime-web/lib/onnxjs/backends/webgl/ops/dot-product.ts	3472	91	generated:node_modules	generated_or_vendor_ignore_for_dead_code	
demo/video-chat/frontend-vue/node_modules/onnxruntime-web/lib/onnxjs/backends/webgl/ops/flatten.js	1173	31	generated:node_modules	generated_or_vendor_ignore_for_dead_code	
demo/video-chat/frontend-vue/node_modules/onnxruntime-web/lib/onnxjs/backends/webgl/ops/flatten.js.map	1135	0	generated:node_modules	generated_or_vendor_ignore_for_dead_code	
demo/video-chat/frontend-vue/node_modules/onnxruntime-web/lib/onnxjs/backends/webgl/ops/flatten.ts	1333	42	generated:node_modules	generated_or_vendor_ignore_for_dead_code	
demo/video-chat/frontend-vue/node_modules/onnxruntime-web/lib/onnxjs/backends/webgl/ops/fuse-utils.js	1616	39	generated:node_modules	generated_or_vendor_ignore_for_dead_code	
demo/video-chat/frontend-vue/node_modules/onnxruntime-web/lib/onnxjs/backends/webgl/ops/fuse-utils.js.map	1195	0	generated:node_modules	generated_or_vendor_ignore_for_dead_code	
demo/video-chat/frontend-vue/node_modules/onnxruntime-web/lib/onnxjs/backends/webgl/ops/fuse-utils.ts	1650	48	generated:node_modules	generated_or_vendor_ignore_for_dead_code	
demo/video-chat/frontend-vue/node_modules/onnxruntime-web/lib/onnxjs/backends/webgl/ops/gather.js	3758	93	generated:node_modules	generated_or_vendor_ignore_for_dead_code	
demo/video-chat/frontend-vue/node_modules/onnxruntime-web/lib/onnxjs/backends/webgl/ops/gather.js.map	3429	0	generated:node_modules	generated_or_vendor_ignore_for_dead_code	
demo/video-chat/frontend-vue/node_modules/onnxruntime-web/lib/onnxjs/backends/webgl/ops/gather.ts	4192	116	generated:node_modules	generated_or_vendor_ignore_for_dead_code	
demo/video-chat/frontend-vue/node_modules/onnxruntime-web/lib/onnxjs/backends/webgl/ops/gemm.js	4871	126	generated:node_modules	generated_or_vendor_ignore_for_dead_code	
demo/video-chat/frontend-vue/node_modules/onnxruntime-web/lib/onnxjs/backends/webgl/ops/gemm.js.map	4950	0	generated:node_modules	generated_or_vendor_ignore_for_dead_code	
demo/video-chat/frontend-vue/node_modules/onnxruntime-web/lib/onnxjs/backends/webgl/ops/gemm.ts	5415	153	generated:node_modules	generated_or_vendor_ignore_for_dead_code	
demo/video-chat/frontend-vue/node_modules/onnxruntime-web/lib/onnxjs/backends/webgl/ops/im2col-pack.js	3174	83	generated:node_modules	generated_or_vendor_ignore_for_dead_code	
demo/video-chat/frontend-vue/node_modules/onnxruntime-web/lib/onnxjs/backends/webgl/ops/im2col-pack.js.map	2339	0	generated:node_modules	generated_or_vendor_ignore_for_dead_code	
demo/video-chat/frontend-vue/node_modules/onnxruntime-web/lib/onnxjs/backends/webgl/ops/im2col-pack.ts	3302	101	generated:node_modules	generated_or_vendor_ignore_for_dead_code	
demo/video-chat/frontend-vue/node_modules/onnxruntime-web/lib/onnxjs/backends/webgl/ops/im2col.js	3244	84	generated:node_modules	generated_or_vendor_ignore_for_dead_code	
demo/video-chat/frontend-vue/node_modules/onnxruntime-web/lib/onnxjs/backends/webgl/ops/im2col.js.map	1900	0	generated:node_modules	generated_or_vendor_ignore_for_dead_code	
demo/video-chat/frontend-vue/node_modules/onnxruntime-web/lib/onnxjs/backends/webgl/ops/im2col.ts	3433	107	generated:node_modules	generated_or_vendor_ignore_for_dead_code	
demo/video-chat/frontend-vue/node_modules/onnxruntime-web/lib/onnxjs/backends/webgl/ops/image-scaler.js	2989	73	generated:node_modules	generated_or_vendor_ignore_for_dead_code	
demo/video-chat/frontend-vue/node_modules/onnxruntime-web/lib/onnxjs/backends/webgl/ops/image-scaler.js.map	2852	0	generated:node_modules	generated_or_vendor_ignore_for_dead_code	
demo/video-chat/frontend-vue/node_modules/onnxruntime-web/lib/onnxjs/backends/webgl/ops/image-scaler.ts	3523	99	generated:node_modules	generated_or_vendor_ignore_for_dead_code	
demo/video-chat/frontend-vue/node_modules/onnxruntime-web/lib/onnxjs/backends/webgl/ops/instance-normalization.js	5565	149	generated:node_modules	generated_or_vendor_ignore_for_dead_code	
demo/video-chat/frontend-vue/node_modules/onnxruntime-web/lib/onnxjs/backends/webgl/ops/instance-normalization.js.map	4087	0	generated:node_modules	generated_or_vendor_ignore_for_dead_code	
demo/video-chat/frontend-vue/node_modules/onnxruntime-web/lib/onnxjs/backends/webgl/ops/instance-normalization.ts	5824	172	generated:node_modules	generated_or_vendor_ignore_for_dead_code	
demo/video-chat/frontend-vue/node_modules/onnxruntime-web/lib/onnxjs/backends/webgl/ops/lrn.js	2956	77	generated:node_modules	generated_or_vendor_ignore_for_dead_code	
demo/video-chat/frontend-vue/node_modules/onnxruntime-web/lib/onnxjs/backends/webgl/ops/lrn.js.map	2484	0	generated:node_modules	generated_or_vendor_ignore_for_dead_code	
demo/video-chat/frontend-vue/node_modules/onnxruntime-web/lib/onnxjs/backends/webgl/ops/lrn.ts	3297	95	generated:node_modules	generated_or_vendor_ignore_for_dead_code	
demo/video-chat/frontend-vue/node_modules/onnxruntime-web/lib/onnxjs/backends/webgl/ops/matmul-pack.js	6258	144	generated:node_modules	generated_or_vendor_ignore_for_dead_code	
demo/video-chat/frontend-vue/node_modules/onnxruntime-web/lib/onnxjs/backends/webgl/ops/matmul-pack.js.map	5423	0	generated:node_modules	generated_or_vendor_ignore_for_dead_code	
demo/video-chat/frontend-vue/node_modules/onnxruntime-web/lib/onnxjs/backends/webgl/ops/matmul-pack.ts	6452	176	generated:node_modules	generated_or_vendor_ignore_for_dead_code	
demo/video-chat/frontend-vue/node_modules/onnxruntime-web/lib/onnxjs/backends/webgl/ops/matmul.js	5307	140	generated:node_modules	generated_or_vendor_ignore_for_dead_code	
demo/video-chat/frontend-vue/node_modules/onnxruntime-web/lib/onnxjs/backends/webgl/ops/matmul.js.map	4545	0	generated:node_modules	generated_or_vendor_ignore_for_dead_code	
demo/video-chat/frontend-vue/node_modules/onnxruntime-web/lib/onnxjs/backends/webgl/ops/matmul.ts	5646	162	generated:node_modules	generated_or_vendor_ignore_for_dead_code	
demo/video-chat/frontend-vue/node_modules/onnxruntime-web/lib/onnxjs/backends/webgl/ops/pack.js	3843	126	generated:node_modules	generated_or_vendor_ignore_for_dead_code	
demo/video-chat/frontend-vue/node_modules/onnxruntime-web/lib/onnxjs/backends/webgl/ops/pack.js.map	3366	0	generated:node_modules	generated_or_vendor_ignore_for_dead_code	
demo/video-chat/frontend-vue/node_modules/onnxruntime-web/lib/onnxjs/backends/webgl/ops/pack.ts	3929	140	generated:node_modules	generated_or_vendor_ignore_for_dead_code	
demo/video-chat/frontend-vue/node_modules/onnxruntime-web/lib/onnxjs/backends/webgl/ops/packing-utils.js	1088	34	generated:node_modules	generated_or_vendor_ignore_for_dead_code	
demo/video-chat/frontend-vue/node_modules/onnxruntime-web/lib/onnxjs/backends/webgl/ops/packing-utils.js.map	562	0	generated:node_modules	generated_or_vendor_ignore_for_dead_code	
demo/video-chat/frontend-vue/node_modules/onnxruntime-web/lib/onnxjs/backends/webgl/ops/packing-utils.ts	840	31	generated:node_modules	generated_or_vendor_ignore_for_dead_code	
demo/video-chat/frontend-vue/node_modules/onnxruntime-web/lib/onnxjs/backends/webgl/ops/pad.js	6301	176	generated:node_modules	generated_or_vendor_ignore_for_dead_code	
demo/video-chat/frontend-vue/node_modules/onnxruntime-web/lib/onnxjs/backends/webgl/ops/pad.js.map	5774	0	generated:node_modules	generated_or_vendor_ignore_for_dead_code	
demo/video-chat/frontend-vue/node_modules/onnxruntime-web/lib/onnxjs/backends/webgl/ops/pad.ts	7076	236	generated:node_modules	generated_or_vendor_ignore_for_dead_code	
demo/video-chat/frontend-vue/node_modules/onnxruntime-web/lib/onnxjs/backends/webgl/ops/pool.js	12506	377	generated:node_modules	generated_or_vendor_ignore_for_dead_code	
demo/video-chat/frontend-vue/node_modules/onnxruntime-web/lib/onnxjs/backends/webgl/ops/pool.js.map	10475	0	generated:node_modules	generated_or_vendor_ignore_for_dead_code	
demo/video-chat/frontend-vue/node_modules/onnxruntime-web/lib/onnxjs/backends/webgl/ops/pool.ts	13539	433	generated:node_modules	generated_or_vendor_ignore_for_dead_code	
demo/video-chat/frontend-vue/node_modules/onnxruntime-web/lib/onnxjs/backends/webgl/ops/reduce.js	5958	150	generated:node_modules	generated_or_vendor_ignore_for_dead_code	
demo/video-chat/frontend-vue/node_modules/onnxruntime-web/lib/onnxjs/backends/webgl/ops/reduce.js.map	5734	0	generated:node_modules	generated_or_vendor_ignore_for_dead_code	
demo/video-chat/frontend-vue/node_modules/onnxruntime-web/lib/onnxjs/backends/webgl/ops/reduce.ts	7122	208	generated:node_modules	generated_or_vendor_ignore_for_dead_code	
demo/video-chat/frontend-vue/node_modules/onnxruntime-web/lib/onnxjs/backends/webgl/ops/reshape-packed.js	5522	152	generated:node_modules	generated_or_vendor_ignore_for_dead_code	
demo/video-chat/frontend-vue/node_modules/onnxruntime-web/lib/onnxjs/backends/webgl/ops/reshape-packed.js.map	4033	0	generated:node_modules	generated_or_vendor_ignore_for_dead_code	
demo/video-chat/frontend-vue/node_modules/onnxruntime-web/lib/onnxjs/backends/webgl/ops/reshape-packed.ts	5641	172	generated:node_modules	generated_or_vendor_ignore_for_dead_code	
demo/video-chat/frontend-vue/node_modules/onnxruntime-web/lib/onnxjs/backends/webgl/ops/reshape.js	616	16	generated:node_modules	generated_or_vendor_ignore_for_dead_code	
demo/video-chat/frontend-vue/node_modules/onnxruntime-web/lib/onnxjs/backends/webgl/ops/reshape.js.map	566	0	generated:node_modules	generated_or_vendor_ignore_for_dead_code	
demo/video-chat/frontend-vue/node_modules/onnxruntime-web/lib/onnxjs/backends/webgl/ops/reshape.ts	601	15	generated:node_modules	generated_or_vendor_ignore_for_dead_code	
demo/video-chat/frontend-vue/node_modules/onnxruntime-web/lib/onnxjs/backends/webgl/ops/resize-packed.js	11331	252	generated:node_modules	generated_or_vendor_ignore_for_dead_code	
demo/video-chat/frontend-vue/node_modules/onnxruntime-web/lib/onnxjs/backends/webgl/ops/resize-packed.js.map	5602	0	generated:node_modules	generated_or_vendor_ignore_for_dead_code	
demo/video-chat/frontend-vue/node_modules/onnxruntime-web/lib/onnxjs/backends/webgl/ops/resize-packed.ts	11772	292	generated:node_modules	generated_or_vendor_ignore_for_dead_code	
demo/video-chat/frontend-vue/node_modules/onnxruntime-web/lib/onnxjs/backends/webgl/ops/shape.js	627	17	generated:node_modules	generated_or_vendor_ignore_for_dead_code	
demo/video-chat/frontend-vue/node_modules/onnxruntime-web/lib/onnxjs/backends/webgl/ops/shape.js.map	599	0	generated:node_modules	generated_or_vendor_ignore_for_dead_code	
demo/video-chat/frontend-vue/node_modules/onnxruntime-web/lib/onnxjs/backends/webgl/ops/shape.ts	588	16	generated:node_modules	generated_or_vendor_ignore_for_dead_code	
demo/video-chat/frontend-vue/node_modules/onnxruntime-web/lib/onnxjs/backends/webgl/ops/slice.js	4964	127	generated:node_modules	generated_or_vendor_ignore_for_dead_code	
demo/video-chat/frontend-vue/node_modules/onnxruntime-web/lib/onnxjs/backends/webgl/ops/slice.js.map	5583	0	generated:node_modules	generated_or_vendor_ignore_for_dead_code	
demo/video-chat/frontend-vue/node_modules/onnxruntime-web/lib/onnxjs/backends/webgl/ops/slice.ts	5412	154	generated:node_modules	generated_or_vendor_ignore_for_dead_code	
demo/video-chat/frontend-vue/node_modules/onnxruntime-web/lib/onnxjs/backends/webgl/ops/softmax.js	10818	275	generated:node_modules	generated_or_vendor_ignore_for_dead_code	
demo/video-chat/frontend-vue/node_modules/onnxruntime-web/lib/onnxjs/backends/webgl/ops/softmax.js.map	7711	0	generated:node_modules	generated_or_vendor_ignore_for_dead_code	
demo/video-chat/frontend-vue/node_modules/onnxruntime-web/lib/onnxjs/backends/webgl/ops/softmax.ts	11346	339	generated:node_modules	generated_or_vendor_ignore_for_dead_code	
demo/video-chat/frontend-vue/node_modules/onnxruntime-web/lib/onnxjs/backends/webgl/ops/split.js	2904	81	generated:node_modules	generated_or_vendor_ignore_for_dead_code	
demo/video-chat/frontend-vue/node_modules/onnxruntime-web/lib/onnxjs/backends/webgl/ops/split.js.map	2906	0	generated:node_modules	generated_or_vendor_ignore_for_dead_code	
demo/video-chat/frontend-vue/node_modules/onnxruntime-web/lib/onnxjs/backends/webgl/ops/split.ts	3423	110	generated:node_modules	generated_or_vendor_ignore_for_dead_code	
demo/video-chat/frontend-vue/node_modules/onnxruntime-web/lib/onnxjs/backends/webgl/ops/squeeze.js	1402	37	generated:node_modules	generated_or_vendor_ignore_for_dead_code	
demo/video-chat/frontend-vue/node_modules/onnxruntime-web/lib/onnxjs/backends/webgl/ops/squeeze.js.map	1393	0	generated:node_modules	generated_or_vendor_ignore_for_dead_code	
demo/video-chat/frontend-vue/node_modules/onnxruntime-web/lib/onnxjs/backends/webgl/ops/squeeze.ts	1561	47	generated:node_modules	generated_or_vendor_ignore_for_dead_code	
demo/video-chat/frontend-vue/node_modules/onnxruntime-web/lib/onnxjs/backends/webgl/ops/sum.js	2149	63	generated:node_modules	generated_or_vendor_ignore_for_dead_code	
demo/video-chat/frontend-vue/node_modules/onnxruntime-web/lib/onnxjs/backends/webgl/ops/sum.js.map	2363	0	generated:node_modules	generated_or_vendor_ignore_for_dead_code	
demo/video-chat/frontend-vue/node_modules/onnxruntime-web/lib/onnxjs/backends/webgl/ops/sum.ts	2241	73	generated:node_modules	generated_or_vendor_ignore_for_dead_code	
demo/video-chat/frontend-vue/node_modules/onnxruntime-web/lib/onnxjs/backends/webgl/ops/tile.js	2068	61	generated:node_modules	generated_or_vendor_ignore_for_dead_code	
demo/video-chat/frontend-vue/node_modules/onnxruntime-web/lib/onnxjs/backends/webgl/ops/tile.js.map	2125	0	generated:node_modules	generated_or_vendor_ignore_for_dead_code	
demo/video-chat/frontend-vue/node_modules/onnxruntime-web/lib/onnxjs/backends/webgl/ops/tile.ts	2179	70	generated:node_modules	generated_or_vendor_ignore_for_dead_code	
demo/video-chat/frontend-vue/node_modules/onnxruntime-web/lib/onnxjs/backends/webgl/ops/transpose.js	2794	78	generated:node_modules	generated_or_vendor_ignore_for_dead_code	
demo/video-chat/frontend-vue/node_modules/onnxruntime-web/lib/onnxjs/backends/webgl/ops/transpose.js.map	2548	0	generated:node_modules	generated_or_vendor_ignore_for_dead_code	
demo/video-chat/frontend-vue/node_modules/onnxruntime-web/lib/onnxjs/backends/webgl/ops/transpose.ts	3261	99	generated:node_modules	generated_or_vendor_ignore_for_dead_code	
demo/video-chat/frontend-vue/node_modules/onnxruntime-web/lib/onnxjs/backends/webgl/ops/uint8-encode.js	2237	73	generated:node_modules	generated_or_vendor_ignore_for_dead_code	
demo/video-chat/frontend-vue/node_modules/onnxruntime-web/lib/onnxjs/backends/webgl/ops/uint8-encode.js.map	866	0	generated:node_modules	generated_or_vendor_ignore_for_dead_code	
demo/video-chat/frontend-vue/node_modules/onnxruntime-web/lib/onnxjs/backends/webgl/ops/uint8-encode.ts	2142	71	generated:node_modules	generated_or_vendor_ignore_for_dead_code	
demo/video-chat/frontend-vue/node_modules/onnxruntime-web/lib/onnxjs/backends/webgl/ops/unary-op.js	11701	401	generated:node_modules	generated_or_vendor_ignore_for_dead_code	
demo/video-chat/frontend-vue/node_modules/onnxruntime-web/lib/onnxjs/backends/webgl/ops/unary-op.js.map	9947	0	generated:node_modules	generated_or_vendor_ignore_for_dead_code	
demo/video-chat/frontend-vue/node_modules/onnxruntime-web/lib/onnxjs/backends/webgl/ops/unary-op.ts	11663	367	generated:node_modules	generated_or_vendor_ignore_for_dead_code	
demo/video-chat/frontend-vue/node_modules/onnxruntime-web/lib/onnxjs/backends/webgl/ops/unpack.js	2204	62	generated:node_modules	generated_or_vendor_ignore_for_dead_code	
demo/video-chat/frontend-vue/node_modules/onnxruntime-web/lib/onnxjs/backends/webgl/ops/unpack.js.map	1845	0	generated:node_modules	generated_or_vendor_ignore_for_dead_code	
demo/video-chat/frontend-vue/node_modules/onnxruntime-web/lib/onnxjs/backends/webgl/ops/unpack.ts	2075	67	generated:node_modules	generated_or_vendor_ignore_for_dead_code	
demo/video-chat/frontend-vue/node_modules/onnxruntime-web/lib/onnxjs/backends/webgl/ops/unsqueeze.js	1436	37	generated:node_modules	generated_or_vendor_ignore_for_dead_code	
demo/video-chat/frontend-vue/node_modules/onnxruntime-web/lib/onnxjs/backends/webgl/ops/unsqueeze.js.map	1399	0	generated:node_modules	generated_or_vendor_ignore_for_dead_code	
demo/video-chat/frontend-vue/node_modules/onnxruntime-web/lib/onnxjs/backends/webgl/ops/unsqueeze.ts	1575	47	generated:node_modules	generated_or_vendor_ignore_for_dead_code	
demo/video-chat/frontend-vue/node_modules/onnxruntime-web/lib/onnxjs/backends/webgl/ops/upsample.js	11665	333	generated:node_modules	generated_or_vendor_ignore_for_dead_code	
demo/video-chat/frontend-vue/node_modules/onnxruntime-web/lib/onnxjs/backends/webgl/ops/upsample.js.map	6998	0	generated:node_modules	generated_or_vendor_ignore_for_dead_code	
demo/video-chat/frontend-vue/node_modules/onnxruntime-web/lib/onnxjs/backends/webgl/ops/upsample.ts	12322	376	generated:node_modules	generated_or_vendor_ignore_for_dead_code	
demo/video-chat/frontend-vue/node_modules/onnxruntime-web/lib/onnxjs/backends/webgl/program-manager.js	6838	195	generated:node_modules	generated_or_vendor_ignore_for_dead_code	
demo/video-chat/frontend-vue/node_modules/onnxruntime-web/lib/onnxjs/backends/webgl/program-manager.js.map	5845	0	generated:node_modules	generated_or_vendor_ignore_for_dead_code	
demo/video-chat/frontend-vue/node_modules/onnxruntime-web/lib/onnxjs/backends/webgl/program-manager.ts	7472	205	generated:node_modules	generated_or_vendor_ignore_for_dead_code	
demo/video-chat/frontend-vue/node_modules/onnxruntime-web/lib/onnxjs/backends/webgl/session-handler.js	3119	82	generated:node_modules	generated_or_vendor_ignore_for_dead_code	
demo/video-chat/frontend-vue/node_modules/onnxruntime-web/lib/onnxjs/backends/webgl/session-handler.js.map	2754	0	generated:node_modules	generated_or_vendor_ignore_for_dead_code	
demo/video-chat/frontend-vue/node_modules/onnxruntime-web/lib/onnxjs/backends/webgl/session-handler.ts	3638	90	generated:node_modules	generated_or_vendor_ignore_for_dead_code	
demo/video-chat/frontend-vue/node_modules/onnxruntime-web/lib/onnxjs/backends/webgl/texture-data-encoder.js	3909	122	generated:node_modules	generated_or_vendor_ignore_for_dead_code	
demo/video-chat/frontend-vue/node_modules/onnxruntime-web/lib/onnxjs/backends/webgl/texture-data-encoder.js.map	3973	0	generated:node_modules	generated_or_vendor_ignore_for_dead_code	
demo/video-chat/frontend-vue/node_modules/onnxruntime-web/lib/onnxjs/backends/webgl/texture-data-encoder.ts	5421	161	generated:node_modules	generated_or_vendor_ignore_for_dead_code	
demo/video-chat/frontend-vue/node_modules/onnxruntime-web/lib/onnxjs/backends/webgl/texture-layout-strategy.js	8402	227	generated:node_modules	generated_or_vendor_ignore_for_dead_code	
demo/video-chat/frontend-vue/node_modules/onnxruntime-web/lib/onnxjs/backends/webgl/texture-layout-strategy.js.map	8463	0	generated:node_modules	generated_or_vendor_ignore_for_dead_code	
demo/video-chat/frontend-vue/node_modules/onnxruntime-web/lib/onnxjs/backends/webgl/texture-layout-strategy.ts	8501	233	generated:node_modules	generated_or_vendor_ignore_for_dead_code	
demo/video-chat/frontend-vue/node_modules/onnxruntime-web/lib/onnxjs/backends/webgl/texture-layout.js	2995	73	generated:node_modules	generated_or_vendor_ignore_for_dead_code	
demo/video-chat/frontend-vue/node_modules/onnxruntime-web/lib/onnxjs/backends/webgl/texture-layout.js.map	2542	0	generated:node_modules	generated_or_vendor_ignore_for_dead_code	
demo/video-chat/frontend-vue/node_modules/onnxruntime-web/lib/onnxjs/backends/webgl/texture-layout.ts	2826	82	generated:node_modules	generated_or_vendor_ignore_for_dead_code	
demo/video-chat/frontend-vue/node_modules/onnxruntime-web/lib/onnxjs/backends/webgl/texture-manager.js	7951	219	generated:node_modules	generated_or_vendor_ignore_for_dead_code	
demo/video-chat/frontend-vue/node_modules/onnxruntime-web/lib/onnxjs/backends/webgl/texture-manager.js.map	6930	0	generated:node_modules	generated_or_vendor_ignore_for_dead_code	
demo/video-chat/frontend-vue/node_modules/onnxruntime-web/lib/onnxjs/backends/webgl/texture-manager.ts	8782	239	generated:node_modules	generated_or_vendor_ignore_for_dead_code	
demo/video-chat/frontend-vue/node_modules/onnxruntime-web/lib/onnxjs/backends/webgl/types.js	694	14	generated:node_modules	generated_or_vendor_ignore_for_dead_code	
demo/video-chat/frontend-vue/node_modules/onnxruntime-web/lib/onnxjs/backends/webgl/types.js.map	278	0	generated:node_modules	generated_or_vendor_ignore_for_dead_code	
demo/video-chat/frontend-vue/node_modules/onnxruntime-web/lib/onnxjs/backends/webgl/types.ts	3688	162	generated:node_modules	generated_or_vendor_ignore_for_dead_code	
demo/video-chat/frontend-vue/node_modules/onnxruntime-web/lib/onnxjs/backends/webgl/utils.js	3701	106	generated:node_modules	generated_or_vendor_ignore_for_dead_code	
demo/video-chat/frontend-vue/node_modules/onnxruntime-web/lib/onnxjs/backends/webgl/utils.js.map	2508	0	generated:node_modules	generated_or_vendor_ignore_for_dead_code	
demo/video-chat/frontend-vue/node_modules/onnxruntime-web/lib/onnxjs/backends/webgl/utils.ts	3073	97	generated:node_modules	generated_or_vendor_ignore_for_dead_code	
demo/video-chat/frontend-vue/node_modules/onnxruntime-web/lib/onnxjs/backends/webgl/webgl-context-factory.js	3514	107	generated:node_modules	generated_or_vendor_ignore_for_dead_code	capabilities,fallback
demo/video-chat/frontend-vue/node_modules/onnxruntime-web/lib/onnxjs/backends/webgl/webgl-context-factory.js.map	2988	0	generated:node_modules	generated_or_vendor_ignore_for_dead_code	
demo/video-chat/frontend-vue/node_modules/onnxruntime-web/lib/onnxjs/backends/webgl/webgl-context-factory.ts	3589	115	generated:node_modules	generated_or_vendor_ignore_for_dead_code	capabilities,fallback
demo/video-chat/frontend-vue/node_modules/onnxruntime-web/lib/onnxjs/backends/webgl/webgl-context.js	19423	586	generated:node_modules	generated_or_vendor_ignore_for_dead_code	
demo/video-chat/frontend-vue/node_modules/onnxruntime-web/lib/onnxjs/backends/webgl/webgl-context.js.map	17526	0	generated:node_modules	generated_or_vendor_ignore_for_dead_code	
demo/video-chat/frontend-vue/node_modules/onnxruntime-web/lib/onnxjs/backends/webgl/webgl-context.ts	21028	648	generated:node_modules	generated_or_vendor_ignore_for_dead_code	
demo/video-chat/frontend-vue/node_modules/onnxruntime-web/lib/onnxjs/execution-plan.js	5187	144	generated:node_modules	generated_or_vendor_ignore_for_dead_code	
demo/video-chat/frontend-vue/node_modules/onnxruntime-web/lib/onnxjs/execution-plan.js.map	5115	0	generated:node_modules	generated_or_vendor_ignore_for_dead_code	
demo/video-chat/frontend-vue/node_modules/onnxruntime-web/lib/onnxjs/execution-plan.ts	5379	172	generated:node_modules	generated_or_vendor_ignore_for_dead_code	
demo/video-chat/frontend-vue/node_modules/onnxruntime-web/lib/onnxjs/graph.js	26450	693	generated:node_modules	generated_or_vendor_ignore_for_dead_code	
demo/video-chat/frontend-vue/node_modules/onnxruntime-web/lib/onnxjs/graph.js.map	23819	0	generated:node_modules	generated_or_vendor_ignore_for_dead_code	
demo/video-chat/frontend-vue/node_modules/onnxruntime-web/lib/onnxjs/graph.ts	28017	811	generated:node_modules	generated_or_vendor_ignore_for_dead_code	
demo/video-chat/frontend-vue/node_modules/onnxruntime-web/lib/onnxjs/instrument.js	9915	317	generated:node_modules	generated_or_vendor_ignore_for_dead_code	
demo/video-chat/frontend-vue/node_modules/onnxruntime-web/lib/onnxjs/instrument.js.map	9735	0	generated:node_modules	generated_or_vendor_ignore_for_dead_code	
demo/video-chat/frontend-vue/node_modules/onnxruntime-web/lib/onnxjs/instrument.ts	14869	475	generated:node_modules	generated_or_vendor_ignore_for_dead_code	
demo/video-chat/frontend-vue/node_modules/onnxruntime-web/lib/onnxjs/model.js	3718	112	generated:node_modules	generated_or_vendor_ignore_for_dead_code	
demo/video-chat/frontend-vue/node_modules/onnxruntime-web/lib/onnxjs/model.js.map	2219	0	generated:node_modules	generated_or_vendor_ignore_for_dead_code	
demo/video-chat/frontend-vue/node_modules/onnxruntime-web/lib/onnxjs/model.ts	2596	82	generated:node_modules	generated_or_vendor_ignore_for_dead_code	
demo/video-chat/frontend-vue/node_modules/onnxruntime-web/lib/onnxjs/operators.js	509	9	generated:node_modules	generated_or_vendor_ignore_for_dead_code	
demo/video-chat/frontend-vue/node_modules/onnxruntime-web/lib/onnxjs/operators.js.map	386	0	generated:node_modules	generated_or_vendor_ignore_for_dead_code	
demo/video-chat/frontend-vue/node_modules/onnxruntime-web/lib/onnxjs/operators.ts	878	27	generated:node_modules	generated_or_vendor_ignore_for_dead_code	
demo/video-chat/frontend-vue/node_modules/onnxruntime-web/lib/onnxjs/opset.js	1848	49	generated:node_modules	generated_or_vendor_ignore_for_dead_code	
demo/video-chat/frontend-vue/node_modules/onnxruntime-web/lib/onnxjs/opset.js.map	1807	0	generated:node_modules	generated_or_vendor_ignore_for_dead_code	
demo/video-chat/frontend-vue/node_modules/onnxruntime-web/lib/onnxjs/opset.ts	2487	69	generated:node_modules	generated_or_vendor_ignore_for_dead_code	
demo/video-chat/frontend-vue/node_modules/onnxruntime-web/lib/onnxjs/ort-schema/flatbuffers/README.md	1175	14	generated:node_modules	generated_or_vendor_ignore_for_dead_code	
demo/video-chat/frontend-vue/node_modules/onnxruntime-web/lib/onnxjs/ort-schema/flatbuffers/onnxruntime/fbs.js	9547	302	generated:node_modules	generated_or_vendor_ignore_for_dead_code	
demo/video-chat/frontend-vue/node_modules/onnxruntime-web/lib/onnxjs/ort-schema/flatbuffers/onnxruntime/fbs.js.map	1438	0	generated:node_modules	generated_or_vendor_ignore_for_dead_code	
demo/video-chat/frontend-vue/node_modules/onnxruntime-web/lib/onnxjs/ort-schema/flatbuffers/onnxruntime/fbs.ts	2503	41	generated:node_modules	generated_or_vendor_ignore_for_dead_code	
demo/video-chat/frontend-vue/node_modules/onnxruntime-web/lib/onnxjs/ort-schema/flatbuffers/onnxruntime/fbs/arg-type-and-index.js	3195	94	generated:node_modules	generated_or_vendor_ignore_for_dead_code	
demo/video-chat/frontend-vue/node_modules/onnxruntime-web/lib/onnxjs/ort-schema/flatbuffers/onnxruntime/fbs/arg-type-and-index.js.map	2071	0	generated:node_modules	generated_or_vendor_ignore_for_dead_code	
demo/video-chat/frontend-vue/node_modules/onnxruntime-web/lib/onnxjs/ort-schema/flatbuffers/onnxruntime/fbs/arg-type-and-index.ts	2132	60	generated:node_modules	generated_or_vendor_ignore_for_dead_code	
demo/video-chat/frontend-vue/node_modules/onnxruntime-web/lib/onnxjs/ort-schema/flatbuffers/onnxruntime/fbs/arg-type.js	519	11	generated:node_modules	generated_or_vendor_ignore_for_dead_code	
demo/video-chat/frontend-vue/node_modules/onnxruntime-web/lib/onnxjs/ort-schema/flatbuffers/onnxruntime/fbs/arg-type.js.map	229	0	generated:node_modules	generated_or_vendor_ignore_for_dead_code	
demo/video-chat/frontend-vue/node_modules/onnxruntime-web/lib/onnxjs/ort-schema/flatbuffers/onnxruntime/fbs/arg-type.ts	256	8	generated:node_modules	generated_or_vendor_ignore_for_dead_code	
demo/video-chat/frontend-vue/node_modules/onnxruntime-web/lib/onnxjs/ort-schema/flatbuffers/onnxruntime/fbs/attribute-type.js	1265	22	generated:node_modules	generated_or_vendor_ignore_for_dead_code	
demo/video-chat/frontend-vue/node_modules/onnxruntime-web/lib/onnxjs/ort-schema/flatbuffers/onnxruntime/fbs/attribute-type.js.map	421	0	generated:node_modules	generated_or_vendor_ignore_for_dead_code	
demo/video-chat/frontend-vue/node_modules/onnxruntime-web/lib/onnxjs/ort-schema/flatbuffers/onnxruntime/fbs/attribute-type.ts	433	19	generated:node_modules	generated_or_vendor_ignore_for_dead_code	
demo/video-chat/frontend-vue/node_modules/onnxruntime-web/lib/onnxjs/ort-schema/flatbuffers/onnxruntime/fbs/attribute.js	8718	257	generated:node_modules	generated_or_vendor_ignore_for_dead_code	
demo/video-chat/frontend-vue/node_modules/onnxruntime-web/lib/onnxjs/ort-schema/flatbuffers/onnxruntime/fbs/attribute.js.map	9986	0	generated:node_modules	generated_or_vendor_ignore_for_dead_code	
demo/video-chat/frontend-vue/node_modules/onnxruntime-web/lib/onnxjs/ort-schema/flatbuffers/onnxruntime/fbs/attribute.ts	9576	270	generated:node_modules	generated_or_vendor_ignore_for_dead_code	
demo/video-chat/frontend-vue/node_modules/onnxruntime-web/lib/onnxjs/ort-schema/flatbuffers/onnxruntime/fbs/deprecated-kernel-create-infos.js	4833	134	generated:node_modules	generated_or_vendor_ignore_for_dead_code	
demo/video-chat/frontend-vue/node_modules/onnxruntime-web/lib/onnxjs/ort-schema/flatbuffers/onnxruntime/fbs/deprecated-kernel-create-infos.js.map	3968	0	generated:node_modules	generated_or_vendor_ignore_for_dead_code	
demo/video-chat/frontend-vue/node_modules/onnxruntime-web/lib/onnxjs/ort-schema/flatbuffers/onnxruntime/fbs/deprecated-kernel-create-infos.ts	4502	124	generated:node_modules	generated_or_vendor_ignore_for_dead_code	
demo/video-chat/frontend-vue/node_modules/onnxruntime-web/lib/onnxjs/ort-schema/flatbuffers/onnxruntime/fbs/deprecated-node-index-and-kernel-def-hash.js	3588	96	generated:node_modules	generated_or_vendor_ignore_for_dead_code	
demo/video-chat/frontend-vue/node_modules/onnxruntime-web/lib/onnxjs/ort-schema/flatbuffers/onnxruntime/fbs/deprecated-node-index-and-kernel-def-hash.js.map	2150	0	generated:node_modules	generated_or_vendor_ignore_for_dead_code	
demo/video-chat/frontend-vue/node_modules/onnxruntime-web/lib/onnxjs/ort-schema/flatbuffers/onnxruntime/fbs/deprecated-node-index-and-kernel-def-hash.ts	2616	71	generated:node_modules	generated_or_vendor_ignore_for_dead_code	
demo/video-chat/frontend-vue/node_modules/onnxruntime-web/lib/onnxjs/ort-schema/flatbuffers/onnxruntime/fbs/deprecated-session-state.js	4484	122	generated:node_modules	generated_or_vendor_ignore_for_dead_code	
demo/video-chat/frontend-vue/node_modules/onnxruntime-web/lib/onnxjs/ort-schema/flatbuffers/onnxruntime/fbs/deprecated-session-state.js.map	3021	0	generated:node_modules	generated_or_vendor_ignore_for_dead_code	
demo/video-chat/frontend-vue/node_modules/onnxruntime-web/lib/onnxjs/ort-schema/flatbuffers/onnxruntime/fbs/deprecated-session-state.ts	3678	101	generated:node_modules	generated_or_vendor_ignore_for_dead_code	
demo/video-chat/frontend-vue/node_modules/onnxruntime-web/lib/onnxjs/ort-schema/flatbuffers/onnxruntime/fbs/deprecated-sub-graph-session-state.js	3409	97	generated:node_modules	generated_or_vendor_ignore_for_dead_code	
demo/video-chat/frontend-vue/node_modules/onnxruntime-web/lib/onnxjs/ort-schema/flatbuffers/onnxruntime/fbs/deprecated-sub-graph-session-state.js.map	2023	0	generated:node_modules	generated_or_vendor_ignore_for_dead_code	
demo/video-chat/frontend-vue/node_modules/onnxruntime-web/lib/onnxjs/ort-schema/flatbuffers/onnxruntime/fbs/deprecated-sub-graph-session-state.ts	2497	67	generated:node_modules	generated_or_vendor_ignore_for_dead_code	
demo/video-chat/frontend-vue/node_modules/onnxruntime-web/lib/onnxjs/ort-schema/flatbuffers/onnxruntime/fbs/dimension-value-type.js	710	12	generated:node_modules	generated_or_vendor_ignore_for_dead_code	
demo/video-chat/frontend-vue/node_modules/onnxruntime-web/lib/onnxjs/ort-schema/flatbuffers/onnxruntime/fbs/dimension-value-type.js.map	277	0	generated:node_modules	generated_or_vendor_ignore_for_dead_code	
demo/video-chat/frontend-vue/node_modules/onnxruntime-web/lib/onnxjs/ort-schema/flatbuffers/onnxruntime/fbs/dimension-value-type.ts	281	9	generated:node_modules	generated_or_vendor_ignore_for_dead_code	
demo/video-chat/frontend-vue/node_modules/onnxruntime-web/lib/onnxjs/ort-schema/flatbuffers/onnxruntime/fbs/dimension-value.js	3637	102	generated:node_modules	generated_or_vendor_ignore_for_dead_code	
demo/video-chat/frontend-vue/node_modules/onnxruntime-web/lib/onnxjs/ort-schema/flatbuffers/onnxruntime/fbs/dimension-value.js.map	2526	0	generated:node_modules	generated_or_vendor_ignore_for_dead_code	
demo/video-chat/frontend-vue/node_modules/onnxruntime-web/lib/onnxjs/ort-schema/flatbuffers/onnxruntime/fbs/dimension-value.ts	2812	77	generated:node_modules	generated_or_vendor_ignore_for_dead_code	
demo/video-chat/frontend-vue/node_modules/onnxruntime-web/lib/onnxjs/ort-schema/flatbuffers/onnxruntime/fbs/dimension.js	3241	96	generated:node_modules	generated_or_vendor_ignore_for_dead_code	
demo/video-chat/frontend-vue/node_modules/onnxruntime-web/lib/onnxjs/ort-schema/flatbuffers/onnxruntime/fbs/dimension.js.map	2143	0	generated:node_modules	generated_or_vendor_ignore_for_dead_code	
demo/video-chat/frontend-vue/node_modules/onnxruntime-web/lib/onnxjs/ort-schema/flatbuffers/onnxruntime/fbs/dimension.ts	2404	66	generated:node_modules	generated_or_vendor_ignore_for_dead_code	
demo/video-chat/frontend-vue/node_modules/onnxruntime-web/lib/onnxjs/ort-schema/flatbuffers/onnxruntime/fbs/edge-end.js	885	36	generated:node_modules	generated_or_vendor_ignore_for_dead_code	
demo/video-chat/frontend-vue/node_modules/onnxruntime-web/lib/onnxjs/ort-schema/flatbuffers/onnxruntime/fbs/edge-end.js.map	969	0	generated:node_modules	generated_or_vendor_ignore_for_dead_code	
demo/video-chat/frontend-vue/node_modules/onnxruntime-web/lib/onnxjs/ort-schema/flatbuffers/onnxruntime/fbs/edge-end.ts	1067	44	generated:node_modules	generated_or_vendor_ignore_for_dead_code	
demo/video-chat/frontend-vue/node_modules/onnxruntime-web/lib/onnxjs/ort-schema/flatbuffers/onnxruntime/fbs/graph.js	9162	270	generated:node_modules	generated_or_vendor_ignore_for_dead_code	
demo/video-chat/frontend-vue/node_modules/onnxruntime-web/lib/onnxjs/ort-schema/flatbuffers/onnxruntime/fbs/graph.js.map	9794	0	generated:node_modules	generated_or_vendor_ignore_for_dead_code	
demo/video-chat/frontend-vue/node_modules/onnxruntime-web/lib/onnxjs/ort-schema/flatbuffers/onnxruntime/fbs/graph.ts	9462	265	generated:node_modules	generated_or_vendor_ignore_for_dead_code	
demo/video-chat/frontend-vue/node_modules/onnxruntime-web/lib/onnxjs/ort-schema/flatbuffers/onnxruntime/fbs/inference-session.js	3829	110	generated:node_modules	generated_or_vendor_ignore_for_dead_code	
demo/video-chat/frontend-vue/node_modules/onnxruntime-web/lib/onnxjs/ort-schema/flatbuffers/onnxruntime/fbs/inference-session.js.map	2669	0	generated:node_modules	generated_or_vendor_ignore_for_dead_code	
demo/video-chat/frontend-vue/node_modules/onnxruntime-web/lib/onnxjs/ort-schema/flatbuffers/onnxruntime/fbs/inference-session.ts	3052	79	generated:node_modules	generated_or_vendor_ignore_for_dead_code	
demo/video-chat/frontend-vue/node_modules/onnxruntime-web/lib/onnxjs/ort-schema/flatbuffers/onnxruntime/fbs/kernel-type-str-args-entry.js	4073	114	generated:node_modules	generated_or_vendor_ignore_for_dead_code	
demo/video-chat/frontend-vue/node_modules/onnxruntime-web/lib/onnxjs/ort-schema/flatbuffers/onnxruntime/fbs/kernel-type-str-args-entry.js.map	2990	0	generated:node_modules	generated_or_vendor_ignore_for_dead_code	
demo/video-chat/frontend-vue/node_modules/onnxruntime-web/lib/onnxjs/ort-schema/flatbuffers/onnxruntime/fbs/kernel-type-str-args-entry.ts	3401	95	generated:node_modules	generated_or_vendor_ignore_for_dead_code	
demo/video-chat/frontend-vue/node_modules/onnxruntime-web/lib/onnxjs/ort-schema/flatbuffers/onnxruntime/fbs/kernel-type-str-resolver.js	3810	105	generated:node_modules	generated_or_vendor_ignore_for_dead_code	
demo/video-chat/frontend-vue/node_modules/onnxruntime-web/lib/onnxjs/ort-schema/flatbuffers/onnxruntime/fbs/kernel-type-str-resolver.js.map	2505	0	generated:node_modules	generated_or_vendor_ignore_for_dead_code	
demo/video-chat/frontend-vue/node_modules/onnxruntime-web/lib/onnxjs/ort-schema/flatbuffers/onnxruntime/fbs/kernel-type-str-resolver.ts	2921	81	generated:node_modules	generated_or_vendor_ignore_for_dead_code	
demo/video-chat/frontend-vue/node_modules/onnxruntime-web/lib/onnxjs/ort-schema/flatbuffers/onnxruntime/fbs/map-type.js	3069	91	generated:node_modules	generated_or_vendor_ignore_for_dead_code	
demo/video-chat/frontend-vue/node_modules/onnxruntime-web/lib/onnxjs/ort-schema/flatbuffers/onnxruntime/fbs/map-type.js.map	1888	0	generated:node_modules	generated_or_vendor_ignore_for_dead_code	
demo/video-chat/frontend-vue/node_modules/onnxruntime-web/lib/onnxjs/ort-schema/flatbuffers/onnxruntime/fbs/map-type.ts	1937	54	generated:node_modules	generated_or_vendor_ignore_for_dead_code	
demo/video-chat/frontend-vue/node_modules/onnxruntime-web/lib/onnxjs/ort-schema/flatbuffers/onnxruntime/fbs/model.js	6503	184	generated:node_modules	generated_or_vendor_ignore_for_dead_code	
demo/video-chat/frontend-vue/node_modules/onnxruntime-web/lib/onnxjs/ort-schema/flatbuffers/onnxruntime/fbs/model.js.map	6382	0	generated:node_modules	generated_or_vendor_ignore_for_dead_code	
demo/video-chat/frontend-vue/node_modules/onnxruntime-web/lib/onnxjs/ort-schema/flatbuffers/onnxruntime/fbs/model.ts	6774	181	generated:node_modules	generated_or_vendor_ignore_for_dead_code	
demo/video-chat/frontend-vue/node_modules/onnxruntime-web/lib/onnxjs/ort-schema/flatbuffers/onnxruntime/fbs/node-edge.js	4094	120	generated:node_modules	generated_or_vendor_ignore_for_dead_code	
demo/video-chat/frontend-vue/node_modules/onnxruntime-web/lib/onnxjs/ort-schema/flatbuffers/onnxruntime/fbs/node-edge.js.map	3349	0	generated:node_modules	generated_or_vendor_ignore_for_dead_code	
demo/video-chat/frontend-vue/node_modules/onnxruntime-web/lib/onnxjs/ort-schema/flatbuffers/onnxruntime/fbs/node-edge.ts	3277	97	generated:node_modules	generated_or_vendor_ignore_for_dead_code	
demo/video-chat/frontend-vue/node_modules/onnxruntime-web/lib/onnxjs/ort-schema/flatbuffers/onnxruntime/fbs/node-type.js	536	11	generated:node_modules	generated_or_vendor_ignore_for_dead_code	
demo/video-chat/frontend-vue/node_modules/onnxruntime-web/lib/onnxjs/ort-schema/flatbuffers/onnxruntime/fbs/node-type.js.map	231	0	generated:node_modules	generated_or_vendor_ignore_for_dead_code	
demo/video-chat/frontend-vue/node_modules/onnxruntime-web/lib/onnxjs/ort-schema/flatbuffers/onnxruntime/fbs/node-type.ts	260	8	generated:node_modules	generated_or_vendor_ignore_for_dead_code	
demo/video-chat/frontend-vue/node_modules/onnxruntime-web/lib/onnxjs/ort-schema/flatbuffers/onnxruntime/fbs/node.js	9795	283	generated:node_modules	generated_or_vendor_ignore_for_dead_code	
demo/video-chat/frontend-vue/node_modules/onnxruntime-web/lib/onnxjs/ort-schema/flatbuffers/onnxruntime/fbs/node.js.map	10753	0	generated:node_modules	generated_or_vendor_ignore_for_dead_code	
demo/video-chat/frontend-vue/node_modules/onnxruntime-web/lib/onnxjs/ort-schema/flatbuffers/onnxruntime/fbs/node.ts	11597	311	generated:node_modules	generated_or_vendor_ignore_for_dead_code	
demo/video-chat/frontend-vue/node_modules/onnxruntime-web/lib/onnxjs/ort-schema/flatbuffers/onnxruntime/fbs/nodes-to-optimize-indices.js	6042	170	generated:node_modules	generated_or_vendor_ignore_for_dead_code	
demo/video-chat/frontend-vue/node_modules/onnxruntime-web/lib/onnxjs/ort-schema/flatbuffers/onnxruntime/fbs/nodes-to-optimize-indices.js.map	5308	0	generated:node_modules	generated_or_vendor_ignore_for_dead_code	
demo/video-chat/frontend-vue/node_modules/onnxruntime-web/lib/onnxjs/ort-schema/flatbuffers/onnxruntime/fbs/nodes-to-optimize-indices.ts	5806	163	generated:node_modules	generated_or_vendor_ignore_for_dead_code	
demo/video-chat/frontend-vue/node_modules/onnxruntime-web/lib/onnxjs/ort-schema/flatbuffers/onnxruntime/fbs/op-id-kernel-type-str-args-entry.js	4235	114	generated:node_modules	generated_or_vendor_ignore_for_dead_code	
demo/video-chat/frontend-vue/node_modules/onnxruntime-web/lib/onnxjs/ort-schema/flatbuffers/onnxruntime/fbs/op-id-kernel-type-str-args-entry.js.map	3008	0	generated:node_modules	generated_or_vendor_ignore_for_dead_code	
demo/video-chat/frontend-vue/node_modules/onnxruntime-web/lib/onnxjs/ort-schema/flatbuffers/onnxruntime/fbs/op-id-kernel-type-str-args-entry.ts	3552	95	generated:node_modules	generated_or_vendor_ignore_for_dead_code	
demo/video-chat/frontend-vue/node_modules/onnxruntime-web/lib/onnxjs/ort-schema/flatbuffers/onnxruntime/fbs/operator-set-id.js	3127	93	generated:node_modules	generated_or_vendor_ignore_for_dead_code	
demo/video-chat/frontend-vue/node_modules/onnxruntime-web/lib/onnxjs/ort-schema/flatbuffers/onnxruntime/fbs/operator-set-id.js.map	2087	0	generated:node_modules	generated_or_vendor_ignore_for_dead_code	
demo/video-chat/frontend-vue/node_modules/onnxruntime-web/lib/onnxjs/ort-schema/flatbuffers/onnxruntime/fbs/operator-set-id.ts	2266	64	generated:node_modules	generated_or_vendor_ignore_for_dead_code	
demo/video-chat/frontend-vue/node_modules/onnxruntime-web/lib/onnxjs/ort-schema/flatbuffers/onnxruntime/fbs/runtime-optimization-record-container-entry.js	4673	120	generated:node_modules	generated_or_vendor_ignore_for_dead_code	
demo/video-chat/frontend-vue/node_modules/onnxruntime-web/lib/onnxjs/ort-schema/flatbuffers/onnxruntime/fbs/runtime-optimization-record-container-entry.js.map	3048	0	generated:node_modules	generated_or_vendor_ignore_for_dead_code	
demo/video-chat/frontend-vue/node_modules/onnxruntime-web/lib/onnxjs/ort-schema/flatbuffers/onnxruntime/fbs/runtime-optimization-record-container-entry.ts	4056	107	generated:node_modules	generated_or_vendor_ignore_for_dead_code	
demo/video-chat/frontend-vue/node_modules/onnxruntime-web/lib/onnxjs/ort-schema/flatbuffers/onnxruntime/fbs/runtime-optimization-record.js	4221	118	generated:node_modules	generated_or_vendor_ignore_for_dead_code	
demo/video-chat/frontend-vue/node_modules/onnxruntime-web/lib/onnxjs/ort-schema/flatbuffers/onnxruntime/fbs/runtime-optimization-record.js.map	3039	0	generated:node_modules	generated_or_vendor_ignore_for_dead_code	
demo/video-chat/frontend-vue/node_modules/onnxruntime-web/lib/onnxjs/ort-schema/flatbuffers/onnxruntime/fbs/runtime-optimization-record.ts	3633	95	generated:node_modules	generated_or_vendor_ignore_for_dead_code	
demo/video-chat/frontend-vue/node_modules/onnxruntime-web/lib/onnxjs/ort-schema/flatbuffers/onnxruntime/fbs/runtime-optimizations.js	3793	108	generated:node_modules	generated_or_vendor_ignore_for_dead_code	
demo/video-chat/frontend-vue/node_modules/onnxruntime-web/lib/onnxjs/ort-schema/flatbuffers/onnxruntime/fbs/runtime-optimizations.js.map	2493	0	generated:node_modules	generated_or_vendor_ignore_for_dead_code	
demo/video-chat/frontend-vue/node_modules/onnxruntime-web/lib/onnxjs/ort-schema/flatbuffers/onnxruntime/fbs/runtime-optimizations.ts	2922	84	generated:node_modules	generated_or_vendor_ignore_for_dead_code	
demo/video-chat/frontend-vue/node_modules/onnxruntime-web/lib/onnxjs/ort-schema/flatbuffers/onnxruntime/fbs/sequence-type.js	2933	88	generated:node_modules	generated_or_vendor_ignore_for_dead_code	
demo/video-chat/frontend-vue/node_modules/onnxruntime-web/lib/onnxjs/ort-schema/flatbuffers/onnxruntime/fbs/sequence-type.js.map	1726	0	generated:node_modules	generated_or_vendor_ignore_for_dead_code	
demo/video-chat/frontend-vue/node_modules/onnxruntime-web/lib/onnxjs/ort-schema/flatbuffers/onnxruntime/fbs/sequence-type.ts	1863	50	generated:node_modules	generated_or_vendor_ignore_for_dead_code	
demo/video-chat/frontend-vue/node_modules/onnxruntime-web/lib/onnxjs/ort-schema/flatbuffers/onnxruntime/fbs/shape.js	3289	105	generated:node_modules	generated_or_vendor_ignore_for_dead_code	
demo/video-chat/frontend-vue/node_modules/onnxruntime-web/lib/onnxjs/ort-schema/flatbuffers/onnxruntime/fbs/shape.js.map	2414	0	generated:node_modules	generated_or_vendor_ignore_for_dead_code	
demo/video-chat/frontend-vue/node_modules/onnxruntime-web/lib/onnxjs/ort-schema/flatbuffers/onnxruntime/fbs/shape.ts	2343	72	generated:node_modules	generated_or_vendor_ignore_for_dead_code	
demo/video-chat/frontend-vue/node_modules/onnxruntime-web/lib/onnxjs/ort-schema/flatbuffers/onnxruntime/fbs/sparse-tensor.js	3696	109	generated:node_modules	generated_or_vendor_ignore_for_dead_code	
demo/video-chat/frontend-vue/node_modules/onnxruntime-web/lib/onnxjs/ort-schema/flatbuffers/onnxruntime/fbs/sparse-tensor.js.map	3020	0	generated:node_modules	generated_or_vendor_ignore_for_dead_code	
demo/video-chat/frontend-vue/node_modules/onnxruntime-web/lib/onnxjs/ort-schema/flatbuffers/onnxruntime/fbs/sparse-tensor.ts	2797	79	generated:node_modules	generated_or_vendor_ignore_for_dead_code	
demo/video-chat/frontend-vue/node_modules/onnxruntime-web/lib/onnxjs/ort-schema/flatbuffers/onnxruntime/fbs/string-string-entry.js	3205	93	generated:node_modules	generated_or_vendor_ignore_for_dead_code	
demo/video-chat/frontend-vue/node_modules/onnxruntime-web/lib/onnxjs/ort-schema/flatbuffers/onnxruntime/fbs/string-string-entry.js.map	2109	0	generated:node_modules	generated_or_vendor_ignore_for_dead_code	
demo/video-chat/frontend-vue/node_modules/onnxruntime-web/lib/onnxjs/ort-schema/flatbuffers/onnxruntime/fbs/string-string-entry.ts	2508	69	generated:node_modules	generated_or_vendor_ignore_for_dead_code	
demo/video-chat/frontend-vue/node_modules/onnxruntime-web/lib/onnxjs/ort-schema/flatbuffers/onnxruntime/fbs/tensor-data-type.js	1829	30	generated:node_modules	generated_or_vendor_ignore_for_dead_code	
demo/video-chat/frontend-vue/node_modules/onnxruntime-web/lib/onnxjs/ort-schema/flatbuffers/onnxruntime/fbs/tensor-data-type.js.map	559	0	generated:node_modules	generated_or_vendor_ignore_for_dead_code	
demo/video-chat/frontend-vue/node_modules/onnxruntime-web/lib/onnxjs/ort-schema/flatbuffers/onnxruntime/fbs/tensor-data-type.ts	571	27	generated:node_modules	generated_or_vendor_ignore_for_dead_code	
demo/video-chat/frontend-vue/node_modules/onnxruntime-web/lib/onnxjs/ort-schema/flatbuffers/onnxruntime/fbs/tensor-type-and-shape.js	3153	89	generated:node_modules	generated_or_vendor_ignore_for_dead_code	
demo/video-chat/frontend-vue/node_modules/onnxruntime-web/lib/onnxjs/ort-schema/flatbuffers/onnxruntime/fbs/tensor-type-and-shape.js.map	1927	0	generated:node_modules	generated_or_vendor_ignore_for_dead_code	
demo/video-chat/frontend-vue/node_modules/onnxruntime-web/lib/onnxjs/ort-schema/flatbuffers/onnxruntime/fbs/tensor-type-and-shape.ts	2054	57	generated:node_modules	generated_or_vendor_ignore_for_dead_code	
demo/video-chat/frontend-vue/node_modules/onnxruntime-web/lib/onnxjs/ort-schema/flatbuffers/onnxruntime/fbs/tensor.js	6614	195	generated:node_modules	generated_or_vendor_ignore_for_dead_code	
demo/video-chat/frontend-vue/node_modules/onnxruntime-web/lib/onnxjs/ort-schema/flatbuffers/onnxruntime/fbs/tensor.js.map	6713	0	generated:node_modules	generated_or_vendor_ignore_for_dead_code	
demo/video-chat/frontend-vue/node_modules/onnxruntime-web/lib/onnxjs/ort-schema/flatbuffers/onnxruntime/fbs/tensor.ts	6704	187	generated:node_modules	generated_or_vendor_ignore_for_dead_code	
demo/video-chat/frontend-vue/node_modules/onnxruntime-web/lib/onnxjs/ort-schema/flatbuffers/onnxruntime/fbs/type-info-value.js	2014	46	generated:node_modules	generated_or_vendor_ignore_for_dead_code	
demo/video-chat/frontend-vue/node_modules/onnxruntime-web/lib/onnxjs/ort-schema/flatbuffers/onnxruntime/fbs/type-info-value.js.map	1072	0	generated:node_modules	generated_or_vendor_ignore_for_dead_code	
demo/video-chat/frontend-vue/node_modules/onnxruntime-web/lib/onnxjs/ort-schema/flatbuffers/onnxruntime/fbs/type-info-value.ts	1783	54	generated:node_modules	generated_or_vendor_ignore_for_dead_code	
demo/video-chat/frontend-vue/node_modules/onnxruntime-web/lib/onnxjs/ort-schema/flatbuffers/onnxruntime/fbs/type-info.js	3509	102	generated:node_modules	generated_or_vendor_ignore_for_dead_code	
demo/video-chat/frontend-vue/node_modules/onnxruntime-web/lib/onnxjs/ort-schema/flatbuffers/onnxruntime/fbs/type-info.js.map	2496	0	generated:node_modules	generated_or_vendor_ignore_for_dead_code	
demo/video-chat/frontend-vue/node_modules/onnxruntime-web/lib/onnxjs/ort-schema/flatbuffers/onnxruntime/fbs/type-info.ts	2710	77	generated:node_modules	generated_or_vendor_ignore_for_dead_code	
demo/video-chat/frontend-vue/node_modules/onnxruntime-web/lib/onnxjs/ort-schema/flatbuffers/onnxruntime/fbs/value-info.js	3213	97	generated:node_modules	generated_or_vendor_ignore_for_dead_code	
demo/video-chat/frontend-vue/node_modules/onnxruntime-web/lib/onnxjs/ort-schema/flatbuffers/onnxruntime/fbs/value-info.js.map	2243	0	generated:node_modules	generated_or_vendor_ignore_for_dead_code	
demo/video-chat/frontend-vue/node_modules/onnxruntime-web/lib/onnxjs/ort-schema/flatbuffers/onnxruntime/fbs/value-info.ts	2448	66	generated:node_modules	generated_or_vendor_ignore_for_dead_code	
demo/video-chat/frontend-vue/node_modules/onnxruntime-web/lib/onnxjs/ort-schema/flatbuffers/ort-generated.js	981	30	generated:node_modules	generated_or_vendor_ignore_for_dead_code	
demo/video-chat/frontend-vue/node_modules/onnxruntime-web/lib/onnxjs/ort-schema/flatbuffers/ort-generated.js.map	138	0	generated:node_modules	generated_or_vendor_ignore_for_dead_code	
demo/video-chat/frontend-vue/node_modules/onnxruntime-web/lib/onnxjs/ort-schema/flatbuffers/ort-generated.ts	35	1	generated:node_modules	generated_or_vendor_ignore_for_dead_code	
demo/video-chat/frontend-vue/node_modules/onnxruntime-web/lib/onnxjs/ort-schema/protobuf/README.md	749	21	generated:node_modules	generated_or_vendor_ignore_for_dead_code	
demo/video-chat/frontend-vue/node_modules/onnxruntime-web/lib/onnxjs/ort-schema/protobuf/onnx.d.ts	92696	2627	generated:node_modules	generated_or_vendor_ignore_for_dead_code	
demo/video-chat/frontend-vue/node_modules/onnxruntime-web/lib/onnxjs/ort-schema/protobuf/onnx.js	303409	7391	generated:node_modules	generated_or_vendor_ignore_for_dead_code	
demo/video-chat/frontend-vue/node_modules/onnxruntime-web/lib/onnxjs/session-handler-inference.ts	1919	60	generated:node_modules	generated_or_vendor_ignore_for_dead_code	
demo/video-chat/frontend-vue/node_modules/onnxruntime-web/lib/onnxjs/session.js	7792	194	generated:node_modules	generated_or_vendor_ignore_for_dead_code	
demo/video-chat/frontend-vue/node_modules/onnxruntime-web/lib/onnxjs/session.js.map	7215	0	generated:node_modules	generated_or_vendor_ignore_for_dead_code	
demo/video-chat/frontend-vue/node_modules/onnxruntime-web/lib/onnxjs/session.ts	9131	270	generated:node_modules	generated_or_vendor_ignore_for_dead_code	
demo/video-chat/frontend-vue/node_modules/onnxruntime-web/lib/onnxjs/tensor.js	15149	466	generated:node_modules	generated_or_vendor_ignore_for_dead_code	
demo/video-chat/frontend-vue/node_modules/onnxruntime-web/lib/onnxjs/tensor.js.map	11786	0	generated:node_modules	generated_or_vendor_ignore_for_dead_code	
demo/video-chat/frontend-vue/node_modules/onnxruntime-web/lib/onnxjs/tensor.ts	15190	500	generated:node_modules	generated_or_vendor_ignore_for_dead_code	
demo/video-chat/frontend-vue/node_modules/onnxruntime-web/lib/onnxjs/util.js	42724	1177	generated:node_modules	generated_or_vendor_ignore_for_dead_code	
demo/video-chat/frontend-vue/node_modules/onnxruntime-web/lib/onnxjs/util.js.map	33860	0	generated:node_modules	generated_or_vendor_ignore_for_dead_code	
demo/video-chat/frontend-vue/node_modules/onnxruntime-web/lib/onnxjs/util.ts	45893	1402	generated:node_modules	generated_or_vendor_ignore_for_dead_code	
demo/video-chat/frontend-vue/node_modules/onnxruntime-web/lib/version.ts	254	7	generated:node_modules	generated_or_vendor_ignore_for_dead_code	
demo/video-chat/frontend-vue/node_modules/onnxruntime-web/lib/wasm/jsep/backend-webgpu.ts	34953	934	generated:node_modules	generated_or_vendor_ignore_for_dead_code	fallback
demo/video-chat/frontend-vue/node_modules/onnxruntime-web/lib/wasm/jsep/backend-webnn.ts	14786	432	generated:node_modules	generated_or_vendor_ignore_for_dead_code	
demo/video-chat/frontend-vue/node_modules/onnxruntime-web/lib/wasm/jsep/init.ts	11336	303	generated:node_modules	generated_or_vendor_ignore_for_dead_code	
demo/video-chat/frontend-vue/node_modules/onnxruntime-web/lib/wasm/jsep/log.ts	1390	46	generated:node_modules	generated_or_vendor_ignore_for_dead_code	
demo/video-chat/frontend-vue/node_modules/onnxruntime-web/lib/wasm/jsep/tensor-view.ts	1466	60	generated:node_modules	generated_or_vendor_ignore_for_dead_code	
demo/video-chat/frontend-vue/node_modules/onnxruntime-web/lib/wasm/jsep/util.ts	17444	557	generated:node_modules	generated_or_vendor_ignore_for_dead_code	
demo/video-chat/frontend-vue/node_modules/onnxruntime-web/lib/wasm/jsep/webgpu/attribute-with-cache-key.ts	865	30	generated:node_modules	generated_or_vendor_ignore_for_dead_code	
demo/video-chat/frontend-vue/node_modules/onnxruntime-web/lib/wasm/jsep/webgpu/gpu-data-manager.ts	16179	494	generated:node_modules	generated_or_vendor_ignore_for_dead_code	
demo/video-chat/frontend-vue/node_modules/onnxruntime-web/lib/wasm/jsep/webgpu/op-resolve-rules.ts	7218	162	generated:node_modules	generated_or_vendor_ignore_for_dead_code	
demo/video-chat/frontend-vue/node_modules/onnxruntime-web/lib/wasm/jsep/webgpu/ops/3rd-party/activation_util.ts	1325	39	generated:node_modules	generated_or_vendor_ignore_for_dead_code	
demo/video-chat/frontend-vue/node_modules/onnxruntime-web/lib/wasm/jsep/webgpu/ops/3rd-party/conv2d_mm_webgpu.ts	13108	342	generated:node_modules	generated_or_vendor_ignore_for_dead_code	
demo/video-chat/frontend-vue/node_modules/onnxruntime-web/lib/wasm/jsep/webgpu/ops/3rd-party/conv3d_naive_webgpu.ts	19399	504	generated:node_modules	generated_or_vendor_ignore_for_dead_code	
demo/video-chat/frontend-vue/node_modules/onnxruntime-web/lib/wasm/jsep/webgpu/ops/3rd-party/conv_backprop_mm_webgpu.ts	12210	306	generated:node_modules	generated_or_vendor_ignore_for_dead_code	
demo/video-chat/frontend-vue/node_modules/onnxruntime-web/lib/wasm/jsep/webgpu/ops/3rd-party/conv_backprop_webgpu.ts	13406	287	generated:node_modules	generated_or_vendor_ignore_for_dead_code	
demo/video-chat/frontend-vue/node_modules/onnxruntime-web/lib/wasm/jsep/webgpu/ops/3rd-party/conv_util.ts	1212	31	generated:node_modules	generated_or_vendor_ignore_for_dead_code	
demo/video-chat/frontend-vue/node_modules/onnxruntime-web/lib/wasm/jsep/webgpu/ops/3rd-party/matmul_packed_webgpu.ts	21966	555	generated:node_modules	generated_or_vendor_ignore_for_dead_code	
demo/video-chat/frontend-vue/node_modules/onnxruntime-web/lib/wasm/jsep/webgpu/ops/argminmax.ts	3404	101	generated:node_modules	generated_or_vendor_ignore_for_dead_code	
demo/video-chat/frontend-vue/node_modules/onnxruntime-web/lib/wasm/jsep/webgpu/ops/attention.ts	39936	1024	generated:node_modules	generated_or_vendor_ignore_for_dead_code	
demo/video-chat/frontend-vue/node_modules/onnxruntime-web/lib/wasm/jsep/webgpu/ops/batch-norm.ts	6696	153	generated:node_modules	generated_or_vendor_ignore_for_dead_code	
demo/video-chat/frontend-vue/node_modules/onnxruntime-web/lib/wasm/jsep/webgpu/ops/bias-add.ts	2312	65	generated:node_modules	generated_or_vendor_ignore_for_dead_code	
demo/video-chat/frontend-vue/node_modules/onnxruntime-web/lib/wasm/jsep/webgpu/ops/bias-split-gelu.ts	2641	73	generated:node_modules	generated_or_vendor_ignore_for_dead_code	
demo/video-chat/frontend-vue/node_modules/onnxruntime-web/lib/wasm/jsep/webgpu/ops/binary-op.ts	11373	341	generated:node_modules	generated_or_vendor_ignore_for_dead_code	
demo/video-chat/frontend-vue/node_modules/onnxruntime-web/lib/wasm/jsep/webgpu/ops/common.ts	35184	1011	generated:node_modules	generated_or_vendor_ignore_for_dead_code	
demo/video-chat/frontend-vue/node_modules/onnxruntime-web/lib/wasm/jsep/webgpu/ops/concat.ts	6157	163	generated:node_modules	generated_or_vendor_ignore_for_dead_code	
demo/video-chat/frontend-vue/node_modules/onnxruntime-web/lib/wasm/jsep/webgpu/ops/conv-grouped.ts	11487	269	generated:node_modules	generated_or_vendor_ignore_for_dead_code	
demo/video-chat/frontend-vue/node_modules/onnxruntime-web/lib/wasm/jsep/webgpu/ops/conv-transpose.ts	11968	314	generated:node_modules	generated_or_vendor_ignore_for_dead_code	
demo/video-chat/frontend-vue/node_modules/onnxruntime-web/lib/wasm/jsep/webgpu/ops/conv.ts	15827	421	generated:node_modules	generated_or_vendor_ignore_for_dead_code	
demo/video-chat/frontend-vue/node_modules/onnxruntime-web/lib/wasm/jsep/webgpu/ops/cumsum.ts	3661	79	generated:node_modules	generated_or_vendor_ignore_for_dead_code	
demo/video-chat/frontend-vue/node_modules/onnxruntime-web/lib/wasm/jsep/webgpu/ops/depth-to-space.ts	4695	118	generated:node_modules	generated_or_vendor_ignore_for_dead_code	
demo/video-chat/frontend-vue/node_modules/onnxruntime-web/lib/wasm/jsep/webgpu/ops/einsum.ts	13242	314	generated:node_modules	generated_or_vendor_ignore_for_dead_code	
demo/video-chat/frontend-vue/node_modules/onnxruntime-web/lib/wasm/jsep/webgpu/ops/expand.ts	4947	116	generated:node_modules	generated_or_vendor_ignore_for_dead_code	
demo/video-chat/frontend-vue/node_modules/onnxruntime-web/lib/wasm/jsep/webgpu/ops/fast-gelu.ts	3022	81	generated:node_modules	generated_or_vendor_ignore_for_dead_code	
demo/video-chat/frontend-vue/node_modules/onnxruntime-web/lib/wasm/jsep/webgpu/ops/fuse-utils.ts	3524	94	generated:node_modules	generated_or_vendor_ignore_for_dead_code	
demo/video-chat/frontend-vue/node_modules/onnxruntime-web/lib/wasm/jsep/webgpu/ops/gather-block-quantized.ts	9009	196	generated:node_modules	generated_or_vendor_ignore_for_dead_code	
demo/video-chat/frontend-vue/node_modules/onnxruntime-web/lib/wasm/jsep/webgpu/ops/gather-elements.ts	4115	103	generated:node_modules	generated_or_vendor_ignore_for_dead_code	
demo/video-chat/frontend-vue/node_modules/onnxruntime-web/lib/wasm/jsep/webgpu/ops/gather-nd.ts	7103	179	generated:node_modules	generated_or_vendor_ignore_for_dead_code	
demo/video-chat/frontend-vue/node_modules/onnxruntime-web/lib/wasm/jsep/webgpu/ops/gather.ts	5383	133	generated:node_modules	generated_or_vendor_ignore_for_dead_code	
demo/video-chat/frontend-vue/node_modules/onnxruntime-web/lib/wasm/jsep/webgpu/ops/gemm.ts	11314	321	generated:node_modules	generated_or_vendor_ignore_for_dead_code	
demo/video-chat/frontend-vue/node_modules/onnxruntime-web/lib/wasm/jsep/webgpu/ops/grid-sample.ts	10151	281	generated:node_modules	generated_or_vendor_ignore_for_dead_code	
demo/video-chat/frontend-vue/node_modules/onnxruntime-web/lib/wasm/jsep/webgpu/ops/group-query-attention.ts	16062	405	generated:node_modules	generated_or_vendor_ignore_for_dead_code	
demo/video-chat/frontend-vue/node_modules/onnxruntime-web/lib/wasm/jsep/webgpu/ops/instance-norm.ts	10276	275	generated:node_modules	generated_or_vendor_ignore_for_dead_code	
demo/video-chat/frontend-vue/node_modules/onnxruntime-web/lib/wasm/jsep/webgpu/ops/layer-norm.ts	5657	155	generated:node_modules	generated_or_vendor_ignore_for_dead_code	
demo/video-chat/frontend-vue/node_modules/onnxruntime-web/lib/wasm/jsep/webgpu/ops/matmul-shaders.ts	7412	191	generated:node_modules	generated_or_vendor_ignore_for_dead_code	
demo/video-chat/frontend-vue/node_modules/onnxruntime-web/lib/wasm/jsep/webgpu/ops/matmul.ts	2044	48	generated:node_modules	generated_or_vendor_ignore_for_dead_code	
demo/video-chat/frontend-vue/node_modules/onnxruntime-web/lib/wasm/jsep/webgpu/ops/matmulnbits.ts	23385	501	generated:node_modules	generated_or_vendor_ignore_for_dead_code	
demo/video-chat/frontend-vue/node_modules/onnxruntime-web/lib/wasm/jsep/webgpu/ops/multihead-attention.ts	15875	434	generated:node_modules	generated_or_vendor_ignore_for_dead_code	
demo/video-chat/frontend-vue/node_modules/onnxruntime-web/lib/wasm/jsep/webgpu/ops/pad.ts	8797	250	generated:node_modules	generated_or_vendor_ignore_for_dead_code	
demo/video-chat/frontend-vue/node_modules/onnxruntime-web/lib/wasm/jsep/webgpu/ops/pool.ts	19024	513	generated:node_modules	generated_or_vendor_ignore_for_dead_code	
demo/video-chat/frontend-vue/node_modules/onnxruntime-web/lib/wasm/jsep/webgpu/ops/quantize-linear.ts	11068	234	generated:node_modules	generated_or_vendor_ignore_for_dead_code	
demo/video-chat/frontend-vue/node_modules/onnxruntime-web/lib/wasm/jsep/webgpu/ops/range.ts	3052	84	generated:node_modules	generated_or_vendor_ignore_for_dead_code	keyframe_delta
demo/video-chat/frontend-vue/node_modules/onnxruntime-web/lib/wasm/jsep/webgpu/ops/reduce-shared.ts	9611	290	generated:node_modules	generated_or_vendor_ignore_for_dead_code	
demo/video-chat/frontend-vue/node_modules/onnxruntime-web/lib/wasm/jsep/webgpu/ops/reduce.ts	13910	412	generated:node_modules	generated_or_vendor_ignore_for_dead_code	
demo/video-chat/frontend-vue/node_modules/onnxruntime-web/lib/wasm/jsep/webgpu/ops/resize.ts	34389	840	generated:node_modules	generated_or_vendor_ignore_for_dead_code	
demo/video-chat/frontend-vue/node_modules/onnxruntime-web/lib/wasm/jsep/webgpu/ops/rotary-embedding.ts	8147	184	generated:node_modules	generated_or_vendor_ignore_for_dead_code	
demo/video-chat/frontend-vue/node_modules/onnxruntime-web/lib/wasm/jsep/webgpu/ops/scatter-nd.ts	6518	177	generated:node_modules	generated_or_vendor_ignore_for_dead_code	
demo/video-chat/frontend-vue/node_modules/onnxruntime-web/lib/wasm/jsep/webgpu/ops/skip-layer-norm.ts	9018	242	generated:node_modules	generated_or_vendor_ignore_for_dead_code	
demo/video-chat/frontend-vue/node_modules/onnxruntime-web/lib/wasm/jsep/webgpu/ops/slice.ts	8637	228	generated:node_modules	generated_or_vendor_ignore_for_dead_code	
demo/video-chat/frontend-vue/node_modules/onnxruntime-web/lib/wasm/jsep/webgpu/ops/softmax.ts	6921	192	generated:node_modules	generated_or_vendor_ignore_for_dead_code	
demo/video-chat/frontend-vue/node_modules/onnxruntime-web/lib/wasm/jsep/webgpu/ops/split.ts	5786	146	generated:node_modules	generated_or_vendor_ignore_for_dead_code	
demo/video-chat/frontend-vue/node_modules/onnxruntime-web/lib/wasm/jsep/webgpu/ops/tile.ts	3681	97	generated:node_modules	generated_or_vendor_ignore_for_dead_code	
demo/video-chat/frontend-vue/node_modules/onnxruntime-web/lib/wasm/jsep/webgpu/ops/transpose.ts	8311	203	generated:node_modules	generated_or_vendor_ignore_for_dead_code	
demo/video-chat/frontend-vue/node_modules/onnxruntime-web/lib/wasm/jsep/webgpu/ops/unary-op.ts	15137	461	generated:node_modules	generated_or_vendor_ignore_for_dead_code	
demo/video-chat/frontend-vue/node_modules/onnxruntime-web/lib/wasm/jsep/webgpu/ops/where.ts	4851	115	generated:node_modules	generated_or_vendor_ignore_for_dead_code	
demo/video-chat/frontend-vue/node_modules/onnxruntime-web/lib/wasm/jsep/webgpu/program-manager.ts	5811	147	generated:node_modules	generated_or_vendor_ignore_for_dead_code	
demo/video-chat/frontend-vue/node_modules/onnxruntime-web/lib/wasm/jsep/webgpu/types.ts	6090	192	generated:node_modules	generated_or_vendor_ignore_for_dead_code	
demo/video-chat/frontend-vue/node_modules/onnxruntime-web/lib/wasm/jsep/webnn/tensor-manager.ts	20198	615	generated:node_modules	generated_or_vendor_ignore_for_dead_code	fallback
demo/video-chat/frontend-vue/node_modules/onnxruntime-web/lib/wasm/jsep/webnn/webnn.d.ts	13725	467	generated:node_modules	generated_or_vendor_ignore_for_dead_code	
demo/video-chat/frontend-vue/node_modules/onnxruntime-web/lib/wasm/proxy-messages.ts	3282	118	generated:node_modules	generated_or_vendor_ignore_for_dead_code	
demo/video-chat/frontend-vue/node_modules/onnxruntime-web/lib/wasm/proxy-worker/main.ts	7322	194	generated:node_modules	generated_or_vendor_ignore_for_dead_code	
demo/video-chat/frontend-vue/node_modules/onnxruntime-web/lib/wasm/proxy-wrapper.ts	9611	270	generated:node_modules	generated_or_vendor_ignore_for_dead_code	
demo/video-chat/frontend-vue/node_modules/onnxruntime-web/lib/wasm/run-options.ts	2449	72	generated:node_modules	generated_or_vendor_ignore_for_dead_code	
demo/video-chat/frontend-vue/node_modules/onnxruntime-web/lib/wasm/session-handler-inference.ts	5211	154	generated:node_modules	generated_or_vendor_ignore_for_dead_code	
demo/video-chat/frontend-vue/node_modules/onnxruntime-web/lib/wasm/session-options.ts	10896	286	generated:node_modules	generated_or_vendor_ignore_for_dead_code	fallback
demo/video-chat/frontend-vue/node_modules/onnxruntime-web/lib/wasm/wasm-common.ts	6956	285	generated:node_modules	generated_or_vendor_ignore_for_dead_code	
demo/video-chat/frontend-vue/node_modules/onnxruntime-web/lib/wasm/wasm-core-impl.ts	43752	1131	generated:node_modules	generated_or_vendor_ignore_for_dead_code	fallback
demo/video-chat/frontend-vue/node_modules/onnxruntime-web/lib/wasm/wasm-factory.ts	9085	269	generated:node_modules	generated_or_vendor_ignore_for_dead_code	capabilities
demo/video-chat/frontend-vue/node_modules/onnxruntime-web/lib/wasm/wasm-types.ts	19021	494	generated:node_modules	generated_or_vendor_ignore_for_dead_code	
demo/video-chat/frontend-vue/node_modules/onnxruntime-web/lib/wasm/wasm-utils-env.ts	200	4	generated:node_modules	generated_or_vendor_ignore_for_dead_code	
demo/video-chat/frontend-vue/node_modules/onnxruntime-web/lib/wasm/wasm-utils-import.ts	12128	307	generated:node_modules	generated_or_vendor_ignore_for_dead_code	fallback
demo/video-chat/frontend-vue/node_modules/onnxruntime-web/lib/wasm/wasm-utils-load-file.ts	3064	86	generated:node_modules	generated_or_vendor_ignore_for_dead_code	
demo/video-chat/frontend-vue/node_modules/onnxruntime-web/lib/wasm/wasm-utils.ts	2254	68	generated:node_modules	generated_or_vendor_ignore_for_dead_code	
demo/video-chat/frontend-vue/node_modules/onnxruntime-web/package.json	4599	130	generated:node_modules	generated_or_vendor_ignore_for_dead_code	
demo/video-chat/frontend-vue/node_modules/onnxruntime-web/types.d.ts	564	26	generated:node_modules	generated_or_vendor_ignore_for_dead_code	
demo/video-chat/frontend-vue/node_modules/perfect-debounce/LICENSE	1078	21	generated:node_modules	generated_or_vendor_ignore_for_dead_code	
demo/video-chat/frontend-vue/node_modules/perfect-debounce/README.md	2596	92	generated:node_modules	generated_or_vendor_ignore_for_dead_code	
demo/video-chat/frontend-vue/node_modules/perfect-debounce/dist/index.cjs	1572	59	generated:node_modules	generated_or_vendor_ignore_for_dead_code	
demo/video-chat/frontend-vue/node_modules/perfect-debounce/dist/index.d.ts	1266	34	generated:node_modules	generated_or_vendor_ignore_for_dead_code	
demo/video-chat/frontend-vue/node_modules/perfect-debounce/dist/index.mjs	1549	57	generated:node_modules	generated_or_vendor_ignore_for_dead_code	
demo/video-chat/frontend-vue/node_modules/perfect-debounce/package.json	1178	44	generated:node_modules	generated_or_vendor_ignore_for_dead_code	
demo/video-chat/frontend-vue/node_modules/picocolors/LICENSE	787	15	generated:node_modules	generated_or_vendor_ignore_for_dead_code	
demo/video-chat/frontend-vue/node_modules/picocolors/README.md	622	21	generated:node_modules	generated_or_vendor_ignore_for_dead_code	
demo/video-chat/frontend-vue/node_modules/picocolors/package.json	552	25	generated:node_modules	generated_or_vendor_ignore_for_dead_code	
demo/video-chat/frontend-vue/node_modules/picocolors/picocolors.browser.js	598	4	generated:node_modules	generated_or_vendor_ignore_for_dead_code	
demo/video-chat/frontend-vue/node_modules/picocolors/picocolors.d.ts	138	5	generated:node_modules	generated_or_vendor_ignore_for_dead_code	
demo/video-chat/frontend-vue/node_modules/picocolors/picocolors.js	2663	75	generated:node_modules	generated_or_vendor_ignore_for_dead_code	
demo/video-chat/frontend-vue/node_modules/picocolors/types.d.ts	1013	51	generated:node_modules	generated_or_vendor_ignore_for_dead_code	
demo/video-chat/frontend-vue/node_modules/picomatch/LICENSE	1091	21	generated:node_modules	generated_or_vendor_ignore_for_dead_code	
demo/video-chat/frontend-vue/node_modules/picomatch/README.md	28332	749	generated:node_modules	generated_or_vendor_ignore_for_dead_code	
demo/video-chat/frontend-vue/node_modules/picomatch/index.js	479	17	generated:node_modules	generated_or_vendor_ignore_for_dead_code	
demo/video-chat/frontend-vue/node_modules/picomatch/lib/constants.js	4552	184	generated:node_modules	generated_or_vendor_ignore_for_dead_code	
demo/video-chat/frontend-vue/node_modules/picomatch/lib/parse.js	33731	1386	generated:node_modules	generated_or_vendor_ignore_for_dead_code	
demo/video-chat/frontend-vue/node_modules/picomatch/lib/picomatch.js	10091	349	generated:node_modules	generated_or_vendor_ignore_for_dead_code	
demo/video-chat/frontend-vue/node_modules/picomatch/lib/scan.js	9189	391	generated:node_modules	generated_or_vendor_ignore_for_dead_code	
demo/video-chat/frontend-vue/node_modules/picomatch/lib/utils.js	1994	72	generated:node_modules	generated_or_vendor_ignore_for_dead_code	
demo/video-chat/frontend-vue/node_modules/picomatch/package.json	1896	82	generated:node_modules	generated_or_vendor_ignore_for_dead_code	
demo/video-chat/frontend-vue/node_modules/picomatch/posix.js	60	3	generated:node_modules	generated_or_vendor_ignore_for_dead_code	
demo/video-chat/frontend-vue/node_modules/pinia/LICENSE	1100	21	generated:node_modules	generated_or_vendor_ignore_for_dead_code	
demo/video-chat/frontend-vue/node_modules/pinia/README.md	671	24	generated:node_modules	generated_or_vendor_ignore_for_dead_code	
demo/video-chat/frontend-vue/node_modules/pinia/dist/pinia.cjs	73889	1957	generated:node_modules	generated_or_vendor_ignore_for_dead_code	fallback
demo/video-chat/frontend-vue/node_modules/pinia/dist/pinia.d.ts	37648	1037	generated:node_modules	generated_or_vendor_ignore_for_dead_code	
demo/video-chat/frontend-vue/node_modules/pinia/dist/pinia.esm-browser.js	71395	1932	generated:node_modules	generated_or_vendor_ignore_for_dead_code	fallback
demo/video-chat/frontend-vue/node_modules/pinia/dist/pinia.iife.js	75723	1950	generated:node_modules	generated_or_vendor_ignore_for_dead_code	fallback
demo/video-chat/frontend-vue/node_modules/pinia/dist/pinia.iife.prod.js	5296	7	generated:node_modules	generated_or_vendor_ignore_for_dead_code	
demo/video-chat/frontend-vue/node_modules/pinia/dist/pinia.mjs	73756	1941	generated:node_modules	generated_or_vendor_ignore_for_dead_code	fallback
demo/video-chat/frontend-vue/node_modules/pinia/dist/pinia.prod.cjs	25395	719	generated:node_modules	generated_or_vendor_ignore_for_dead_code	fallback
demo/video-chat/frontend-vue/node_modules/pinia/index.cjs	169	7	generated:node_modules	generated_or_vendor_ignore_for_dead_code	
demo/video-chat/frontend-vue/node_modules/pinia/node_modules/@vue/devtools-api/LICENSE	1067	21	generated:node_modules	generated_or_vendor_ignore_for_dead_code	
demo/video-chat/frontend-vue/node_modules/pinia/node_modules/@vue/devtools-api/README.md	187	7	generated:node_modules	generated_or_vendor_ignore_for_dead_code	
demo/video-chat/frontend-vue/node_modules/pinia/node_modules/@vue/devtools-api/dist/index.cjs	1700	42	generated:node_modules	generated_or_vendor_ignore_for_dead_code	
demo/video-chat/frontend-vue/node_modules/pinia/node_modules/@vue/devtools-api/dist/index.d.cts	228	1	generated:node_modules	generated_or_vendor_ignore_for_dead_code	
demo/video-chat/frontend-vue/node_modules/pinia/node_modules/@vue/devtools-api/dist/index.d.ts	228	1	generated:node_modules	generated_or_vendor_ignore_for_dead_code	
demo/video-chat/frontend-vue/node_modules/pinia/node_modules/@vue/devtools-api/dist/index.js	425	19	generated:node_modules	generated_or_vendor_ignore_for_dead_code	
demo/video-chat/frontend-vue/node_modules/pinia/node_modules/@vue/devtools-api/package.json	686	32	generated:node_modules	generated_or_vendor_ignore_for_dead_code	
demo/video-chat/frontend-vue/node_modules/pinia/package.json	2319	94	generated:node_modules	generated_or_vendor_ignore_for_dead_code	
demo/video-chat/frontend-vue/node_modules/platform/LICENSE	1095	21	generated:node_modules	generated_or_vendor_ignore_for_dead_code	
demo/video-chat/frontend-vue/node_modules/platform/README.md	2249	76	generated:node_modules	generated_or_vendor_ignore_for_dead_code	
demo/video-chat/frontend-vue/node_modules/platform/package.json	1013	30	generated:node_modules	generated_or_vendor_ignore_for_dead_code	
demo/video-chat/frontend-vue/node_modules/platform/platform.js	42695	1260	generated:node_modules	generated_or_vendor_ignore_for_dead_code	capabilities
demo/video-chat/frontend-vue/node_modules/playwright-core/LICENSE	11601	202	generated:node_modules	generated_or_vendor_ignore_for_dead_code	
demo/video-chat/frontend-vue/node_modules/playwright-core/NOTICE	254	5	generated:node_modules	generated_or_vendor_ignore_for_dead_code	
demo/video-chat/frontend-vue/node_modules/playwright-core/README.md	120	3	generated:node_modules	generated_or_vendor_ignore_for_dead_code	
demo/video-chat/frontend-vue/node_modules/playwright-core/ThirdPartyNotices.txt	180351	3552	generated:node_modules	generated_or_vendor_ignore_for_dead_code	
demo/video-chat/frontend-vue/node_modules/playwright-core/bin/install_media_pack.ps1	174	5	generated:node_modules	generated_or_vendor_ignore_for_dead_code	
demo/video-chat/frontend-vue/node_modules/playwright-core/bin/install_webkit_wsl.ps1	1464	33	generated:node_modules	generated_or_vendor_ignore_for_dead_code	
demo/video-chat/frontend-vue/node_modules/playwright-core/bin/reinstall_chrome_beta_linux.sh	1214	42	generated:node_modules	generated_or_vendor_ignore_for_dead_code	
demo/video-chat/frontend-vue/node_modules/playwright-core/bin/reinstall_chrome_beta_mac.sh	560	13	generated:node_modules	generated_or_vendor_ignore_for_dead_code	
demo/video-chat/frontend-vue/node_modules/playwright-core/bin/reinstall_chrome_beta_win.ps1	957	24	generated:node_modules	generated_or_vendor_ignore_for_dead_code	
demo/video-chat/frontend-vue/node_modules/playwright-core/bin/reinstall_chrome_stable_linux.sh	1209	42	generated:node_modules	generated_or_vendor_ignore_for_dead_code	
demo/video-chat/frontend-vue/node_modules/playwright-core/bin/reinstall_chrome_stable_mac.sh	516	12	generated:node_modules	generated_or_vendor_ignore_for_dead_code	
demo/video-chat/frontend-vue/node_modules/playwright-core/bin/reinstall_chrome_stable_win.ps1	923	24	generated:node_modules	generated_or_vendor_ignore_for_dead_code	
demo/video-chat/frontend-vue/node_modules/playwright-core/bin/reinstall_msedge_beta_linux.sh	1491	48	generated:node_modules	generated_or_vendor_ignore_for_dead_code	
demo/video-chat/frontend-vue/node_modules/playwright-core/bin/reinstall_msedge_beta_mac.sh	374	11	generated:node_modules	generated_or_vendor_ignore_for_dead_code	
demo/video-chat/frontend-vue/node_modules/playwright-core/bin/reinstall_msedge_beta_win.ps1	874	23	generated:node_modules	generated_or_vendor_ignore_for_dead_code	
demo/video-chat/frontend-vue/node_modules/playwright-core/bin/reinstall_msedge_dev_linux.sh	1486	48	generated:node_modules	generated_or_vendor_ignore_for_dead_code	
demo/video-chat/frontend-vue/node_modules/playwright-core/bin/reinstall_msedge_dev_mac.sh	369	11	generated:node_modules	generated_or_vendor_ignore_for_dead_code	
demo/video-chat/frontend-vue/node_modules/playwright-core/bin/reinstall_msedge_dev_win.ps1	869	23	generated:node_modules	generated_or_vendor_ignore_for_dead_code	
demo/video-chat/frontend-vue/node_modules/playwright-core/bin/reinstall_msedge_stable_linux.sh	1504	48	generated:node_modules	generated_or_vendor_ignore_for_dead_code	
demo/video-chat/frontend-vue/node_modules/playwright-core/bin/reinstall_msedge_stable_mac.sh	368	11	generated:node_modules	generated_or_vendor_ignore_for_dead_code	
demo/video-chat/frontend-vue/node_modules/playwright-core/bin/reinstall_msedge_stable_win.ps1	856	24	generated:node_modules	generated_or_vendor_ignore_for_dead_code	
demo/video-chat/frontend-vue/node_modules/playwright-core/browsers.json	1941	81	generated:node_modules	generated_or_vendor_ignore_for_dead_code	
demo/video-chat/frontend-vue/node_modules/playwright-core/cli.js	713	18	generated:node_modules	generated_or_vendor_ignore_for_dead_code	
demo/video-chat/frontend-vue/node_modules/playwright-core/index.d.ts	634	17	generated:node_modules	generated_or_vendor_ignore_for_dead_code	
demo/video-chat/frontend-vue/node_modules/playwright-core/index.js	1095	32	generated:node_modules	generated_or_vendor_ignore_for_dead_code	
demo/video-chat/frontend-vue/node_modules/playwright-core/index.mjs	1063	28	generated:node_modules	generated_or_vendor_ignore_for_dead_code	
demo/video-chat/frontend-vue/node_modules/playwright-core/lib/androidServerImpl.js	3036	65	generated:node_modules	generated_or_vendor_ignore_for_dead_code	
demo/video-chat/frontend-vue/node_modules/playwright-core/lib/bootstrap.js	3100	77	generated:node_modules	generated_or_vendor_ignore_for_dead_code	
demo/video-chat/frontend-vue/node_modules/playwright-core/lib/browserServerImpl.js	6063	120	generated:node_modules	generated_or_vendor_ignore_for_dead_code	
demo/video-chat/frontend-vue/node_modules/playwright-core/lib/cli/browserActions.js	11567	308	generated:node_modules	generated_or_vendor_ignore_for_dead_code	
demo/video-chat/frontend-vue/node_modules/playwright-core/lib/cli/driver.js	4253	98	generated:node_modules	generated_or_vendor_ignore_for_dead_code	
demo/video-chat/frontend-vue/node_modules/playwright-core/lib/cli/installActions.js	7504	171	generated:node_modules	generated_or_vendor_ignore_for_dead_code	fallback
demo/video-chat/frontend-vue/node_modules/playwright-core/lib/cli/program.js	13017	225	generated:node_modules	generated_or_vendor_ignore_for_dead_code	
demo/video-chat/frontend-vue/node_modules/playwright-core/lib/cli/programWithTestStub.js	3192	74	generated:node_modules	generated_or_vendor_ignore_for_dead_code	security
demo/video-chat/frontend-vue/node_modules/playwright-core/lib/client/android.js	13652	361	generated:node_modules	generated_or_vendor_ignore_for_dead_code	reconnect
demo/video-chat/frontend-vue/node_modules/playwright-core/lib/client/api.js	4756	137	generated:node_modules	generated_or_vendor_ignore_for_dead_code	
demo/video-chat/frontend-vue/node_modules/playwright-core/lib/client/artifact.js	2756	79	generated:node_modules	generated_or_vendor_ignore_for_dead_code	
demo/video-chat/frontend-vue/node_modules/playwright-core/lib/client/browser.js	6367	169	generated:node_modules	generated_or_vendor_ignore_for_dead_code	
demo/video-chat/frontend-vue/node_modules/playwright-core/lib/client/browserContext.js	25028	563	generated:node_modules	generated_or_vendor_ignore_for_dead_code	background,fallback
demo/video-chat/frontend-vue/node_modules/playwright-core/lib/client/browserType.js	7629	153	generated:node_modules	generated_or_vendor_ignore_for_dead_code	
demo/video-chat/frontend-vue/node_modules/playwright-core/lib/client/cdpSession.js	1900	55	generated:node_modules	generated_or_vendor_ignore_for_dead_code	
demo/video-chat/frontend-vue/node_modules/playwright-core/lib/client/channelOwner.js	7712	194	generated:node_modules	generated_or_vendor_ignore_for_dead_code	
demo/video-chat/frontend-vue/node_modules/playwright-core/lib/client/clientHelper.js	2318	64	generated:node_modules	generated_or_vendor_ignore_for_dead_code	
demo/video-chat/frontend-vue/node_modules/playwright-core/lib/client/clientInstrumentation.js	1986	55	generated:node_modules	generated_or_vendor_ignore_for_dead_code	
demo/video-chat/frontend-vue/node_modules/playwright-core/lib/client/clientStackTrace.js	2525	69	generated:node_modules	generated_or_vendor_ignore_for_dead_code	
demo/video-chat/frontend-vue/node_modules/playwright-core/lib/client/clock.js	2316	68	generated:node_modules	generated_or_vendor_ignore_for_dead_code	
demo/video-chat/frontend-vue/node_modules/playwright-core/lib/client/connect.js	5211	143	generated:node_modules	generated_or_vendor_ignore_for_dead_code	
demo/video-chat/frontend-vue/node_modules/playwright-core/lib/client/connection.js	12623	322	generated:node_modules	generated_or_vendor_ignore_for_dead_code	
demo/video-chat/frontend-vue/node_modules/playwright-core/lib/client/consoleMessage.js	1757	61	generated:node_modules	generated_or_vendor_ignore_for_dead_code	
demo/video-chat/frontend-vue/node_modules/playwright-core/lib/client/coverage.js	1486	44	generated:node_modules	generated_or_vendor_ignore_for_dead_code	
demo/video-chat/frontend-vue/node_modules/playwright-core/lib/client/debugger.js	1881	57	generated:node_modules	generated_or_vendor_ignore_for_dead_code	
demo/video-chat/frontend-vue/node_modules/playwright-core/lib/client/dialog.js	1902	63	generated:node_modules	generated_or_vendor_ignore_for_dead_code	
demo/video-chat/frontend-vue/node_modules/playwright-core/lib/client/disposable.js	2203	76	generated:node_modules	generated_or_vendor_ignore_for_dead_code	
demo/video-chat/frontend-vue/node_modules/playwright-core/lib/client/download.js	1807	62	generated:node_modules	generated_or_vendor_ignore_for_dead_code	
demo/video-chat/frontend-vue/node_modules/playwright-core/lib/client/electron.js	6196	139	generated:node_modules	generated_or_vendor_ignore_for_dead_code	
demo/video-chat/frontend-vue/node_modules/playwright-core/lib/client/elementHandle.js	11649	281	generated:node_modules	generated_or_vendor_ignore_for_dead_code	
demo/video-chat/frontend-vue/node_modules/playwright-core/lib/client/errors.js	2683	77	generated:node_modules	generated_or_vendor_ignore_for_dead_code	
demo/video-chat/frontend-vue/node_modules/playwright-core/lib/client/eventEmitter.js	9931	314	generated:node_modules	generated_or_vendor_ignore_for_dead_code	
demo/video-chat/frontend-vue/node_modules/playwright-core/lib/client/events.js	2889	103	generated:node_modules	generated_or_vendor_ignore_for_dead_code	background
demo/video-chat/frontend-vue/node_modules/playwright-core/lib/client/fetch.js	13516	367	generated:node_modules	generated_or_vendor_ignore_for_dead_code	
demo/video-chat/frontend-vue/node_modules/playwright-core/lib/client/fileChooser.js	1474	46	generated:node_modules	generated_or_vendor_ignore_for_dead_code	
demo/video-chat/frontend-vue/node_modules/playwright-core/lib/client/fileUtils.js	1340	34	generated:node_modules	generated_or_vendor_ignore_for_dead_code	
demo/video-chat/frontend-vue/node_modules/playwright-core/lib/client/frame.js	19166	404	generated:node_modules	generated_or_vendor_ignore_for_dead_code	
demo/video-chat/frontend-vue/node_modules/playwright-core/lib/client/harRouter.js	3389	99	generated:node_modules	generated_or_vendor_ignore_for_dead_code	fallback
demo/video-chat/frontend-vue/node_modules/playwright-core/lib/client/input.js	2503	84	generated:node_modules	generated_or_vendor_ignore_for_dead_code	keyframe_delta
demo/video-chat/frontend-vue/node_modules/playwright-core/lib/client/jsHandle.js	3710	105	generated:node_modules	generated_or_vendor_ignore_for_dead_code	
demo/video-chat/frontend-vue/node_modules/playwright-core/lib/client/jsonPipe.js	1350	39	generated:node_modules	generated_or_vendor_ignore_for_dead_code	
demo/video-chat/frontend-vue/node_modules/playwright-core/lib/client/localUtils.js	2079	60	generated:node_modules	generated_or_vendor_ignore_for_dead_code	
demo/video-chat/frontend-vue/node_modules/playwright-core/lib/client/locator.js	15190	367	generated:node_modules	generated_or_vendor_ignore_for_dead_code	
demo/video-chat/frontend-vue/node_modules/playwright-core/lib/client/network.js	24897	750	generated:node_modules	generated_or_vendor_ignore_for_dead_code	reconnect,fallback
demo/video-chat/frontend-vue/node_modules/playwright-core/lib/client/page.js	30651	731	generated:node_modules	generated_or_vendor_ignore_for_dead_code	
demo/video-chat/frontend-vue/node_modules/playwright-core/lib/client/platform.js	2224	74	generated:node_modules	generated_or_vendor_ignore_for_dead_code	
demo/video-chat/frontend-vue/node_modules/playwright-core/lib/client/playwright.js	2923	71	generated:node_modules	generated_or_vendor_ignore_for_dead_code	
demo/video-chat/frontend-vue/node_modules/playwright-core/lib/client/screencast.js	3254	88	generated:node_modules	generated_or_vendor_ignore_for_dead_code	
demo/video-chat/frontend-vue/node_modules/playwright-core/lib/client/selectors.js	2405	57	generated:node_modules	generated_or_vendor_ignore_for_dead_code	
demo/video-chat/frontend-vue/node_modules/playwright-core/lib/client/stream.js	1364	39	generated:node_modules	generated_or_vendor_ignore_for_dead_code	
demo/video-chat/frontend-vue/node_modules/playwright-core/lib/client/timeoutSettings.js	2654	79	generated:node_modules	generated_or_vendor_ignore_for_dead_code	
demo/video-chat/frontend-vue/node_modules/playwright-core/lib/client/tracing.js	4788	126	generated:node_modules	generated_or_vendor_ignore_for_dead_code	
demo/video-chat/frontend-vue/node_modules/playwright-core/lib/client/types.js	1157	28	generated:node_modules	generated_or_vendor_ignore_for_dead_code	
demo/video-chat/frontend-vue/node_modules/playwright-core/lib/client/video.js	1849	52	generated:node_modules	generated_or_vendor_ignore_for_dead_code	
demo/video-chat/frontend-vue/node_modules/playwright-core/lib/client/waiter.js	4841	142	generated:node_modules	generated_or_vendor_ignore_for_dead_code	
demo/video-chat/frontend-vue/node_modules/playwright-core/lib/client/webError.js	1215	39	generated:node_modules	generated_or_vendor_ignore_for_dead_code	
demo/video-chat/frontend-vue/node_modules/playwright-core/lib/client/worker.js	4062	85	generated:node_modules	generated_or_vendor_ignore_for_dead_code	
demo/video-chat/frontend-vue/node_modules/playwright-core/lib/client/writableStream.js	1418	39	generated:node_modules	generated_or_vendor_ignore_for_dead_code	
demo/video-chat/frontend-vue/node_modules/playwright-core/lib/generated/bindingsControllerSource.js	9437	28	generated:node_modules	generated_or_vendor_ignore_for_dead_code	
demo/video-chat/frontend-vue/node_modules/playwright-core/lib/generated/clockSource.js	22721	28	generated:node_modules	generated_or_vendor_ignore_for_dead_code	
demo/video-chat/frontend-vue/node_modules/playwright-core/lib/generated/injectedScriptSource.js	309776	28	generated:node_modules	generated_or_vendor_ignore_for_dead_code	background,security,fallback,keyframe_delta
demo/video-chat/frontend-vue/node_modules/playwright-core/lib/generated/pollingRecorderSource.js	73051	28	generated:node_modules	generated_or_vendor_ignore_for_dead_code	
demo/video-chat/frontend-vue/node_modules/playwright-core/lib/generated/storageScriptSource.js	15866	28	generated:node_modules	generated_or_vendor_ignore_for_dead_code	
demo/video-chat/frontend-vue/node_modules/playwright-core/lib/generated/utilityScriptSource.js	11951	28	generated:node_modules	generated_or_vendor_ignore_for_dead_code	
demo/video-chat/frontend-vue/node_modules/playwright-core/lib/generated/webSocketMockSource.js	12109	336	generated:node_modules	generated_or_vendor_ignore_for_dead_code	backpressure
demo/video-chat/frontend-vue/node_modules/playwright-core/lib/inProcessFactory.js	3146	60	generated:node_modules	generated_or_vendor_ignore_for_dead_code	
demo/video-chat/frontend-vue/node_modules/playwright-core/lib/inprocess.js	150	3	generated:node_modules	generated_or_vendor_ignore_for_dead_code	
demo/video-chat/frontend-vue/node_modules/playwright-core/lib/mcpBundle.js	3468	78	generated:node_modules	generated_or_vendor_ignore_for_dead_code	
demo/video-chat/frontend-vue/node_modules/playwright-core/lib/mcpBundleImpl.js	648173	91	generated:node_modules	generated_or_vendor_ignore_for_dead_code	reconnect,capabilities,fallback
demo/video-chat/frontend-vue/node_modules/playwright-core/lib/outofprocess.js	3350	76	generated:node_modules	generated_or_vendor_ignore_for_dead_code	
demo/video-chat/frontend-vue/node_modules/playwright-core/lib/protocol/serializers.js	6919	197	generated:node_modules	generated_or_vendor_ignore_for_dead_code	
demo/video-chat/frontend-vue/node_modules/playwright-core/lib/protocol/validator.js	234428	3067	generated:node_modules	generated_or_vendor_ignore_for_dead_code	background,reconnect,fallback,keyframe_delta
demo/video-chat/frontend-vue/node_modules/playwright-core/lib/protocol/validatorPrimitives.js	6079	193	generated:node_modules	generated_or_vendor_ignore_for_dead_code	
demo/video-chat/frontend-vue/node_modules/playwright-core/lib/remote/playwrightConnection.js	5985	131	generated:node_modules	generated_or_vendor_ignore_for_dead_code	
demo/video-chat/frontend-vue/node_modules/playwright-core/lib/remote/playwrightPipeServer.js	4152	100	generated:node_modules	generated_or_vendor_ignore_for_dead_code	
demo/video-chat/frontend-vue/node_modules/playwright-core/lib/remote/playwrightServer.js	13832	339	generated:node_modules	generated_or_vendor_ignore_for_dead_code	
demo/video-chat/frontend-vue/node_modules/playwright-core/lib/remote/playwrightWebSocketServer.js	2801	73	generated:node_modules	generated_or_vendor_ignore_for_dead_code	
demo/video-chat/frontend-vue/node_modules/playwright-core/lib/remote/serverTransport.js	2870	96	generated:node_modules	generated_or_vendor_ignore_for_dead_code	
demo/video-chat/frontend-vue/node_modules/playwright-core/lib/server/android/android.js	18812	465	generated:node_modules	generated_or_vendor_ignore_for_dead_code	
demo/video-chat/frontend-vue/node_modules/playwright-core/lib/server/android/backendAdb.js	6531	177	generated:node_modules	generated_or_vendor_ignore_for_dead_code	
demo/video-chat/frontend-vue/node_modules/playwright-core/lib/server/artifact.js	4485	127	generated:node_modules	generated_or_vendor_ignore_for_dead_code	
demo/video-chat/frontend-vue/node_modules/playwright-core/lib/server/bidi/bidiBrowser.js	21713	571	generated:node_modules	generated_or_vendor_ignore_for_dead_code	capabilities
demo/video-chat/frontend-vue/node_modules/playwright-core/lib/server/bidi/bidiChromium.js	7092	162	generated:node_modules	generated_or_vendor_ignore_for_dead_code	
demo/video-chat/frontend-vue/node_modules/playwright-core/lib/server/bidi/bidiConnection.js	8276	213	generated:node_modules	generated_or_vendor_ignore_for_dead_code	
demo/video-chat/frontend-vue/node_modules/playwright-core/lib/server/bidi/bidiDeserializer.js	4270	116	generated:node_modules	generated_or_vendor_ignore_for_dead_code	
demo/video-chat/frontend-vue/node_modules/playwright-core/lib/server/bidi/bidiExecutionContext.js	10613	267	generated:node_modules	generated_or_vendor_ignore_for_dead_code	
demo/video-chat/frontend-vue/node_modules/playwright-core/lib/server/bidi/bidiFirefox.js	5553	128	generated:node_modules	generated_or_vendor_ignore_for_dead_code	reconnect,capabilities
demo/video-chat/frontend-vue/node_modules/playwright-core/lib/server/bidi/bidiInput.js	4987	146	generated:node_modules	generated_or_vendor_ignore_for_dead_code	keyframe_delta
demo/video-chat/frontend-vue/node_modules/playwright-core/lib/server/bidi/bidiNetworkManager.js	16717	411	generated:node_modules	generated_or_vendor_ignore_for_dead_code	reconnect
demo/video-chat/frontend-vue/node_modules/playwright-core/lib/server/bidi/bidiOverCdp.js	3555	102	generated:node_modules	generated_or_vendor_ignore_for_dead_code	
demo/video-chat/frontend-vue/node_modules/playwright-core/lib/server/bidi/bidiPage.js	23787	599	generated:node_modules	generated_or_vendor_ignore_for_dead_code	background,keyframe_delta
demo/video-chat/frontend-vue/node_modules/playwright-core/lib/server/bidi/bidiPdf.js	3537	106	generated:node_modules	generated_or_vendor_ignore_for_dead_code	background
demo/video-chat/frontend-vue/node_modules/playwright-core/lib/server/bidi/third_party/bidiCommands.d.js	902	22	generated:node_modules	generated_or_vendor_ignore_for_dead_code	
demo/video-chat/frontend-vue/node_modules/playwright-core/lib/server/bidi/third_party/bidiKeyboard.js	5606	256	generated:node_modules	generated_or_vendor_ignore_for_dead_code	
demo/video-chat/frontend-vue/node_modules/playwright-core/lib/server/bidi/third_party/bidiProtocol.js	1239	24	generated:node_modules	generated_or_vendor_ignore_for_dead_code	
demo/video-chat/frontend-vue/node_modules/playwright-core/lib/server/bidi/third_party/bidiProtocolCore.js	7106	180	generated:node_modules	generated_or_vendor_ignore_for_dead_code	
demo/video-chat/frontend-vue/node_modules/playwright-core/lib/server/bidi/third_party/bidiProtocolPermissions.js	1585	42	generated:node_modules	generated_or_vendor_ignore_for_dead_code	
demo/video-chat/frontend-vue/node_modules/playwright-core/lib/server/bidi/third_party/bidiSerializer.js	4093	148	generated:node_modules	generated_or_vendor_ignore_for_dead_code	
demo/video-chat/frontend-vue/node_modules/playwright-core/lib/server/bidi/third_party/firefoxPrefs.js	12146	261	generated:node_modules	generated_or_vendor_ignore_for_dead_code	background
demo/video-chat/frontend-vue/node_modules/playwright-core/lib/server/browser.js	8402	212	generated:node_modules	generated_or_vendor_ignore_for_dead_code	
demo/video-chat/frontend-vue/node_modules/playwright-core/lib/server/browserContext.js	28499	741	generated:node_modules	generated_or_vendor_ignore_for_dead_code	
demo/video-chat/frontend-vue/node_modules/playwright-core/lib/server/browserType.js	15352	338	generated:node_modules	generated_or_vendor_ignore_for_dead_code	
demo/video-chat/frontend-vue/node_modules/playwright-core/lib/server/callLog.js	2861	82	generated:node_modules	generated_or_vendor_ignore_for_dead_code	
demo/video-chat/frontend-vue/node_modules/playwright-core/lib/server/chromium/appIcon.png	16565	0	generated:node_modules	generated_or_vendor_ignore_for_dead_code	
demo/video-chat/frontend-vue/node_modules/playwright-core/lib/server/chromium/chromium.js	18473	399	generated:node_modules	generated_or_vendor_ignore_for_dead_code	capabilities
demo/video-chat/frontend-vue/node_modules/playwright-core/lib/server/chromium/chromiumSwitches.js	4566	104	generated:node_modules	generated_or_vendor_ignore_for_dead_code	background
demo/video-chat/frontend-vue/node_modules/playwright-core/lib/server/chromium/crBrowser.js	20815	528	generated:node_modules	generated_or_vendor_ignore_for_dead_code	background,fallback
demo/video-chat/frontend-vue/node_modules/playwright-core/lib/server/chromium/crConnection.js	7512	197	generated:node_modules	generated_or_vendor_ignore_for_dead_code	
demo/video-chat/frontend-vue/node_modules/playwright-core/lib/server/chromium/crCoverage.js	8886	235	generated:node_modules	generated_or_vendor_ignore_for_dead_code	
demo/video-chat/frontend-vue/node_modules/playwright-core/lib/server/chromium/crDevTools.js	4426	111	generated:node_modules	generated_or_vendor_ignore_for_dead_code	
demo/video-chat/frontend-vue/node_modules/playwright-core/lib/server/chromium/crDragDrop.js	4972	131	generated:node_modules	generated_or_vendor_ignore_for_dead_code	
demo/video-chat/frontend-vue/node_modules/playwright-core/lib/server/chromium/crExecutionContext.js	6627	146	generated:node_modules	generated_or_vendor_ignore_for_dead_code	
demo/video-chat/frontend-vue/node_modules/playwright-core/lib/server/chromium/crInput.js	6600	187	generated:node_modules	generated_or_vendor_ignore_for_dead_code	keyframe_delta
demo/video-chat/frontend-vue/node_modules/playwright-core/lib/server/chromium/crNetworkManager.js	31600	707	generated:node_modules	generated_or_vendor_ignore_for_dead_code	reconnect
demo/video-chat/frontend-vue/node_modules/playwright-core/lib/server/chromium/crPage.js	42681	963	generated:node_modules	generated_or_vendor_ignore_for_dead_code	background,keyframe_delta
demo/video-chat/frontend-vue/node_modules/playwright-core/lib/server/chromium/crPdf.js	3954	121	generated:node_modules	generated_or_vendor_ignore_for_dead_code	background
demo/video-chat/frontend-vue/node_modules/playwright-core/lib/server/chromium/crProtocolHelper.js	5456	145	generated:node_modules	generated_or_vendor_ignore_for_dead_code	
demo/video-chat/frontend-vue/node_modules/playwright-core/lib/server/chromium/crServiceWorker.js	6005	137	generated:node_modules	generated_or_vendor_ignore_for_dead_code	
demo/video-chat/frontend-vue/node_modules/playwright-core/lib/server/chromium/defaultFontFamilies.js	4406	162	generated:node_modules	generated_or_vendor_ignore_for_dead_code	
demo/video-chat/frontend-vue/node_modules/playwright-core/lib/server/chromium/protocol.d.js	751	16	generated:node_modules	generated_or_vendor_ignore_for_dead_code	
demo/video-chat/frontend-vue/node_modules/playwright-core/lib/server/clock.js	6233	149	generated:node_modules	generated_or_vendor_ignore_for_dead_code	
demo/video-chat/frontend-vue/node_modules/playwright-core/lib/server/codegen/csharp.js	12857	327	generated:node_modules	generated_or_vendor_ignore_for_dead_code	
demo/video-chat/frontend-vue/node_modules/playwright-core/lib/server/codegen/java.js	12089	274	generated:node_modules	generated_or_vendor_ignore_for_dead_code	
demo/video-chat/frontend-vue/node_modules/playwright-core/lib/server/codegen/javascript.js	11168	247	generated:node_modules	generated_or_vendor_ignore_for_dead_code	
demo/video-chat/frontend-vue/node_modules/playwright-core/lib/server/codegen/jsonl.js	1751	52	generated:node_modules	generated_or_vendor_ignore_for_dead_code	
demo/video-chat/frontend-vue/node_modules/playwright-core/lib/server/codegen/language.js	4183	132	generated:node_modules	generated_or_vendor_ignore_for_dead_code	
demo/video-chat/frontend-vue/node_modules/playwright-core/lib/server/codegen/languages.js	2210	68	generated:node_modules	generated_or_vendor_ignore_for_dead_code	
demo/video-chat/frontend-vue/node_modules/playwright-core/lib/server/codegen/python.js	11133	279	generated:node_modules	generated_or_vendor_ignore_for_dead_code	
demo/video-chat/frontend-vue/node_modules/playwright-core/lib/server/codegen/types.js	741	16	generated:node_modules	generated_or_vendor_ignore_for_dead_code	
demo/video-chat/frontend-vue/node_modules/playwright-core/lib/server/console.js	1768	61	generated:node_modules	generated_or_vendor_ignore_for_dead_code	
demo/video-chat/frontend-vue/node_modules/playwright-core/lib/server/cookieStore.js	5881	206	generated:node_modules	generated_or_vendor_ignore_for_dead_code	
demo/video-chat/frontend-vue/node_modules/playwright-core/lib/server/debugController.js	8227	197	generated:node_modules	generated_or_vendor_ignore_for_dead_code	
demo/video-chat/frontend-vue/node_modules/playwright-core/lib/server/debugger.js	4269	112	generated:node_modules	generated_or_vendor_ignore_for_dead_code	
demo/video-chat/frontend-vue/node_modules/playwright-core/lib/server/deviceDescriptors.js	1843	39	generated:node_modules	generated_or_vendor_ignore_for_dead_code	
demo/video-chat/frontend-vue/node_modules/playwright-core/lib/server/deviceDescriptorsSource.json	54181	1779	generated:node_modules	generated_or_vendor_ignore_for_dead_code	
demo/video-chat/frontend-vue/node_modules/playwright-core/lib/server/dialog.js	3677	116	generated:node_modules	generated_or_vendor_ignore_for_dead_code	
demo/video-chat/frontend-vue/node_modules/playwright-core/lib/server/dispatchers/androidDispatcher.js	9938	325	generated:node_modules	generated_or_vendor_ignore_for_dead_code	
demo/video-chat/frontend-vue/node_modules/playwright-core/lib/server/dispatchers/artifactDispatcher.js	4542	118	generated:node_modules	generated_or_vendor_ignore_for_dead_code	
demo/video-chat/frontend-vue/node_modules/playwright-core/lib/server/dispatchers/browserContextDispatcher.js	19703	381	generated:node_modules	generated_or_vendor_ignore_for_dead_code	fallback
demo/video-chat/frontend-vue/node_modules/playwright-core/lib/server/dispatchers/browserDispatcher.js	5976	124	generated:node_modules	generated_or_vendor_ignore_for_dead_code	
demo/video-chat/frontend-vue/node_modules/playwright-core/lib/server/dispatchers/browserTypeDispatcher.js	3557	71	generated:node_modules	generated_or_vendor_ignore_for_dead_code	
demo/video-chat/frontend-vue/node_modules/playwright-core/lib/server/dispatchers/cdpSessionDispatcher.js	1955	47	generated:node_modules	generated_or_vendor_ignore_for_dead_code	
demo/video-chat/frontend-vue/node_modules/playwright-core/lib/server/dispatchers/debugControllerDispatcher.js	3449	78	generated:node_modules	generated_or_vendor_ignore_for_dead_code	
demo/video-chat/frontend-vue/node_modules/playwright-core/lib/server/dispatchers/debuggerDispatcher.js	3236	84	generated:node_modules	generated_or_vendor_ignore_for_dead_code	
demo/video-chat/frontend-vue/node_modules/playwright-core/lib/server/dispatchers/dialogDispatcher.js	1795	47	generated:node_modules	generated_or_vendor_ignore_for_dead_code	
demo/video-chat/frontend-vue/node_modules/playwright-core/lib/server/dispatchers/dispatcher.js	14829	364	generated:node_modules	generated_or_vendor_ignore_for_dead_code	
demo/video-chat/frontend-vue/node_modules/playwright-core/lib/server/dispatchers/disposableDispatcher.js	1490	39	generated:node_modules	generated_or_vendor_ignore_for_dead_code	
demo/video-chat/frontend-vue/node_modules/playwright-core/lib/server/dispatchers/electronDispatcher.js	4220	90	generated:node_modules	generated_or_vendor_ignore_for_dead_code	
demo/video-chat/frontend-vue/node_modules/playwright-core/lib/server/dispatchers/elementHandlerDispatcher.js	7941	181	generated:node_modules	generated_or_vendor_ignore_for_dead_code	
demo/video-chat/frontend-vue/node_modules/playwright-core/lib/server/dispatchers/frameDispatcher.js	11383	227	generated:node_modules	generated_or_vendor_ignore_for_dead_code	
demo/video-chat/frontend-vue/node_modules/playwright-core/lib/server/dispatchers/jsHandleDispatcher.js	3784	85	generated:node_modules	generated_or_vendor_ignore_for_dead_code	
demo/video-chat/frontend-vue/node_modules/playwright-core/lib/server/dispatchers/jsonPipeDispatcher.js	1940	58	generated:node_modules	generated_or_vendor_ignore_for_dead_code	
demo/video-chat/frontend-vue/node_modules/playwright-core/lib/server/dispatchers/localUtilsDispatcher.js	7626	185	generated:node_modules	generated_or_vendor_ignore_for_dead_code	
demo/video-chat/frontend-vue/node_modules/playwright-core/lib/server/dispatchers/networkDispatchers.js	8401	214	generated:node_modules	generated_or_vendor_ignore_for_dead_code	fallback
demo/video-chat/frontend-vue/node_modules/playwright-core/lib/server/dispatchers/pageDispatcher.js	19668	456	generated:node_modules	generated_or_vendor_ignore_for_dead_code	fallback,keyframe_delta
demo/video-chat/frontend-vue/node_modules/playwright-core/lib/server/dispatchers/playwrightDispatcher.js	5368	108	generated:node_modules	generated_or_vendor_ignore_for_dead_code	reconnect
demo/video-chat/frontend-vue/node_modules/playwright-core/lib/server/dispatchers/streamDispatcher.js	2553	67	generated:node_modules	generated_or_vendor_ignore_for_dead_code	
demo/video-chat/frontend-vue/node_modules/playwright-core/lib/server/dispatchers/tracingDispatcher.js	2553	68	generated:node_modules	generated_or_vendor_ignore_for_dead_code	
demo/video-chat/frontend-vue/node_modules/playwright-core/lib/server/dispatchers/webSocketRouteDispatcher.js	8204	164	generated:node_modules	generated_or_vendor_ignore_for_dead_code	
demo/video-chat/frontend-vue/node_modules/playwright-core/lib/server/dispatchers/writableStreamDispatcher.js	3463	79	generated:node_modules	generated_or_vendor_ignore_for_dead_code	
demo/video-chat/frontend-vue/node_modules/playwright-core/lib/server/disposable.js	1480	41	generated:node_modules	generated_or_vendor_ignore_for_dead_code	
demo/video-chat/frontend-vue/node_modules/playwright-core/lib/server/dom.js	35601	833	generated:node_modules	generated_or_vendor_ignore_for_dead_code	
demo/video-chat/frontend-vue/node_modules/playwright-core/lib/server/download.js	3008	71	generated:node_modules	generated_or_vendor_ignore_for_dead_code	
demo/video-chat/frontend-vue/node_modules/playwright-core/lib/server/electron/electron.js	12030	278	generated:node_modules	generated_or_vendor_ignore_for_dead_code	
demo/video-chat/frontend-vue/node_modules/playwright-core/lib/server/electron/loader.js	975	29	generated:node_modules	generated_or_vendor_ignore_for_dead_code	
demo/video-chat/frontend-vue/node_modules/playwright-core/lib/server/errors.js	2459	69	generated:node_modules	generated_or_vendor_ignore_for_dead_code	
demo/video-chat/frontend-vue/node_modules/playwright-core/lib/server/fetch.js	25100	621	generated:node_modules	generated_or_vendor_ignore_for_dead_code	reconnect
demo/video-chat/frontend-vue/node_modules/playwright-core/lib/server/fileChooser.js	1367	43	generated:node_modules	generated_or_vendor_ignore_for_dead_code	
demo/video-chat/frontend-vue/node_modules/playwright-core/lib/server/fileUploadUtils.js	3938	84	generated:node_modules	generated_or_vendor_ignore_for_dead_code	
demo/video-chat/frontend-vue/node_modules/playwright-core/lib/server/firefox/ffBrowser.js	18184	408	generated:node_modules	generated_or_vendor_ignore_for_dead_code	
demo/video-chat/frontend-vue/node_modules/playwright-core/lib/server/firefox/ffConnection.js	5187	142	generated:node_modules	generated_or_vendor_ignore_for_dead_code	
demo/video-chat/frontend-vue/node_modules/playwright-core/lib/server/firefox/ffExecutionContext.js	6489	150	generated:node_modules	generated_or_vendor_ignore_for_dead_code	security
demo/video-chat/frontend-vue/node_modules/playwright-core/lib/server/firefox/ffInput.js	5214	175	generated:node_modules	generated_or_vendor_ignore_for_dead_code	keyframe_delta
demo/video-chat/frontend-vue/node_modules/playwright-core/lib/server/firefox/ffNetworkManager.js	9983	256	generated:node_modules	generated_or_vendor_ignore_for_dead_code	reconnect
demo/video-chat/frontend-vue/node_modules/playwright-core/lib/server/firefox/ffPage.js	22526	494	generated:node_modules	generated_or_vendor_ignore_for_dead_code	background
demo/video-chat/frontend-vue/node_modules/playwright-core/lib/server/firefox/firefox.js	5221	114	generated:node_modules	generated_or_vendor_ignore_for_dead_code	reconnect
demo/video-chat/frontend-vue/node_modules/playwright-core/lib/server/firefox/protocol.d.js	751	16	generated:node_modules	generated_or_vendor_ignore_for_dead_code	
demo/video-chat/frontend-vue/node_modules/playwright-core/lib/server/formData.js	3220	147	generated:node_modules	generated_or_vendor_ignore_for_dead_code	
demo/video-chat/frontend-vue/node_modules/playwright-core/lib/server/frameSelectors.js	7506	160	generated:node_modules	generated_or_vendor_ignore_for_dead_code	
demo/video-chat/frontend-vue/node_modules/playwright-core/lib/server/frames.js	63125	1500	generated:node_modules	generated_or_vendor_ignore_for_dead_code	
demo/video-chat/frontend-vue/node_modules/playwright-core/lib/server/har/harRecorder.js	5673	147	generated:node_modules	generated_or_vendor_ignore_for_dead_code	
demo/video-chat/frontend-vue/node_modules/playwright-core/lib/server/har/harTracer.js	24404	608	generated:node_modules	generated_or_vendor_ignore_for_dead_code	reconnect,fallback
demo/video-chat/frontend-vue/node_modules/playwright-core/lib/server/harBackend.js	5977	157	generated:node_modules	generated_or_vendor_ignore_for_dead_code	
demo/video-chat/frontend-vue/node_modules/playwright-core/lib/server/helper.js	3886	96	generated:node_modules	generated_or_vendor_ignore_for_dead_code	
demo/video-chat/frontend-vue/node_modules/playwright-core/lib/server/index.js	2501	58	generated:node_modules	generated_or_vendor_ignore_for_dead_code	
demo/video-chat/frontend-vue/node_modules/playwright-core/lib/server/input.js	12245	322	generated:node_modules	generated_or_vendor_ignore_for_dead_code	keyframe_delta
demo/video-chat/frontend-vue/node_modules/playwright-core/lib/server/instrumentation.js	2896	77	generated:node_modules	generated_or_vendor_ignore_for_dead_code	
demo/video-chat/frontend-vue/node_modules/playwright-core/lib/server/javascript.js	10769	291	generated:node_modules	generated_or_vendor_ignore_for_dead_code	
demo/video-chat/frontend-vue/node_modules/playwright-core/lib/server/launchApp.js	5620	127	generated:node_modules	generated_or_vendor_ignore_for_dead_code	
demo/video-chat/frontend-vue/node_modules/playwright-core/lib/server/localUtils.js	8994	214	generated:node_modules	generated_or_vendor_ignore_for_dead_code	
demo/video-chat/frontend-vue/node_modules/playwright-core/lib/server/macEditingCommands.js	6337	143	generated:node_modules	generated_or_vendor_ignore_for_dead_code	
demo/video-chat/frontend-vue/node_modules/playwright-core/lib/server/network.js	22043	668	generated:node_modules	generated_or_vendor_ignore_for_dead_code	fallback
demo/video-chat/frontend-vue/node_modules/playwright-core/lib/server/overlay.js	5271	138	generated:node_modules	generated_or_vendor_ignore_for_dead_code	background,keyframe_delta
demo/video-chat/frontend-vue/node_modules/playwright-core/lib/server/page.js	35743	890	generated:node_modules	generated_or_vendor_ignore_for_dead_code	
demo/video-chat/frontend-vue/node_modules/playwright-core/lib/server/pipeTransport.js	2989	89	generated:node_modules	generated_or_vendor_ignore_for_dead_code	
demo/video-chat/frontend-vue/node_modules/playwright-core/lib/server/playwright.js	2950	69	generated:node_modules	generated_or_vendor_ignore_for_dead_code	
demo/video-chat/frontend-vue/node_modules/playwright-core/lib/server/progress.js	4980	138	generated:node_modules	generated_or_vendor_ignore_for_dead_code	
demo/video-chat/frontend-vue/node_modules/playwright-core/lib/server/protocolError.js	1842	52	generated:node_modules	generated_or_vendor_ignore_for_dead_code	
demo/video-chat/frontend-vue/node_modules/playwright-core/lib/server/recorder.js	20352	535	generated:node_modules	generated_or_vendor_ignore_for_dead_code	
demo/video-chat/frontend-vue/node_modules/playwright-core/lib/server/recorder/chat.js	4751	161	generated:node_modules	generated_or_vendor_ignore_for_dead_code	
demo/video-chat/frontend-vue/node_modules/playwright-core/lib/server/recorder/recorderApp.js	15727	367	generated:node_modules	generated_or_vendor_ignore_for_dead_code	fallback
demo/video-chat/frontend-vue/node_modules/playwright-core/lib/server/recorder/recorderRunner.js	4911	138	generated:node_modules	generated_or_vendor_ignore_for_dead_code	
demo/video-chat/frontend-vue/node_modules/playwright-core/lib/server/recorder/recorderSignalProcessor.js	2873	83	generated:node_modules	generated_or_vendor_ignore_for_dead_code	
demo/video-chat/frontend-vue/node_modules/playwright-core/lib/server/recorder/recorderUtils.js	6104	157	generated:node_modules	generated_or_vendor_ignore_for_dead_code	
demo/video-chat/frontend-vue/node_modules/playwright-core/lib/server/recorder/throttledFile.js	2118	57	generated:node_modules	generated_or_vendor_ignore_for_dead_code	
demo/video-chat/frontend-vue/node_modules/playwright-core/lib/server/registry/browserFetcher.js	7536	177	generated:node_modules	generated_or_vendor_ignore_for_dead_code	keyframe_delta
demo/video-chat/frontend-vue/node_modules/playwright-core/lib/server/registry/dependencies.js	15869	371	generated:node_modules	generated_or_vendor_ignore_for_dead_code	security,fallback
demo/video-chat/frontend-vue/node_modules/playwright-core/lib/server/registry/index.js	68712	1395	generated:node_modules	generated_or_vendor_ignore_for_dead_code	fallback
demo/video-chat/frontend-vue/node_modules/playwright-core/lib/server/registry/nativeDeps.js	36499	1281	generated:node_modules	generated_or_vendor_ignore_for_dead_code	
demo/video-chat/frontend-vue/node_modules/playwright-core/lib/server/registry/oopDownloadBrowserMain.js	5276	127	generated:node_modules	generated_or_vendor_ignore_for_dead_code	
demo/video-chat/frontend-vue/node_modules/playwright-core/lib/server/screencast.js	4267	137	generated:node_modules	generated_or_vendor_ignore_for_dead_code	
demo/video-chat/frontend-vue/node_modules/playwright-core/lib/server/screenshotter.js	14430	333	generated:node_modules	generated_or_vendor_ignore_for_dead_code	background
demo/video-chat/frontend-vue/node_modules/playwright-core/lib/server/selectors.js	3851	112	generated:node_modules	generated_or_vendor_ignore_for_dead_code	
demo/video-chat/frontend-vue/node_modules/playwright-core/lib/server/socksClientCertificatesInterceptor.js	15409	383	generated:node_modules	generated_or_vendor_ignore_for_dead_code	reconnect
demo/video-chat/frontend-vue/node_modules/playwright-core/lib/server/socksInterceptor.js	4641	95	generated:node_modules	generated_or_vendor_ignore_for_dead_code	
demo/video-chat/frontend-vue/node_modules/playwright-core/lib/server/trace/recorder/snapshotter.js	5810	147	generated:node_modules	generated_or_vendor_ignore_for_dead_code	
demo/video-chat/frontend-vue/node_modules/playwright-core/lib/server/trace/recorder/snapshotterInjected.js	22105	561	generated:node_modules	generated_or_vendor_ignore_for_dead_code	
demo/video-chat/frontend-vue/node_modules/playwright-core/lib/server/trace/recorder/tracing.js	23801	655	generated:node_modules	generated_or_vendor_ignore_for_dead_code	
demo/video-chat/frontend-vue/node_modules/playwright-core/lib/server/trace/viewer/traceViewer.js	10033	244	generated:node_modules	generated_or_vendor_ignore_for_dead_code	
demo/video-chat/frontend-vue/node_modules/playwright-core/lib/server/transport.js	6697	181	generated:node_modules	generated_or_vendor_ignore_for_dead_code	
demo/video-chat/frontend-vue/node_modules/playwright-core/lib/server/types.js	1157	28	generated:node_modules	generated_or_vendor_ignore_for_dead_code	
demo/video-chat/frontend-vue/node_modules/playwright-core/lib/server/usKeyboardLayout.js	8323	152	generated:node_modules	generated_or_vendor_ignore_for_dead_code	
demo/video-chat/frontend-vue/node_modules/playwright-core/lib/server/utils/ascii.js	1751	44	generated:node_modules	generated_or_vendor_ignore_for_dead_code	
demo/video-chat/frontend-vue/node_modules/playwright-core/lib/server/utils/comparators.js	7103	139	generated:node_modules	generated_or_vendor_ignore_for_dead_code	keyframe_delta
demo/video-chat/frontend-vue/node_modules/playwright-core/lib/server/utils/crypto.js	7581	216	generated:node_modules	generated_or_vendor_ignore_for_dead_code	
demo/video-chat/frontend-vue/node_modules/playwright-core/lib/server/utils/debug.js	1494	42	generated:node_modules	generated_or_vendor_ignore_for_dead_code	
demo/video-chat/frontend-vue/node_modules/playwright-core/lib/server/utils/debugLogger.js	3838	122	generated:node_modules	generated_or_vendor_ignore_for_dead_code	
demo/video-chat/frontend-vue/node_modules/playwright-core/lib/server/utils/disposable.js	1202	32	generated:node_modules	generated_or_vendor_ignore_for_dead_code	
demo/video-chat/frontend-vue/node_modules/playwright-core/lib/server/utils/env.js	2500	73	generated:node_modules	generated_or_vendor_ignore_for_dead_code	
demo/video-chat/frontend-vue/node_modules/playwright-core/lib/server/utils/eventsHelper.js	1545	41	generated:node_modules	generated_or_vendor_ignore_for_dead_code	
demo/video-chat/frontend-vue/node_modules/playwright-core/lib/server/utils/expectUtils.js	5190	123	generated:node_modules	generated_or_vendor_ignore_for_dead_code	
demo/video-chat/frontend-vue/node_modules/playwright-core/lib/server/utils/fileUtils.js	7417	205	generated:node_modules	generated_or_vendor_ignore_for_dead_code	
demo/video-chat/frontend-vue/node_modules/playwright-core/lib/server/utils/happyEyeballs.js	7538	210	generated:node_modules	generated_or_vendor_ignore_for_dead_code	reconnect
demo/video-chat/frontend-vue/node_modules/playwright-core/lib/server/utils/hostPlatform.js	6105	123	generated:node_modules	generated_or_vendor_ignore_for_dead_code	
demo/video-chat/frontend-vue/node_modules/playwright-core/lib/server/utils/httpServer.js	7844	205	generated:node_modules	generated_or_vendor_ignore_for_dead_code	
demo/video-chat/frontend-vue/node_modules/playwright-core/lib/server/utils/image_tools/colorUtils.js	3015	89	generated:node_modules	generated_or_vendor_ignore_for_dead_code	keyframe_delta
demo/video-chat/frontend-vue/node_modules/playwright-core/lib/server/utils/image_tools/compare.js	4607	109	generated:node_modules	generated_or_vendor_ignore_for_dead_code	keyframe_delta
demo/video-chat/frontend-vue/node_modules/playwright-core/lib/server/utils/image_tools/imageChannel.js	2903	78	generated:node_modules	generated_or_vendor_ignore_for_dead_code	
demo/video-chat/frontend-vue/node_modules/playwright-core/lib/server/utils/image_tools/stats.js	4019	102	generated:node_modules	generated_or_vendor_ignore_for_dead_code	
demo/video-chat/frontend-vue/node_modules/playwright-core/lib/server/utils/linuxUtils.js	2740	71	generated:node_modules	generated_or_vendor_ignore_for_dead_code	
demo/video-chat/frontend-vue/node_modules/playwright-core/lib/server/utils/network.js	8803	243	generated:node_modules	generated_or_vendor_ignore_for_dead_code	
demo/video-chat/frontend-vue/node_modules/playwright-core/lib/server/utils/nodePlatform.js	5165	148	generated:node_modules	generated_or_vendor_ignore_for_dead_code	
demo/video-chat/frontend-vue/node_modules/playwright-core/lib/server/utils/pipeTransport.js	2848	84	generated:node_modules	generated_or_vendor_ignore_for_dead_code	
demo/video-chat/frontend-vue/node_modules/playwright-core/lib/server/utils/processLauncher.js	9451	242	generated:node_modules	generated_or_vendor_ignore_for_dead_code	
demo/video-chat/frontend-vue/node_modules/playwright-core/lib/server/utils/profiler.js	2516	65	generated:node_modules	generated_or_vendor_ignore_for_dead_code	
demo/video-chat/frontend-vue/node_modules/playwright-core/lib/server/utils/socksProxy.js	17519	511	generated:node_modules	generated_or_vendor_ignore_for_dead_code	
demo/video-chat/frontend-vue/node_modules/playwright-core/lib/server/utils/spawnAsync.js	1683	41	generated:node_modules	generated_or_vendor_ignore_for_dead_code	
demo/video-chat/frontend-vue/node_modules/playwright-core/lib/server/utils/task.js	1607	51	generated:node_modules	generated_or_vendor_ignore_for_dead_code	
demo/video-chat/frontend-vue/node_modules/playwright-core/lib/server/utils/userAgent.js	4151	98	generated:node_modules	generated_or_vendor_ignore_for_dead_code	
demo/video-chat/frontend-vue/node_modules/playwright-core/lib/server/utils/wsServer.js	4569	121	generated:node_modules	generated_or_vendor_ignore_for_dead_code	
demo/video-chat/frontend-vue/node_modules/playwright-core/lib/server/utils/zipFile.js	2381	74	generated:node_modules	generated_or_vendor_ignore_for_dead_code	
demo/video-chat/frontend-vue/node_modules/playwright-core/lib/server/utils/zones.js	1916	57	generated:node_modules	generated_or_vendor_ignore_for_dead_code	
demo/video-chat/frontend-vue/node_modules/playwright-core/lib/server/videoRecorder.js	8209	194	generated:node_modules	generated_or_vendor_ignore_for_dead_code	
demo/video-chat/frontend-vue/node_modules/playwright-core/lib/server/webkit/protocol.d.js	751	16	generated:node_modules	generated_or_vendor_ignore_for_dead_code	
demo/video-chat/frontend-vue/node_modules/playwright-core/lib/server/webkit/webkit.js	4954	108	generated:node_modules	generated_or_vendor_ignore_for_dead_code	
demo/video-chat/frontend-vue/node_modules/playwright-core/lib/server/webkit/wkBrowser.js	13762	330	generated:node_modules	generated_or_vendor_ignore_for_dead_code	
demo/video-chat/frontend-vue/node_modules/playwright-core/lib/server/webkit/wkConnection.js	5206	144	generated:node_modules	generated_or_vendor_ignore_for_dead_code	
demo/video-chat/frontend-vue/node_modules/playwright-core/lib/server/webkit/wkExecutionContext.js	6316	154	generated:node_modules	generated_or_vendor_ignore_for_dead_code	security
demo/video-chat/frontend-vue/node_modules/playwright-core/lib/server/webkit/wkInput.js	5876	181	generated:node_modules	generated_or_vendor_ignore_for_dead_code	keyframe_delta
demo/video-chat/frontend-vue/node_modules/playwright-core/lib/server/webkit/wkInterceptableRequest.js	7645	197	generated:node_modules	generated_or_vendor_ignore_for_dead_code	reconnect
demo/video-chat/frontend-vue/node_modules/playwright-core/lib/server/webkit/wkPage.js	52721	1161	generated:node_modules	generated_or_vendor_ignore_for_dead_code	background,security,reconnect,capabilities
demo/video-chat/frontend-vue/node_modules/playwright-core/lib/server/webkit/wkProvisionalPage.js	3648	83	generated:node_modules	generated_or_vendor_ignore_for_dead_code	
demo/video-chat/frontend-vue/node_modules/playwright-core/lib/server/webkit/wkWorkers.js	4456	106	generated:node_modules	generated_or_vendor_ignore_for_dead_code	security
demo/video-chat/frontend-vue/node_modules/playwright-core/lib/serverRegistry.js	6344	156	generated:node_modules	generated_or_vendor_ignore_for_dead_code	
demo/video-chat/frontend-vue/node_modules/playwright-core/lib/third_party/pixelmatch.js	9501	255	generated:node_modules	generated_or_vendor_ignore_for_dead_code	background,keyframe_delta
demo/video-chat/frontend-vue/node_modules/playwright-core/lib/tools/backend/browserBackend.js	2890	79	generated:node_modules	generated_or_vendor_ignore_for_dead_code	
demo/video-chat/frontend-vue/node_modules/playwright-core/lib/tools/backend/common.js	2266	63	generated:node_modules	generated_or_vendor_ignore_for_dead_code	capabilities
demo/video-chat/frontend-vue/node_modules/playwright-core/lib/tools/backend/config.js	1519	41	generated:node_modules	generated_or_vendor_ignore_for_dead_code	capabilities
demo/video-chat/frontend-vue/node_modules/playwright-core/lib/tools/backend/console.js	2928	66	generated:node_modules	generated_or_vendor_ignore_for_dead_code	capabilities
demo/video-chat/frontend-vue/node_modules/playwright-core/lib/tools/backend/context.js	11246	296	generated:node_modules	generated_or_vendor_ignore_for_dead_code	
demo/video-chat/frontend-vue/node_modules/playwright-core/lib/tools/backend/cookies.js	6084	152	generated:node_modules	generated_or_vendor_ignore_for_dead_code	capabilities
demo/video-chat/frontend-vue/node_modules/playwright-core/lib/tools/backend/devtools.js	2831	69	generated:node_modules	generated_or_vendor_ignore_for_dead_code	capabilities
demo/video-chat/frontend-vue/node_modules/playwright-core/lib/tools/backend/dialogs.js	2147	59	generated:node_modules	generated_or_vendor_ignore_for_dead_code	capabilities
demo/video-chat/frontend-vue/node_modules/playwright-core/lib/tools/backend/evaluate.js	3157	64	generated:node_modules	generated_or_vendor_ignore_for_dead_code	capabilities
demo/video-chat/frontend-vue/node_modules/playwright-core/lib/tools/backend/files.js	2338	60	generated:node_modules	generated_or_vendor_ignore_for_dead_code	capabilities
demo/video-chat/frontend-vue/node_modules/playwright-core/lib/tools/backend/form.js	3236	64	generated:node_modules	generated_or_vendor_ignore_for_dead_code	capabilities
demo/video-chat/frontend-vue/node_modules/playwright-core/lib/tools/backend/keyboard.js	5741	155	generated:node_modules	generated_or_vendor_ignore_for_dead_code	capabilities
demo/video-chat/frontend-vue/node_modules/playwright-core/lib/tools/backend/logFile.js	3710	95	generated:node_modules	generated_or_vendor_ignore_for_dead_code	
demo/video-chat/frontend-vue/node_modules/playwright-core/lib/tools/backend/mouse.js	6594	168	generated:node_modules	generated_or_vendor_ignore_for_dead_code	capabilities,keyframe_delta
demo/video-chat/frontend-vue/node_modules/playwright-core/lib/tools/backend/navigate.js	3352	106	generated:node_modules	generated_or_vendor_ignore_for_dead_code	capabilities
demo/video-chat/frontend-vue/node_modules/playwright-core/lib/tools/backend/network.js	5334	135	generated:node_modules	generated_or_vendor_ignore_for_dead_code	capabilities
demo/video-chat/frontend-vue/node_modules/playwright-core/lib/tools/backend/pdf.js	1985	48	generated:node_modules	generated_or_vendor_ignore_for_dead_code	capabilities
demo/video-chat/frontend-vue/node_modules/playwright-core/lib/tools/backend/response.js	11779	305	generated:node_modules	generated_or_vendor_ignore_for_dead_code	
demo/video-chat/frontend-vue/node_modules/playwright-core/lib/tools/backend/route.js	5634	140	generated:node_modules	generated_or_vendor_ignore_for_dead_code	capabilities
demo/video-chat/frontend-vue/node_modules/playwright-core/lib/tools/backend/runCode.js	3608	77	generated:node_modules	generated_or_vendor_ignore_for_dead_code	capabilities
demo/video-chat/frontend-vue/node_modules/playwright-core/lib/tools/backend/screenshot.js	5282	88	generated:node_modules	generated_or_vendor_ignore_for_dead_code	capabilities
demo/video-chat/frontend-vue/node_modules/playwright-core/lib/tools/backend/sessionLog.js	3035	74	generated:node_modules	generated_or_vendor_ignore_for_dead_code	
demo/video-chat/frontend-vue/node_modules/playwright-core/lib/tools/backend/snapshot.js	8492	208	generated:node_modules	generated_or_vendor_ignore_for_dead_code	capabilities
demo/video-chat/frontend-vue/node_modules/playwright-core/lib/tools/backend/storage.js	3060	68	generated:node_modules	generated_or_vendor_ignore_for_dead_code	capabilities
demo/video-chat/frontend-vue/node_modules/playwright-core/lib/tools/backend/tab.js	17082	445	generated:node_modules	generated_or_vendor_ignore_for_dead_code	
demo/video-chat/frontend-vue/node_modules/playwright-core/lib/tools/backend/tabs.js	2363	67	generated:node_modules	generated_or_vendor_ignore_for_dead_code	capabilities
demo/video-chat/frontend-vue/node_modules/playwright-core/lib/tools/backend/tool.js	1796	47	generated:node_modules	generated_or_vendor_ignore_for_dead_code	
demo/video-chat/frontend-vue/node_modules/playwright-core/lib/tools/backend/tools.js	4384	102	generated:node_modules	generated_or_vendor_ignore_for_dead_code	capabilities
demo/video-chat/frontend-vue/node_modules/playwright-core/lib/tools/backend/tracing.js	3078	78	generated:node_modules	generated_or_vendor_ignore_for_dead_code	capabilities
demo/video-chat/frontend-vue/node_modules/playwright-core/lib/tools/backend/utils.js	2916	83	generated:node_modules	generated_or_vendor_ignore_for_dead_code	
demo/video-chat/frontend-vue/node_modules/playwright-core/lib/tools/backend/verify.js	6803	151	generated:node_modules	generated_or_vendor_ignore_for_dead_code	capabilities
demo/video-chat/frontend-vue/node_modules/playwright-core/lib/tools/backend/video.js	3678	98	generated:node_modules	generated_or_vendor_ignore_for_dead_code	capabilities
demo/video-chat/frontend-vue/node_modules/playwright-core/lib/tools/backend/wait.js	2754	63	generated:node_modules	generated_or_vendor_ignore_for_dead_code	capabilities
demo/video-chat/frontend-vue/node_modules/playwright-core/lib/tools/backend/webstorage.js	8173	223	generated:node_modules	generated_or_vendor_ignore_for_dead_code	capabilities
demo/video-chat/frontend-vue/node_modules/playwright-core/lib/tools/cli-client/cli.js	153	6	generated:node_modules	generated_or_vendor_ignore_for_dead_code	
demo/video-chat/frontend-vue/node_modules/playwright-core/lib/tools/cli-client/help.json	26056	399	generated:node_modules	generated_or_vendor_ignore_for_dead_code	keyframe_delta
demo/video-chat/frontend-vue/node_modules/playwright-core/lib/tools/cli-client/minimist.js	4106	128	generated:node_modules	generated_or_vendor_ignore_for_dead_code	
demo/video-chat/frontend-vue/node_modules/playwright-core/lib/tools/cli-client/program.js	12853	350	generated:node_modules	generated_or_vendor_ignore_for_dead_code	
demo/video-chat/frontend-vue/node_modules/playwright-core/lib/tools/cli-client/registry.js	6744	176	generated:node_modules	generated_or_vendor_ignore_for_dead_code	
demo/video-chat/frontend-vue/node_modules/playwright-core/lib/tools/cli-client/session.js	10739	289	generated:node_modules	generated_or_vendor_ignore_for_dead_code	
demo/video-chat/frontend-vue/node_modules/playwright-core/lib/tools/cli-client/skill/SKILL.md	8649	328	generated:node_modules	generated_or_vendor_ignore_for_dead_code	
demo/video-chat/frontend-vue/node_modules/playwright-core/lib/tools/cli-client/skill/references/element-attributes.md	665	23	generated:node_modules	generated_or_vendor_ignore_for_dead_code	
demo/video-chat/frontend-vue/node_modules/playwright-core/lib/tools/cli-client/skill/references/playwright-tests.md	1635	39	generated:node_modules	generated_or_vendor_ignore_for_dead_code	background
demo/video-chat/frontend-vue/node_modules/playwright-core/lib/tools/cli-client/skill/references/request-mocking.md	2182	87	generated:node_modules	generated_or_vendor_ignore_for_dead_code	
demo/video-chat/frontend-vue/node_modules/playwright-core/lib/tools/cli-client/skill/references/running-code.md	5398	231	generated:node_modules	generated_or_vendor_ignore_for_dead_code	
demo/video-chat/frontend-vue/node_modules/playwright-core/lib/tools/cli-client/skill/references/session-management.md	3998	169	generated:node_modules	generated_or_vendor_ignore_for_dead_code	
demo/video-chat/frontend-vue/node_modules/playwright-core/lib/tools/cli-client/skill/references/storage-state.md	5198	275	generated:node_modules	generated_or_vendor_ignore_for_dead_code	
demo/video-chat/frontend-vue/node_modules/playwright-core/lib/tools/cli-client/skill/references/test-generation.md	2411	88	generated:node_modules	generated_or_vendor_ignore_for_dead_code	
demo/video-chat/frontend-vue/node_modules/playwright-core/lib/tools/cli-client/skill/references/tracing.md	3440	139	generated:node_modules	generated_or_vendor_ignore_for_dead_code	
demo/video-chat/frontend-vue/node_modules/playwright-core/lib/tools/cli-client/skill/references/video-recording.md	5381	143	generated:node_modules	generated_or_vendor_ignore_for_dead_code	background
demo/video-chat/frontend-vue/node_modules/playwright-core/lib/tools/cli-daemon/command.js	3061	73	generated:node_modules	generated_or_vendor_ignore_for_dead_code	
demo/video-chat/frontend-vue/node_modules/playwright-core/lib/tools/cli-daemon/commands.js	37073	956	generated:node_modules	generated_or_vendor_ignore_for_dead_code	keyframe_delta
demo/video-chat/frontend-vue/node_modules/playwright-core/lib/tools/cli-daemon/daemon.js	6778	157	generated:node_modules	generated_or_vendor_ignore_for_dead_code	
demo/video-chat/frontend-vue/node_modules/playwright-core/lib/tools/cli-daemon/helpGenerator.js	6235	177	generated:node_modules	generated_or_vendor_ignore_for_dead_code	
demo/video-chat/frontend-vue/node_modules/playwright-core/lib/tools/cli-daemon/program.js	7087	129	generated:node_modules	generated_or_vendor_ignore_for_dead_code	repair
demo/video-chat/frontend-vue/node_modules/playwright-core/lib/tools/dashboard/appIcon.png	16565	0	generated:node_modules	generated_or_vendor_ignore_for_dead_code	
demo/video-chat/frontend-vue/node_modules/playwright-core/lib/tools/dashboard/dashboardApp.js	11289	284	generated:node_modules	generated_or_vendor_ignore_for_dead_code	
demo/video-chat/frontend-vue/node_modules/playwright-core/lib/tools/dashboard/dashboardController.js	9812	296	generated:node_modules	generated_or_vendor_ignore_for_dead_code	keyframe_delta
demo/video-chat/frontend-vue/node_modules/playwright-core/lib/tools/exports.js	2363	60	generated:node_modules	generated_or_vendor_ignore_for_dead_code	repair
demo/video-chat/frontend-vue/node_modules/playwright-core/lib/tools/mcp/browserFactory.js	9793	233	generated:node_modules	generated_or_vendor_ignore_for_dead_code	
demo/video-chat/frontend-vue/node_modules/playwright-core/lib/tools/mcp/cdpRelay.js	13522	352	generated:node_modules	generated_or_vendor_ignore_for_dead_code	
demo/video-chat/frontend-vue/node_modules/playwright-core/lib/tools/mcp/cli-stub.js	370	7	generated:node_modules	generated_or_vendor_ignore_for_dead_code	
demo/video-chat/frontend-vue/node_modules/playwright-core/lib/tools/mcp/config.d.js	747	16	generated:node_modules	generated_or_vendor_ignore_for_dead_code	
demo/video-chat/frontend-vue/node_modules/playwright-core/lib/tools/mcp/config.js	17337	446	generated:node_modules	generated_or_vendor_ignore_for_dead_code	capabilities
demo/video-chat/frontend-vue/node_modules/playwright-core/lib/tools/mcp/configIni.js	7048	189	generated:node_modules	generated_or_vendor_ignore_for_dead_code	capabilities
demo/video-chat/frontend-vue/node_modules/playwright-core/lib/tools/mcp/extensionContextFactory.js	2637	55	generated:node_modules	generated_or_vendor_ignore_for_dead_code	
demo/video-chat/frontend-vue/node_modules/playwright-core/lib/tools/mcp/index.js	2496	62	generated:node_modules	generated_or_vendor_ignore_for_dead_code	
demo/video-chat/frontend-vue/node_modules/playwright-core/lib/tools/mcp/log.js	1336	35	generated:node_modules	generated_or_vendor_ignore_for_dead_code	
demo/video-chat/frontend-vue/node_modules/playwright-core/lib/tools/mcp/program.js	10654	107	generated:node_modules	generated_or_vendor_ignore_for_dead_code	capabilities,repair
demo/video-chat/frontend-vue/node_modules/playwright-core/lib/tools/mcp/protocol.js	1053	28	generated:node_modules	generated_or_vendor_ignore_for_dead_code	
demo/video-chat/frontend-vue/node_modules/playwright-core/lib/tools/mcp/watchdog.js	1672	44	generated:node_modules	generated_or_vendor_ignore_for_dead_code	repair
demo/video-chat/frontend-vue/node_modules/playwright-core/lib/tools/trace/SKILL.md	4712	171	generated:node_modules	generated_or_vendor_ignore_for_dead_code	
demo/video-chat/frontend-vue/node_modules/playwright-core/lib/tools/trace/installSkill.js	2268	48	generated:node_modules	generated_or_vendor_ignore_for_dead_code	
demo/video-chat/frontend-vue/node_modules/playwright-core/lib/tools/trace/traceActions.js	5961	142	generated:node_modules	generated_or_vendor_ignore_for_dead_code	
demo/video-chat/frontend-vue/node_modules/playwright-core/lib/tools/trace/traceAttachments.js	2988	69	generated:node_modules	generated_or_vendor_ignore_for_dead_code	
demo/video-chat/frontend-vue/node_modules/playwright-core/lib/tools/trace/traceCli.js	5151	87	generated:node_modules	generated_or_vendor_ignore_for_dead_code	
demo/video-chat/frontend-vue/node_modules/playwright-core/lib/tools/trace/traceConsole.js	3313	97	generated:node_modules	generated_or_vendor_ignore_for_dead_code	
demo/video-chat/frontend-vue/node_modules/playwright-core/lib/tools/trace/traceErrors.js	1905	55	generated:node_modules	generated_or_vendor_ignore_for_dead_code	
demo/video-chat/frontend-vue/node_modules/playwright-core/lib/tools/trace/traceOpen.js	2946	69	generated:node_modules	generated_or_vendor_ignore_for_dead_code	
demo/video-chat/frontend-vue/node_modules/playwright-core/lib/tools/trace/traceParser.js	3585	96	generated:node_modules	generated_or_vendor_ignore_for_dead_code	
demo/video-chat/frontend-vue/node_modules/playwright-core/lib/tools/trace/traceRequests.js	7722	182	generated:node_modules	generated_or_vendor_ignore_for_dead_code	
demo/video-chat/frontend-vue/node_modules/playwright-core/lib/tools/trace/traceScreenshot.js	2437	68	generated:node_modules	generated_or_vendor_ignore_for_dead_code	
demo/video-chat/frontend-vue/node_modules/playwright-core/lib/tools/trace/traceSnapshot.js	6010	149	generated:node_modules	generated_or_vendor_ignore_for_dead_code	
demo/video-chat/frontend-vue/node_modules/playwright-core/lib/tools/trace/traceUtils.js	6139	153	generated:node_modules	generated_or_vendor_ignore_for_dead_code	
demo/video-chat/frontend-vue/node_modules/playwright-core/lib/tools/utils/connect.js	1348	32	generated:node_modules	generated_or_vendor_ignore_for_dead_code	
demo/video-chat/frontend-vue/node_modules/playwright-core/lib/tools/utils/mcp/http.js	6148	152	generated:node_modules	generated_or_vendor_ignore_for_dead_code	
demo/video-chat/frontend-vue/node_modules/playwright-core/lib/tools/utils/mcp/server.js	7717	230	generated:node_modules	generated_or_vendor_ignore_for_dead_code	capabilities
demo/video-chat/frontend-vue/node_modules/playwright-core/lib/tools/utils/mcp/tool.js	1580	47	generated:node_modules	generated_or_vendor_ignore_for_dead_code	
demo/video-chat/frontend-vue/node_modules/playwright-core/lib/tools/utils/socketConnection.js	3317	108	generated:node_modules	generated_or_vendor_ignore_for_dead_code	
demo/video-chat/frontend-vue/node_modules/playwright-core/lib/utils.js	6666	115	generated:node_modules	generated_or_vendor_ignore_for_dead_code	
demo/video-chat/frontend-vue/node_modules/playwright-core/lib/utils/isomorphic/ariaSnapshot.js	15015	455	generated:node_modules	generated_or_vendor_ignore_for_dead_code	
demo/video-chat/frontend-vue/node_modules/playwright-core/lib/utils/isomorphic/assert.js	1126	31	generated:node_modules	generated_or_vendor_ignore_for_dead_code	
demo/video-chat/frontend-vue/node_modules/playwright-core/lib/utils/isomorphic/colors.js	2395	72	generated:node_modules	generated_or_vendor_ignore_for_dead_code	
demo/video-chat/frontend-vue/node_modules/playwright-core/lib/utils/isomorphic/cssParser.js	9239	245	generated:node_modules	generated_or_vendor_ignore_for_dead_code	
demo/video-chat/frontend-vue/node_modules/playwright-core/lib/utils/isomorphic/cssTokenizer.js	26850	1051	generated:node_modules	generated_or_vendor_ignore_for_dead_code	
demo/video-chat/frontend-vue/node_modules/playwright-core/lib/utils/isomorphic/formatUtils.js	1952	64	generated:node_modules	generated_or_vendor_ignore_for_dead_code	
demo/video-chat/frontend-vue/node_modules/playwright-core/lib/utils/isomorphic/headers.js	1895	53	generated:node_modules	generated_or_vendor_ignore_for_dead_code	
demo/video-chat/frontend-vue/node_modules/playwright-core/lib/utils/isomorphic/imageUtils.js	5468	141	generated:node_modules	generated_or_vendor_ignore_for_dead_code	
demo/video-chat/frontend-vue/node_modules/playwright-core/lib/utils/isomorphic/jsonSchema.js	3121	89	generated:node_modules	generated_or_vendor_ignore_for_dead_code	
demo/video-chat/frontend-vue/node_modules/playwright-core/lib/utils/isomorphic/locatorGenerators.js	26382	689	generated:node_modules	generated_or_vendor_ignore_for_dead_code	
demo/video-chat/frontend-vue/node_modules/playwright-core/lib/utils/isomorphic/locatorParser.js	9681	176	generated:node_modules	generated_or_vendor_ignore_for_dead_code	
demo/video-chat/frontend-vue/node_modules/playwright-core/lib/utils/isomorphic/locatorUtils.js	3503	81	generated:node_modules	generated_or_vendor_ignore_for_dead_code	
demo/video-chat/frontend-vue/node_modules/playwright-core/lib/utils/isomorphic/lruCache.js	1721	51	generated:node_modules	generated_or_vendor_ignore_for_dead_code	
demo/video-chat/frontend-vue/node_modules/playwright-core/lib/utils/isomorphic/manualPromise.js	3402	114	generated:node_modules	generated_or_vendor_ignore_for_dead_code	
demo/video-chat/frontend-vue/node_modules/playwright-core/lib/utils/isomorphic/mimeType.js	15493	464	generated:node_modules	generated_or_vendor_ignore_for_dead_code	capabilities
demo/video-chat/frontend-vue/node_modules/playwright-core/lib/utils/isomorphic/multimap.js	2095	80	generated:node_modules	generated_or_vendor_ignore_for_dead_code	
demo/video-chat/frontend-vue/node_modules/playwright-core/lib/utils/isomorphic/protocolFormatter.js	2882	81	generated:node_modules	generated_or_vendor_ignore_for_dead_code	
demo/video-chat/frontend-vue/node_modules/playwright-core/lib/utils/isomorphic/protocolMetainfo.js	25718	351	generated:node_modules	generated_or_vendor_ignore_for_dead_code	
demo/video-chat/frontend-vue/node_modules/playwright-core/lib/utils/isomorphic/rtti.js	1521	43	generated:node_modules	generated_or_vendor_ignore_for_dead_code	
demo/video-chat/frontend-vue/node_modules/playwright-core/lib/utils/isomorphic/selectorParser.js	14046	386	generated:node_modules	generated_or_vendor_ignore_for_dead_code	
demo/video-chat/frontend-vue/node_modules/playwright-core/lib/utils/isomorphic/semaphore.js	1598	54	generated:node_modules	generated_or_vendor_ignore_for_dead_code	
demo/video-chat/frontend-vue/node_modules/playwright-core/lib/utils/isomorphic/stackTrace.js	5326	158	generated:node_modules	generated_or_vendor_ignore_for_dead_code	
demo/video-chat/frontend-vue/node_modules/playwright-core/lib/utils/isomorphic/stringUtils.js	7260	204	generated:node_modules	generated_or_vendor_ignore_for_dead_code	
demo/video-chat/frontend-vue/node_modules/playwright-core/lib/utils/isomorphic/time.js	1759	49	generated:node_modules	generated_or_vendor_ignore_for_dead_code	
demo/video-chat/frontend-vue/node_modules/playwright-core/lib/utils/isomorphic/timeoutRunner.js	2465	66	generated:node_modules	generated_or_vendor_ignore_for_dead_code	
demo/video-chat/frontend-vue/node_modules/playwright-core/lib/utils/isomorphic/trace/entries.js	745	16	generated:node_modules	generated_or_vendor_ignore_for_dead_code	
demo/video-chat/frontend-vue/node_modules/playwright-core/lib/utils/isomorphic/trace/snapshotRenderer.js	22815	492	generated:node_modules	generated_or_vendor_ignore_for_dead_code	background
demo/video-chat/frontend-vue/node_modules/playwright-core/lib/utils/isomorphic/trace/snapshotServer.js	4691	120	generated:node_modules	generated_or_vendor_ignore_for_dead_code	
demo/video-chat/frontend-vue/node_modules/playwright-core/lib/utils/isomorphic/trace/snapshotStorage.js	3588	89	generated:node_modules	generated_or_vendor_ignore_for_dead_code	
demo/video-chat/frontend-vue/node_modules/playwright-core/lib/utils/isomorphic/trace/traceLoader.js	5003	132	generated:node_modules	generated_or_vendor_ignore_for_dead_code	
demo/video-chat/frontend-vue/node_modules/playwright-core/lib/utils/isomorphic/trace/traceModel.js	13546	366	generated:node_modules	generated_or_vendor_ignore_for_dead_code	keyframe_delta
demo/video-chat/frontend-vue/node_modules/playwright-core/lib/utils/isomorphic/trace/traceModernizer.js	13245	401	generated:node_modules	generated_or_vendor_ignore_for_dead_code	
demo/video-chat/frontend-vue/node_modules/playwright-core/lib/utils/isomorphic/trace/traceUtils.js	2175	58	generated:node_modules	generated_or_vendor_ignore_for_dead_code	
demo/video-chat/frontend-vue/node_modules/playwright-core/lib/utils/isomorphic/trace/versions/traceV3.js	745	16	generated:node_modules	generated_or_vendor_ignore_for_dead_code	
demo/video-chat/frontend-vue/node_modules/playwright-core/lib/utils/isomorphic/trace/versions/traceV4.js	745	16	generated:node_modules	generated_or_vendor_ignore_for_dead_code	
demo/video-chat/frontend-vue/node_modules/playwright-core/lib/utils/isomorphic/trace/versions/traceV5.js	745	16	generated:node_modules	generated_or_vendor_ignore_for_dead_code	
demo/video-chat/frontend-vue/node_modules/playwright-core/lib/utils/isomorphic/trace/versions/traceV6.js	745	16	generated:node_modules	generated_or_vendor_ignore_for_dead_code	
demo/video-chat/frontend-vue/node_modules/playwright-core/lib/utils/isomorphic/trace/versions/traceV7.js	745	16	generated:node_modules	generated_or_vendor_ignore_for_dead_code	
demo/video-chat/frontend-vue/node_modules/playwright-core/lib/utils/isomorphic/trace/versions/traceV8.js	745	16	generated:node_modules	generated_or_vendor_ignore_for_dead_code	
demo/video-chat/frontend-vue/node_modules/playwright-core/lib/utils/isomorphic/types.js	741	16	generated:node_modules	generated_or_vendor_ignore_for_dead_code	
demo/video-chat/frontend-vue/node_modules/playwright-core/lib/utils/isomorphic/urlMatch.js	7732	243	generated:node_modules	generated_or_vendor_ignore_for_dead_code	
demo/video-chat/frontend-vue/node_modules/playwright-core/lib/utils/isomorphic/utilityScriptSerializers.js	8294	262	generated:node_modules	generated_or_vendor_ignore_for_dead_code	
demo/video-chat/frontend-vue/node_modules/playwright-core/lib/utils/isomorphic/yaml.js	2520	84	generated:node_modules	generated_or_vendor_ignore_for_dead_code	
demo/video-chat/frontend-vue/node_modules/playwright-core/lib/utilsBundle.js	3048	91	generated:node_modules	generated_or_vendor_ignore_for_dead_code	
demo/video-chat/frontend-vue/node_modules/playwright-core/lib/utilsBundleImpl/index.js	469585	217	generated:node_modules	generated_or_vendor_ignore_for_dead_code	background,backpressure,capabilities,keyframe_delta
demo/video-chat/frontend-vue/node_modules/playwright-core/lib/utilsBundleImpl/xdg-open	25778	1066	generated:node_modules	generated_or_vendor_ignore_for_dead_code	fallback
demo/video-chat/frontend-vue/node_modules/playwright-core/lib/vite/dashboard/assets/index-BAOybkp8.js	250763	50	generated:node_modules	generated_or_vendor_ignore_for_dead_code	background,reconnect,backpressure,fallback,repair,keyframe_delta
demo/video-chat/frontend-vue/node_modules/playwright-core/lib/vite/dashboard/assets/index-CZAYOG76.css	49922	1	generated:node_modules	generated_or_vendor_ignore_for_dead_code	background,keyframe_delta
demo/video-chat/frontend-vue/node_modules/playwright-core/lib/vite/dashboard/index.html	1007	28	generated:node_modules	generated_or_vendor_ignore_for_dead_code	
demo/video-chat/frontend-vue/node_modules/playwright-core/lib/vite/htmlReport/index.html	464	16	generated:node_modules	generated_or_vendor_ignore_for_dead_code	
demo/video-chat/frontend-vue/node_modules/playwright-core/lib/vite/htmlReport/report.css	108188	1	generated:node_modules	generated_or_vendor_ignore_for_dead_code	background,reconnect,keyframe_delta
demo/video-chat/frontend-vue/node_modules/playwright-core/lib/vite/htmlReport/report.js	414137	72	generated:node_modules	generated_or_vendor_ignore_for_dead_code	background,security,reconnect,backpressure,fallback,repair,keyframe_delta
demo/video-chat/frontend-vue/node_modules/playwright-core/lib/vite/recorder/assets/codeMirrorModule-C8KMvO9L.js	313009	32	generated:node_modules	generated_or_vendor_ignore_for_dead_code	background,fallback,keyframe_delta
demo/video-chat/frontend-vue/node_modules/playwright-core/lib/vite/recorder/assets/codeMirrorModule-DYBRYzYX.css	6421	1	generated:node_modules	generated_or_vendor_ignore_for_dead_code	background,keyframe_delta
demo/video-chat/frontend-vue/node_modules/playwright-core/lib/vite/recorder/assets/codicon-DCmgc-ay.ttf	80340	0	generated:node_modules	generated_or_vendor_ignore_for_dead_code	
demo/video-chat/frontend-vue/node_modules/playwright-core/lib/vite/recorder/assets/index-BSjZa4pk.css	92055	1	generated:node_modules	generated_or_vendor_ignore_for_dead_code	background,reconnect,keyframe_delta
demo/video-chat/frontend-vue/node_modules/playwright-core/lib/vite/recorder/assets/index-CqAYX1I3.js	363696	193	generated:node_modules	generated_or_vendor_ignore_for_dead_code	background,reconnect,backpressure,fallback,repair,keyframe_delta
demo/video-chat/frontend-vue/node_modules/playwright-core/lib/vite/recorder/index.html	1078	29	generated:node_modules	generated_or_vendor_ignore_for_dead_code	
demo/video-chat/frontend-vue/node_modules/playwright-core/lib/vite/recorder/playwright-logo.svg	5033	9	generated:node_modules	generated_or_vendor_ignore_for_dead_code	
demo/video-chat/frontend-vue/node_modules/playwright-core/lib/vite/traceViewer/assets/codeMirrorModule-DS0FLvoc.js	313023	32	generated:node_modules	generated_or_vendor_ignore_for_dead_code	background,fallback,keyframe_delta
demo/video-chat/frontend-vue/node_modules/playwright-core/lib/vite/traceViewer/assets/defaultSettingsView-GTWI-W_B.js	643623	262	generated:node_modules	generated_or_vendor_ignore_for_dead_code	background,reconnect,backpressure,fallback,repair,keyframe_delta
demo/video-chat/frontend-vue/node_modules/playwright-core/lib/vite/traceViewer/assets/xtermModule-CsJ4vdCR.js	292244	9	generated:node_modules	generated_or_vendor_ignore_for_dead_code	background,reconnect,fallback,keyframe_delta
demo/video-chat/frontend-vue/node_modules/playwright-core/lib/vite/traceViewer/codeMirrorModule.DYBRYzYX.css	6421	1	generated:node_modules	generated_or_vendor_ignore_for_dead_code	background,keyframe_delta
demo/video-chat/frontend-vue/node_modules/playwright-core/lib/vite/traceViewer/codicon.DCmgc-ay.ttf	80340	0	generated:node_modules	generated_or_vendor_ignore_for_dead_code	
demo/video-chat/frontend-vue/node_modules/playwright-core/lib/vite/traceViewer/defaultSettingsView.B4dS75f0.css	110544	1	generated:node_modules	generated_or_vendor_ignore_for_dead_code	background,reconnect,keyframe_delta
demo/video-chat/frontend-vue/node_modules/playwright-core/lib/vite/traceViewer/index.C5466mMT.js	6509	2	generated:node_modules	generated_or_vendor_ignore_for_dead_code	
demo/video-chat/frontend-vue/node_modules/playwright-core/lib/vite/traceViewer/index.CzXZzn5A.css	2111	1	generated:node_modules	generated_or_vendor_ignore_for_dead_code	background,reconnect
demo/video-chat/frontend-vue/node_modules/playwright-core/lib/vite/traceViewer/index.html	2283	43	generated:node_modules	generated_or_vendor_ignore_for_dead_code	fallback
demo/video-chat/frontend-vue/node_modules/playwright-core/lib/vite/traceViewer/manifest.webmanifest	429	16	generated:node_modules	generated_or_vendor_ignore_for_dead_code	background
demo/video-chat/frontend-vue/node_modules/playwright-core/lib/vite/traceViewer/playwright-logo.svg	5033	9	generated:node_modules	generated_or_vendor_ignore_for_dead_code	
demo/video-chat/frontend-vue/node_modules/playwright-core/lib/vite/traceViewer/snapshot.html	935	21	generated:node_modules	generated_or_vendor_ignore_for_dead_code	
demo/video-chat/frontend-vue/node_modules/playwright-core/lib/vite/traceViewer/sw.bundle.js	95084	5	generated:node_modules	generated_or_vendor_ignore_for_dead_code	background
demo/video-chat/frontend-vue/node_modules/playwright-core/lib/vite/traceViewer/uiMode.Btcz36p_.css	60239	1	generated:node_modules	generated_or_vendor_ignore_for_dead_code	background,reconnect
demo/video-chat/frontend-vue/node_modules/playwright-core/lib/vite/traceViewer/uiMode.Vipi55dB.js	38156	6	generated:node_modules	generated_or_vendor_ignore_for_dead_code	background,reconnect,fallback
demo/video-chat/frontend-vue/node_modules/playwright-core/lib/vite/traceViewer/uiMode.html	647	17	generated:node_modules	generated_or_vendor_ignore_for_dead_code	
demo/video-chat/frontend-vue/node_modules/playwright-core/lib/vite/traceViewer/xtermModule.DYP7pi_n.css	4150	32	generated:node_modules	generated_or_vendor_ignore_for_dead_code	background
demo/video-chat/frontend-vue/node_modules/playwright-core/lib/zipBundle.js	1242	34	generated:node_modules	generated_or_vendor_ignore_for_dead_code	
demo/video-chat/frontend-vue/node_modules/playwright-core/lib/zipBundleImpl.js	54281	5	generated:node_modules	generated_or_vendor_ignore_for_dead_code	
demo/video-chat/frontend-vue/node_modules/playwright-core/lib/zodBundle.js	1686	39	generated:node_modules	generated_or_vendor_ignore_for_dead_code	
demo/video-chat/frontend-vue/node_modules/playwright-core/lib/zodBundleImpl.js	324177	40	generated:node_modules	generated_or_vendor_ignore_for_dead_code	fallback
demo/video-chat/frontend-vue/node_modules/playwright-core/package.json	1778	48	generated:node_modules	generated_or_vendor_ignore_for_dead_code	
demo/video-chat/frontend-vue/node_modules/playwright-core/types/protocol.d.ts	820658	24720	generated:node_modules	generated_or_vendor_ignore_for_dead_code	background,security,reconnect,backpressure,capabilities,fallback,keyframe_delta
demo/video-chat/frontend-vue/node_modules/playwright-core/types/structs.d.ts	2103	45	generated:node_modules	generated_or_vendor_ignore_for_dead_code	
demo/video-chat/frontend-vue/node_modules/playwright-core/types/types.d.ts	969706	23623	generated:node_modules	generated_or_vendor_ignore_for_dead_code	background,reconnect,capabilities,fallback,repair,keyframe_delta
demo/video-chat/frontend-vue/node_modules/playwright/LICENSE	11601	202	generated:node_modules	generated_or_vendor_ignore_for_dead_code	
demo/video-chat/frontend-vue/node_modules/playwright/NOTICE	254	5	generated:node_modules	generated_or_vendor_ignore_for_dead_code	
demo/video-chat/frontend-vue/node_modules/playwright/README.md	8267	170	generated:node_modules	generated_or_vendor_ignore_for_dead_code	capabilities
demo/video-chat/frontend-vue/node_modules/playwright/ThirdPartyNotices.txt	205509	3919	generated:node_modules	generated_or_vendor_ignore_for_dead_code	
demo/video-chat/frontend-vue/node_modules/playwright/cli.js	698	19	generated:node_modules	generated_or_vendor_ignore_for_dead_code	
demo/video-chat/frontend-vue/node_modules/playwright/index.d.ts	636	17	generated:node_modules	generated_or_vendor_ignore_for_dead_code	
demo/video-chat/frontend-vue/node_modules/playwright/index.js	648	17	generated:node_modules	generated_or_vendor_ignore_for_dead_code	
demo/video-chat/frontend-vue/node_modules/playwright/index.mjs	704	18	generated:node_modules	generated_or_vendor_ignore_for_dead_code	
demo/video-chat/frontend-vue/node_modules/playwright/jsx-runtime.js	942	42	generated:node_modules	generated_or_vendor_ignore_for_dead_code	
demo/video-chat/frontend-vue/node_modules/playwright/jsx-runtime.mjs	764	21	generated:node_modules	generated_or_vendor_ignore_for_dead_code	
demo/video-chat/frontend-vue/node_modules/playwright/lib/agents/agentParser.js	3501	89	generated:node_modules	generated_or_vendor_ignore_for_dead_code	
demo/video-chat/frontend-vue/node_modules/playwright/lib/agents/copilot-setup-steps.yml	646	34	generated:node_modules	generated_or_vendor_ignore_for_dead_code	
demo/video-chat/frontend-vue/node_modules/playwright/lib/agents/generateAgents.js	14416	346	generated:node_modules	generated_or_vendor_ignore_for_dead_code	
demo/video-chat/frontend-vue/node_modules/playwright/lib/agents/playwright-test-coverage.prompt.md	1294	31	generated:node_modules	generated_or_vendor_ignore_for_dead_code	
demo/video-chat/frontend-vue/node_modules/playwright/lib/agents/playwright-test-generate.prompt.md	175	8	generated:node_modules	generated_or_vendor_ignore_for_dead_code	
demo/video-chat/frontend-vue/node_modules/playwright/lib/agents/playwright-test-generator.agent.md	3336	88	generated:node_modules	generated_or_vendor_ignore_for_dead_code	
demo/video-chat/frontend-vue/node_modules/playwright/lib/agents/playwright-test-heal.prompt.md	105	6	generated:node_modules	generated_or_vendor_ignore_for_dead_code	
demo/video-chat/frontend-vue/node_modules/playwright/lib/agents/playwright-test-healer.agent.md	2847	55	generated:node_modules	generated_or_vendor_ignore_for_dead_code	
demo/video-chat/frontend-vue/node_modules/playwright/lib/agents/playwright-test-plan.prompt.md	196	9	generated:node_modules	generated_or_vendor_ignore_for_dead_code	
demo/video-chat/frontend-vue/node_modules/playwright/lib/agents/playwright-test-planner.agent.md	2757	73	generated:node_modules	generated_or_vendor_ignore_for_dead_code	
demo/video-chat/frontend-vue/node_modules/playwright/lib/common/config.js	13708	281	generated:node_modules	generated_or_vendor_ignore_for_dead_code	
demo/video-chat/frontend-vue/node_modules/playwright/lib/common/configLoader.js	16819	344	generated:node_modules	generated_or_vendor_ignore_for_dead_code	
demo/video-chat/frontend-vue/node_modules/playwright/lib/common/esmLoaderHost.js	4240	104	generated:node_modules	generated_or_vendor_ignore_for_dead_code	
demo/video-chat/frontend-vue/node_modules/playwright/lib/common/expectBundle.js	1096	28	generated:node_modules	generated_or_vendor_ignore_for_dead_code	
demo/video-chat/frontend-vue/node_modules/playwright/lib/common/expectBundleImpl.js	259576	407	generated:node_modules	generated_or_vendor_ignore_for_dead_code	
demo/video-chat/frontend-vue/node_modules/playwright/lib/common/fixtures.js	12524	302	generated:node_modules	generated_or_vendor_ignore_for_dead_code	
demo/video-chat/frontend-vue/node_modules/playwright/lib/common/globals.js	1935	58	generated:node_modules	generated_or_vendor_ignore_for_dead_code	
demo/video-chat/frontend-vue/node_modules/playwright/lib/common/ipc.js	2527	60	generated:node_modules	generated_or_vendor_ignore_for_dead_code	
demo/video-chat/frontend-vue/node_modules/playwright/lib/common/poolBuilder.js	3234	85	generated:node_modules	generated_or_vendor_ignore_for_dead_code	
demo/video-chat/frontend-vue/node_modules/playwright/lib/common/process.js	4626	133	generated:node_modules	generated_or_vendor_ignore_for_dead_code	
demo/video-chat/frontend-vue/node_modules/playwright/lib/common/suiteUtils.js	6820	140	generated:node_modules	generated_or_vendor_ignore_for_dead_code	
demo/video-chat/frontend-vue/node_modules/playwright/lib/common/test.js	9141	330	generated:node_modules	generated_or_vendor_ignore_for_dead_code	
demo/video-chat/frontend-vue/node_modules/playwright/lib/common/testLoader.js	4045	101	generated:node_modules	generated_or_vendor_ignore_for_dead_code	
demo/video-chat/frontend-vue/node_modules/playwright/lib/common/testType.js	13904	301	generated:node_modules	generated_or_vendor_ignore_for_dead_code	
demo/video-chat/frontend-vue/node_modules/playwright/lib/common/validators.js	2292	68	generated:node_modules	generated_or_vendor_ignore_for_dead_code	
demo/video-chat/frontend-vue/node_modules/playwright/lib/errorContext.js	4427	121	generated:node_modules	generated_or_vendor_ignore_for_dead_code	
demo/video-chat/frontend-vue/node_modules/playwright/lib/fsWatcher.js	2527	67	generated:node_modules	generated_or_vendor_ignore_for_dead_code	
demo/video-chat/frontend-vue/node_modules/playwright/lib/index.js	33937	764	generated:node_modules	generated_or_vendor_ignore_for_dead_code	background
demo/video-chat/frontend-vue/node_modules/playwright/lib/internalsForTest.js	2052	42	generated:node_modules	generated_or_vendor_ignore_for_dead_code	
demo/video-chat/frontend-vue/node_modules/playwright/lib/isomorphic/events.js	2392	77	generated:node_modules	generated_or_vendor_ignore_for_dead_code	
demo/video-chat/frontend-vue/node_modules/playwright/lib/isomorphic/folders.js	1162	30	generated:node_modules	generated_or_vendor_ignore_for_dead_code	
demo/video-chat/frontend-vue/node_modules/playwright/lib/isomorphic/stringInternPool.js	2079	69	generated:node_modules	generated_or_vendor_ignore_for_dead_code	
demo/video-chat/frontend-vue/node_modules/playwright/lib/isomorphic/teleReceiver.js	16649	538	generated:node_modules	generated_or_vendor_ignore_for_dead_code	
demo/video-chat/frontend-vue/node_modules/playwright/lib/isomorphic/teleSuiteUpdater.js	5275	157	generated:node_modules	generated_or_vendor_ignore_for_dead_code	
demo/video-chat/frontend-vue/node_modules/playwright/lib/isomorphic/testServerConnection.js	7623	223	generated:node_modules	generated_or_vendor_ignore_for_dead_code	
demo/video-chat/frontend-vue/node_modules/playwright/lib/isomorphic/testServerInterface.js	769	16	generated:node_modules	generated_or_vendor_ignore_for_dead_code	
demo/video-chat/frontend-vue/node_modules/playwright/lib/isomorphic/testTree.js	11608	329	generated:node_modules	generated_or_vendor_ignore_for_dead_code	
demo/video-chat/frontend-vue/node_modules/playwright/lib/isomorphic/types.d.js	745	16	generated:node_modules	generated_or_vendor_ignore_for_dead_code	
demo/video-chat/frontend-vue/node_modules/playwright/lib/loader/loaderMain.js	2397	59	generated:node_modules	generated_or_vendor_ignore_for_dead_code	
demo/video-chat/frontend-vue/node_modules/playwright/lib/matchers/expect.js	12887	311	generated:node_modules	generated_or_vendor_ignore_for_dead_code	
demo/video-chat/frontend-vue/node_modules/playwright/lib/matchers/matcherHint.js	1698	44	generated:node_modules	generated_or_vendor_ignore_for_dead_code	
demo/video-chat/frontend-vue/node_modules/playwright/lib/matchers/matchers.js	19410	385	generated:node_modules	generated_or_vendor_ignore_for_dead_code	
demo/video-chat/frontend-vue/node_modules/playwright/lib/matchers/toBeTruthy.js	2398	75	generated:node_modules	generated_or_vendor_ignore_for_dead_code	
demo/video-chat/frontend-vue/node_modules/playwright/lib/matchers/toEqual.js	3104	100	generated:node_modules	generated_or_vendor_ignore_for_dead_code	
demo/video-chat/frontend-vue/node_modules/playwright/lib/matchers/toHaveURL.js	3555	101	generated:node_modules	generated_or_vendor_ignore_for_dead_code	
demo/video-chat/frontend-vue/node_modules/playwright/lib/matchers/toMatchAriaSnapshot.js	7241	163	generated:node_modules	generated_or_vendor_ignore_for_dead_code	
demo/video-chat/frontend-vue/node_modules/playwright/lib/matchers/toMatchSnapshot.js	17611	349	generated:node_modules	generated_or_vendor_ignore_for_dead_code	background
demo/video-chat/frontend-vue/node_modules/playwright/lib/matchers/toMatchText.js	4174	99	generated:node_modules	generated_or_vendor_ignore_for_dead_code	
demo/video-chat/frontend-vue/node_modules/playwright/lib/mcp/test/browserBackend.js	4801	121	generated:node_modules	generated_or_vendor_ignore_for_dead_code	capabilities
demo/video-chat/frontend-vue/node_modules/playwright/lib/mcp/test/generatorTools.js	5486	122	generated:node_modules	generated_or_vendor_ignore_for_dead_code	
demo/video-chat/frontend-vue/node_modules/playwright/lib/mcp/test/plannerTools.js	6350	145	generated:node_modules	generated_or_vendor_ignore_for_dead_code	
demo/video-chat/frontend-vue/node_modules/playwright/lib/mcp/test/seed.js	3242	82	generated:node_modules	generated_or_vendor_ignore_for_dead_code	
demo/video-chat/frontend-vue/node_modules/playwright/lib/mcp/test/streams.js	1577	44	generated:node_modules	generated_or_vendor_ignore_for_dead_code	
demo/video-chat/frontend-vue/node_modules/playwright/lib/mcp/test/testBackend.js	4055	99	generated:node_modules	generated_or_vendor_ignore_for_dead_code	
demo/video-chat/frontend-vue/node_modules/playwright/lib/mcp/test/testContext.js	10832	283	generated:node_modules	generated_or_vendor_ignore_for_dead_code	
demo/video-chat/frontend-vue/node_modules/playwright/lib/mcp/test/testTool.js	1104	30	generated:node_modules	generated_or_vendor_ignore_for_dead_code	
demo/video-chat/frontend-vue/node_modules/playwright/lib/mcp/test/testTools.js	4498	108	generated:node_modules	generated_or_vendor_ignore_for_dead_code	repair
demo/video-chat/frontend-vue/node_modules/playwright/lib/plugins/gitCommitInfoPlugin.js	6841	198	generated:node_modules	generated_or_vendor_ignore_for_dead_code	
demo/video-chat/frontend-vue/node_modules/playwright/lib/plugins/index.js	1119	28	generated:node_modules	generated_or_vendor_ignore_for_dead_code	
demo/video-chat/frontend-vue/node_modules/playwright/lib/plugins/webServerPlugin.js	10150	238	generated:node_modules	generated_or_vendor_ignore_for_dead_code	
demo/video-chat/frontend-vue/node_modules/playwright/lib/program.js	13982	239	generated:node_modules	generated_or_vendor_ignore_for_dead_code	repair
demo/video-chat/frontend-vue/node_modules/playwright/lib/reportActions.js	3650	80	generated:node_modules	generated_or_vendor_ignore_for_dead_code	
demo/video-chat/frontend-vue/node_modules/playwright/lib/reporters/base.js	24286	633	generated:node_modules	generated_or_vendor_ignore_for_dead_code	
demo/video-chat/frontend-vue/node_modules/playwright/lib/reporters/blob.js	5796	138	generated:node_modules	generated_or_vendor_ignore_for_dead_code	
demo/video-chat/frontend-vue/node_modules/playwright/lib/reporters/dot.js	3374	99	generated:node_modules	generated_or_vendor_ignore_for_dead_code	
demo/video-chat/frontend-vue/node_modules/playwright/lib/reporters/empty.js	1066	32	generated:node_modules	generated_or_vendor_ignore_for_dead_code	
demo/video-chat/frontend-vue/node_modules/playwright/lib/reporters/github.js	4831	127	generated:node_modules	generated_or_vendor_ignore_for_dead_code	
demo/video-chat/frontend-vue/node_modules/playwright/lib/reporters/html.js	27448	666	generated:node_modules	generated_or_vendor_ignore_for_dead_code	keyframe_delta
demo/video-chat/frontend-vue/node_modules/playwright/lib/reporters/internalReporter.js	5172	138	generated:node_modules	generated_or_vendor_ignore_for_dead_code	
demo/video-chat/frontend-vue/node_modules/playwright/lib/reporters/json.js	9054	254	generated:node_modules	generated_or_vendor_ignore_for_dead_code	
demo/video-chat/frontend-vue/node_modules/playwright/lib/reporters/junit.js	12140	321	generated:node_modules	generated_or_vendor_ignore_for_dead_code	
demo/video-chat/frontend-vue/node_modules/playwright/lib/reporters/line.js	4899	131	generated:node_modules	generated_or_vendor_ignore_for_dead_code	
demo/video-chat/frontend-vue/node_modules/playwright/lib/reporters/list.js	9789	252	generated:node_modules	generated_or_vendor_ignore_for_dead_code	
demo/video-chat/frontend-vue/node_modules/playwright/lib/reporters/listModeReporter.js	3058	69	generated:node_modules	generated_or_vendor_ignore_for_dead_code	
demo/video-chat/frontend-vue/node_modules/playwright/lib/reporters/markdown.js	5459	144	generated:node_modules	generated_or_vendor_ignore_for_dead_code	
demo/video-chat/frontend-vue/node_modules/playwright/lib/reporters/merge.js	20546	579	generated:node_modules	generated_or_vendor_ignore_for_dead_code	
demo/video-chat/frontend-vue/node_modules/playwright/lib/reporters/multiplexer.js	3572	116	generated:node_modules	generated_or_vendor_ignore_for_dead_code	
demo/video-chat/frontend-vue/node_modules/playwright/lib/reporters/reporterV2.js	3037	102	generated:node_modules	generated_or_vendor_ignore_for_dead_code	
demo/video-chat/frontend-vue/node_modules/playwright/lib/reporters/teleEmitter.js	10540	319	generated:node_modules	generated_or_vendor_ignore_for_dead_code	
demo/video-chat/frontend-vue/node_modules/playwright/lib/reporters/versions/blobV1.js	743	16	generated:node_modules	generated_or_vendor_ignore_for_dead_code	
demo/video-chat/frontend-vue/node_modules/playwright/lib/runner/dispatcher.js	20428	522	generated:node_modules	generated_or_vendor_ignore_for_dead_code	keyframe_delta
demo/video-chat/frontend-vue/node_modules/playwright/lib/runner/failureTracker.js	2462	72	generated:node_modules	generated_or_vendor_ignore_for_dead_code	
demo/video-chat/frontend-vue/node_modules/playwright/lib/runner/lastRun.js	3042	77	generated:node_modules	generated_or_vendor_ignore_for_dead_code	
demo/video-chat/frontend-vue/node_modules/playwright/lib/runner/loadUtils.js	16214	340	generated:node_modules	generated_or_vendor_ignore_for_dead_code	
demo/video-chat/frontend-vue/node_modules/playwright/lib/runner/loaderHost.js	3683	89	generated:node_modules	generated_or_vendor_ignore_for_dead_code	
demo/video-chat/frontend-vue/node_modules/playwright/lib/runner/processHost.js	6813	180	generated:node_modules	generated_or_vendor_ignore_for_dead_code	
demo/video-chat/frontend-vue/node_modules/playwright/lib/runner/projectUtils.js	9681	241	generated:node_modules	generated_or_vendor_ignore_for_dead_code	
demo/video-chat/frontend-vue/node_modules/playwright/lib/runner/rebase.js	7609	189	generated:node_modules	generated_or_vendor_ignore_for_dead_code	
demo/video-chat/frontend-vue/node_modules/playwright/lib/runner/reporters.js	6224	143	generated:node_modules	generated_or_vendor_ignore_for_dead_code	
demo/video-chat/frontend-vue/node_modules/playwright/lib/runner/sigIntWatcher.js	2726	96	generated:node_modules	generated_or_vendor_ignore_for_dead_code	
demo/video-chat/frontend-vue/node_modules/playwright/lib/runner/taskRunner.js	4662	127	generated:node_modules	generated_or_vendor_ignore_for_dead_code	
demo/video-chat/frontend-vue/node_modules/playwright/lib/runner/tasks.js	17493	413	generated:node_modules	generated_or_vendor_ignore_for_dead_code	
demo/video-chat/frontend-vue/node_modules/playwright/lib/runner/testGroups.js	4775	125	generated:node_modules	generated_or_vendor_ignore_for_dead_code	
demo/video-chat/frontend-vue/node_modules/playwright/lib/runner/testRunner.js	17745	398	generated:node_modules	generated_or_vendor_ignore_for_dead_code	
demo/video-chat/frontend-vue/node_modules/playwright/lib/runner/testServer.js	11073	269	generated:node_modules	generated_or_vendor_ignore_for_dead_code	
demo/video-chat/frontend-vue/node_modules/playwright/lib/runner/uiModeReporter.js	1223	30	generated:node_modules	generated_or_vendor_ignore_for_dead_code	
demo/video-chat/frontend-vue/node_modules/playwright/lib/runner/vcs.js	3421	72	generated:node_modules	generated_or_vendor_ignore_for_dead_code	
demo/video-chat/frontend-vue/node_modules/playwright/lib/runner/watchMode.js	15810	396	generated:node_modules	generated_or_vendor_ignore_for_dead_code	
demo/video-chat/frontend-vue/node_modules/playwright/lib/runner/workerHost.js	3918	101	generated:node_modules	generated_or_vendor_ignore_for_dead_code	
demo/video-chat/frontend-vue/node_modules/playwright/lib/testActions.js	9999	220	generated:node_modules	generated_or_vendor_ignore_for_dead_code	
demo/video-chat/frontend-vue/node_modules/playwright/lib/third_party/pirates.js	2735	62	generated:node_modules	generated_or_vendor_ignore_for_dead_code	
demo/video-chat/frontend-vue/node_modules/playwright/lib/third_party/tsconfig-loader.js	4645	103	generated:node_modules	generated_or_vendor_ignore_for_dead_code	
demo/video-chat/frontend-vue/node_modules/playwright/lib/transform/babelBundle.js	1642	43	generated:node_modules	generated_or_vendor_ignore_for_dead_code	
demo/video-chat/frontend-vue/node_modules/playwright/lib/transform/babelBundleImpl.js	1392638	461	generated:node_modules	generated_or_vendor_ignore_for_dead_code	security,repair,keyframe_delta
demo/video-chat/frontend-vue/node_modules/playwright/lib/transform/compilationCache.js	10988	272	generated:node_modules	generated_or_vendor_ignore_for_dead_code	
demo/video-chat/frontend-vue/node_modules/playwright/lib/transform/esmLoader.js	4835	105	generated:node_modules	generated_or_vendor_ignore_for_dead_code	
demo/video-chat/frontend-vue/node_modules/playwright/lib/transform/portTransport.js	2157	67	generated:node_modules	generated_or_vendor_ignore_for_dead_code	
demo/video-chat/frontend-vue/node_modules/playwright/lib/transform/transform.js	12336	296	generated:node_modules	generated_or_vendor_ignore_for_dead_code	fallback
demo/video-chat/frontend-vue/node_modules/playwright/lib/util.js	15311	400	generated:node_modules	generated_or_vendor_ignore_for_dead_code	security
demo/video-chat/frontend-vue/node_modules/playwright/lib/utilsBundle.js	1657	43	generated:node_modules	generated_or_vendor_ignore_for_dead_code	
demo/video-chat/frontend-vue/node_modules/playwright/lib/utilsBundleImpl.js	216493	100	generated:node_modules	generated_or_vendor_ignore_for_dead_code	security,reconnect
demo/video-chat/frontend-vue/node_modules/playwright/lib/worker/fixtureRunner.js	9887	262	generated:node_modules	generated_or_vendor_ignore_for_dead_code	
demo/video-chat/frontend-vue/node_modules/playwright/lib/worker/testInfo.js	23321	532	generated:node_modules	generated_or_vendor_ignore_for_dead_code	
demo/video-chat/frontend-vue/node_modules/playwright/lib/worker/testTracing.js	13459	351	generated:node_modules	generated_or_vendor_ignore_for_dead_code	
demo/video-chat/frontend-vue/node_modules/playwright/lib/worker/timeoutManager.js	6840	185	generated:node_modules	generated_or_vendor_ignore_for_dead_code	
demo/video-chat/frontend-vue/node_modules/playwright/lib/worker/util.js	1161	31	generated:node_modules	generated_or_vendor_ignore_for_dead_code	
demo/video-chat/frontend-vue/node_modules/playwright/lib/worker/workerMain.js	22338	533	generated:node_modules	generated_or_vendor_ignore_for_dead_code	
demo/video-chat/frontend-vue/node_modules/playwright/package.json	2016	68	generated:node_modules	generated_or_vendor_ignore_for_dead_code	
demo/video-chat/frontend-vue/node_modules/playwright/test.d.ts	673	18	generated:node_modules	generated_or_vendor_ignore_for_dead_code	
demo/video-chat/frontend-vue/node_modules/playwright/test.js	806	24	generated:node_modules	generated_or_vendor_ignore_for_dead_code	
demo/video-chat/frontend-vue/node_modules/playwright/test.mjs	1347	34	generated:node_modules	generated_or_vendor_ignore_for_dead_code	
demo/video-chat/frontend-vue/node_modules/playwright/types/test.d.ts	368871	10322	generated:node_modules	generated_or_vendor_ignore_for_dead_code	background
demo/video-chat/frontend-vue/node_modules/playwright/types/testReporter.d.ts	27881	822	generated:node_modules	generated_or_vendor_ignore_for_dead_code	
demo/video-chat/frontend-vue/node_modules/postcss/LICENSE	1095	20	generated:node_modules	generated_or_vendor_ignore_for_dead_code	
demo/video-chat/frontend-vue/node_modules/postcss/README.md	1156	28	generated:node_modules	generated_or_vendor_ignore_for_dead_code	
demo/video-chat/frontend-vue/node_modules/postcss/lib/at-rule.d.ts	3356	139	generated:node_modules	generated_or_vendor_ignore_for_dead_code	
demo/video-chat/frontend-vue/node_modules/postcss/lib/at-rule.js	471	25	generated:node_modules	generated_or_vendor_ignore_for_dead_code	
demo/video-chat/frontend-vue/node_modules/postcss/lib/comment.d.ts	1680	67	generated:node_modules	generated_or_vendor_ignore_for_dead_code	
demo/video-chat/frontend-vue/node_modules/postcss/lib/comment.js	203	13	generated:node_modules	generated_or_vendor_ignore_for_dead_code	
demo/video-chat/frontend-vue/node_modules/postcss/lib/container.d.ts	14025	478	generated:node_modules	generated_or_vendor_ignore_for_dead_code	background
demo/video-chat/frontend-vue/node_modules/postcss/lib/container.js	10647	447	generated:node_modules	generated_or_vendor_ignore_for_dead_code	
demo/video-chat/frontend-vue/node_modules/postcss/lib/css-syntax-error.d.ts	6447	247	generated:node_modules	generated_or_vendor_ignore_for_dead_code	
demo/video-chat/frontend-vue/node_modules/postcss/lib/css-syntax-error.js	3402	133	generated:node_modules	generated_or_vendor_ignore_for_dead_code	
demo/video-chat/frontend-vue/node_modules/postcss/lib/declaration.d.ts	3833	150	generated:node_modules	generated_or_vendor_ignore_for_dead_code	
demo/video-chat/frontend-vue/node_modules/postcss/lib/declaration.js	495	24	generated:node_modules	generated_or_vendor_ignore_for_dead_code	
demo/video-chat/frontend-vue/node_modules/postcss/lib/document.d.ts	1884	68	generated:node_modules	generated_or_vendor_ignore_for_dead_code	
demo/video-chat/frontend-vue/node_modules/postcss/lib/document.js	654	33	generated:node_modules	generated_or_vendor_ignore_for_dead_code	
demo/video-chat/frontend-vue/node_modules/postcss/lib/fromJSON.d.ts	160	9	generated:node_modules	generated_or_vendor_ignore_for_dead_code	
demo/video-chat/frontend-vue/node_modules/postcss/lib/fromJSON.js	1506	54	generated:node_modules	generated_or_vendor_ignore_for_dead_code	
demo/video-chat/frontend-vue/node_modules/postcss/lib/input.d.ts	5126	226	generated:node_modules	generated_or_vendor_ignore_for_dead_code	
demo/video-chat/frontend-vue/node_modules/postcss/lib/input.js	6798	273	generated:node_modules	generated_or_vendor_ignore_for_dead_code	
demo/video-chat/frontend-vue/node_modules/postcss/lib/lazy-result.d.ts	4939	189	generated:node_modules	generated_or_vendor_ignore_for_dead_code	
demo/video-chat/frontend-vue/node_modules/postcss/lib/lazy-result.js	13869	563	generated:node_modules	generated_or_vendor_ignore_for_dead_code	
demo/video-chat/frontend-vue/node_modules/postcss/lib/list.d.ts	1424	60	generated:node_modules	generated_or_vendor_ignore_for_dead_code	background
demo/video-chat/frontend-vue/node_modules/postcss/lib/list.js	1227	58	generated:node_modules	generated_or_vendor_ignore_for_dead_code	
demo/video-chat/frontend-vue/node_modules/postcss/lib/map-generator.js	10031	376	generated:node_modules	generated_or_vendor_ignore_for_dead_code	
demo/video-chat/frontend-vue/node_modules/postcss/lib/no-work-result.d.ts	1503	45	generated:node_modules	generated_or_vendor_ignore_for_dead_code	
demo/video-chat/frontend-vue/node_modules/postcss/lib/no-work-result.js	2619	137	generated:node_modules	generated_or_vendor_ignore_for_dead_code	
demo/video-chat/frontend-vue/node_modules/postcss/lib/node.d.ts	14694	555	generated:node_modules	generated_or_vendor_ignore_for_dead_code	background
demo/video-chat/frontend-vue/node_modules/postcss/lib/node.js	10719	449	generated:node_modules	generated_or_vendor_ignore_for_dead_code	
demo/video-chat/frontend-vue/node_modules/postcss/lib/parse.d.ts	133	9	generated:node_modules	generated_or_vendor_ignore_for_dead_code	
demo/video-chat/frontend-vue/node_modules/postcss/lib/parse.js	1147	42	generated:node_modules	generated_or_vendor_ignore_for_dead_code	
demo/video-chat/frontend-vue/node_modules/postcss/lib/parser.js	14846	611	generated:node_modules	generated_or_vendor_ignore_for_dead_code	
demo/video-chat/frontend-vue/node_modules/postcss/lib/postcss.d.mts	1046	66	generated:node_modules	generated_or_vendor_ignore_for_dead_code	
demo/video-chat/frontend-vue/node_modules/postcss/lib/postcss.d.ts	11542	461	generated:node_modules	generated_or_vendor_ignore_for_dead_code	
demo/video-chat/frontend-vue/node_modules/postcss/lib/postcss.js	2898	101	generated:node_modules	generated_or_vendor_ignore_for_dead_code	
demo/video-chat/frontend-vue/node_modules/postcss/lib/postcss.mjs	980	30	generated:node_modules	generated_or_vendor_ignore_for_dead_code	
demo/video-chat/frontend-vue/node_modules/postcss/lib/previous-map.d.ts	1757	80	generated:node_modules	generated_or_vendor_ignore_for_dead_code	
demo/video-chat/frontend-vue/node_modules/postcss/lib/previous-map.js	4508	161	generated:node_modules	generated_or_vendor_ignore_for_dead_code	
demo/video-chat/frontend-vue/node_modules/postcss/lib/processor.d.ts	3345	114	generated:node_modules	generated_or_vendor_ignore_for_dead_code	
demo/video-chat/frontend-vue/node_modules/postcss/lib/processor.js	1739	67	generated:node_modules	generated_or_vendor_ignore_for_dead_code	
demo/video-chat/frontend-vue/node_modules/postcss/lib/result.d.ts	4346	204	generated:node_modules	generated_or_vendor_ignore_for_dead_code	
demo/video-chat/frontend-vue/node_modules/postcss/lib/result.js	738	42	generated:node_modules	generated_or_vendor_ignore_for_dead_code	
demo/video-chat/frontend-vue/node_modules/postcss/lib/root.d.ts	2253	86	generated:node_modules	generated_or_vendor_ignore_for_dead_code	
demo/video-chat/frontend-vue/node_modules/postcss/lib/root.js	1239	61	generated:node_modules	generated_or_vendor_ignore_for_dead_code	
demo/video-chat/frontend-vue/node_modules/postcss/lib/rule.d.ts	2879	126	generated:node_modules	generated_or_vendor_ignore_for_dead_code	
demo/video-chat/frontend-vue/node_modules/postcss/lib/rule.js	569	27	generated:node_modules	generated_or_vendor_ignore_for_dead_code	
demo/video-chat/frontend-vue/node_modules/postcss/lib/stringifier.d.ts	1360	45	generated:node_modules	generated_or_vendor_ignore_for_dead_code	
demo/video-chat/frontend-vue/node_modules/postcss/lib/stringifier.js	9586	395	generated:node_modules	generated_or_vendor_ignore_for_dead_code	
demo/video-chat/frontend-vue/node_modules/postcss/lib/stringify.d.ts	163	9	generated:node_modules	generated_or_vendor_ignore_for_dead_code	
demo/video-chat/frontend-vue/node_modules/postcss/lib/stringify.js	213	11	generated:node_modules	generated_or_vendor_ignore_for_dead_code	
demo/video-chat/frontend-vue/node_modules/postcss/lib/symbols.js	91	5	generated:node_modules	generated_or_vendor_ignore_for_dead_code	
demo/video-chat/frontend-vue/node_modules/postcss/lib/terminal-highlight.js	1399	70	generated:node_modules	generated_or_vendor_ignore_for_dead_code	
demo/video-chat/frontend-vue/node_modules/postcss/lib/tokenize.js	6700	270	generated:node_modules	generated_or_vendor_ignore_for_dead_code	
demo/video-chat/frontend-vue/node_modules/postcss/lib/warn-once.js	256	13	generated:node_modules	generated_or_vendor_ignore_for_dead_code	
demo/video-chat/frontend-vue/node_modules/postcss/lib/warning.d.ts	2924	146	generated:node_modules	generated_or_vendor_ignore_for_dead_code	
demo/video-chat/frontend-vue/node_modules/postcss/lib/warning.js	739	37	generated:node_modules	generated_or_vendor_ignore_for_dead_code	
demo/video-chat/frontend-vue/node_modules/postcss/package.json	2497	88	generated:node_modules	generated_or_vendor_ignore_for_dead_code	
demo/video-chat/frontend-vue/node_modules/preact/LICENSE	1087	21	generated:node_modules	generated_or_vendor_ignore_for_dead_code	
demo/video-chat/frontend-vue/node_modules/preact/README.md	14519	185	generated:node_modules	generated_or_vendor_ignore_for_dead_code	
demo/video-chat/frontend-vue/node_modules/preact/compat/client.js	396	19	generated:node_modules	generated_or_vendor_ignore_for_dead_code	
demo/video-chat/frontend-vue/node_modules/preact/compat/client.mjs	400	22	generated:node_modules	generated_or_vendor_ignore_for_dead_code	
demo/video-chat/frontend-vue/node_modules/preact/compat/dist/compat.js	10257	2	generated:node_modules	generated_or_vendor_ignore_for_dead_code	fallback
demo/video-chat/frontend-vue/node_modules/preact/compat/dist/compat.js.map	49026	0	generated:node_modules	generated_or_vendor_ignore_for_dead_code	
demo/video-chat/frontend-vue/node_modules/preact/compat/dist/compat.mjs	9341	2	generated:node_modules	generated_or_vendor_ignore_for_dead_code	fallback
demo/video-chat/frontend-vue/node_modules/preact/compat/dist/compat.module.js	9341	2	generated:node_modules	generated_or_vendor_ignore_for_dead_code	fallback
demo/video-chat/frontend-vue/node_modules/preact/compat/dist/compat.module.js.map	48695	0	generated:node_modules	generated_or_vendor_ignore_for_dead_code	
demo/video-chat/frontend-vue/node_modules/preact/compat/dist/compat.umd.js	10293	2	generated:node_modules	generated_or_vendor_ignore_for_dead_code	fallback
demo/video-chat/frontend-vue/node_modules/preact/compat/dist/compat.umd.js.map	49034	0	generated:node_modules	generated_or_vendor_ignore_for_dead_code	
demo/video-chat/frontend-vue/node_modules/preact/compat/jsx-dev-runtime.js	75	3	generated:node_modules	generated_or_vendor_ignore_for_dead_code	
demo/video-chat/frontend-vue/node_modules/preact/compat/jsx-dev-runtime.mjs	61	3	generated:node_modules	generated_or_vendor_ignore_for_dead_code	
demo/video-chat/frontend-vue/node_modules/preact/compat/jsx-runtime.js	75	3	generated:node_modules	generated_or_vendor_ignore_for_dead_code	
demo/video-chat/frontend-vue/node_modules/preact/compat/jsx-runtime.mjs	61	3	generated:node_modules	generated_or_vendor_ignore_for_dead_code	
demo/video-chat/frontend-vue/node_modules/preact/compat/package.json	1129	50	generated:node_modules	generated_or_vendor_ignore_for_dead_code	
demo/video-chat/frontend-vue/node_modules/preact/compat/scheduler.js	348	15	generated:node_modules	generated_or_vendor_ignore_for_dead_code	
demo/video-chat/frontend-vue/node_modules/preact/compat/scheduler.mjs	768	23	generated:node_modules	generated_or_vendor_ignore_for_dead_code	
demo/video-chat/frontend-vue/node_modules/preact/compat/server.browser.js	100	4	generated:node_modules	generated_or_vendor_ignore_for_dead_code	
demo/video-chat/frontend-vue/node_modules/preact/compat/server.js	358	15	generated:node_modules	generated_or_vendor_ignore_for_dead_code	
demo/video-chat/frontend-vue/node_modules/preact/compat/server.mjs	100	4	generated:node_modules	generated_or_vendor_ignore_for_dead_code	
demo/video-chat/frontend-vue/node_modules/preact/compat/src/Children.js	554	21	generated:node_modules	generated_or_vendor_ignore_for_dead_code	
demo/video-chat/frontend-vue/node_modules/preact/compat/src/PureComponent.js	532	15	generated:node_modules	generated_or_vendor_ignore_for_dead_code	
demo/video-chat/frontend-vue/node_modules/preact/compat/src/forwardRef.js	1370	44	generated:node_modules	generated_or_vendor_ignore_for_dead_code	
demo/video-chat/frontend-vue/node_modules/preact/compat/src/index.d.ts	5479	175	generated:node_modules	generated_or_vendor_ignore_for_dead_code	
demo/video-chat/frontend-vue/node_modules/preact/compat/src/index.js	5770	246	generated:node_modules	generated_or_vendor_ignore_for_dead_code	
demo/video-chat/frontend-vue/node_modules/preact/compat/src/internal.d.ts	1290	47	generated:node_modules	generated_or_vendor_ignore_for_dead_code	
demo/video-chat/frontend-vue/node_modules/preact/compat/src/memo.js	1052	34	generated:node_modules	generated_or_vendor_ignore_for_dead_code	
demo/video-chat/frontend-vue/node_modules/preact/compat/src/portals.js	2295	82	generated:node_modules	generated_or_vendor_ignore_for_dead_code	
demo/video-chat/frontend-vue/node_modules/preact/compat/src/render.js	7515	238	generated:node_modules	generated_or_vendor_ignore_for_dead_code	fallback
demo/video-chat/frontend-vue/node_modules/preact/compat/src/suspense-list.d.ts	353	14	generated:node_modules	generated_or_vendor_ignore_for_dead_code	
demo/video-chat/frontend-vue/node_modules/preact/compat/src/suspense-list.js	4488	126	generated:node_modules	generated_or_vendor_ignore_for_dead_code	
demo/video-chat/frontend-vue/node_modules/preact/compat/src/suspense.d.ts	389	15	generated:node_modules	generated_or_vendor_ignore_for_dead_code	fallback
demo/video-chat/frontend-vue/node_modules/preact/compat/src/suspense.js	7649	270	generated:node_modules	generated_or_vendor_ignore_for_dead_code	fallback
demo/video-chat/frontend-vue/node_modules/preact/compat/src/util.js	976	38	generated:node_modules	generated_or_vendor_ignore_for_dead_code	
demo/video-chat/frontend-vue/node_modules/preact/compat/test-utils.js	47	1	generated:node_modules	generated_or_vendor_ignore_for_dead_code	
demo/video-chat/frontend-vue/node_modules/preact/debug/dist/debug.js	7431	2	generated:node_modules	generated_or_vendor_ignore_for_dead_code	
demo/video-chat/frontend-vue/node_modules/preact/debug/dist/debug.js.map	28963	0	generated:node_modules	generated_or_vendor_ignore_for_dead_code	
demo/video-chat/frontend-vue/node_modules/preact/debug/dist/debug.mjs	7245	2	generated:node_modules	generated_or_vendor_ignore_for_dead_code	
demo/video-chat/frontend-vue/node_modules/preact/debug/dist/debug.module.js	7245	2	generated:node_modules	generated_or_vendor_ignore_for_dead_code	
demo/video-chat/frontend-vue/node_modules/preact/debug/dist/debug.module.js.map	28823	0	generated:node_modules	generated_or_vendor_ignore_for_dead_code	
demo/video-chat/frontend-vue/node_modules/preact/debug/dist/debug.umd.js	7648	2	generated:node_modules	generated_or_vendor_ignore_for_dead_code	
demo/video-chat/frontend-vue/node_modules/preact/debug/dist/debug.umd.js.map	28967	0	generated:node_modules	generated_or_vendor_ignore_for_dead_code	
demo/video-chat/frontend-vue/node_modules/preact/debug/package.json	553	26	generated:node_modules	generated_or_vendor_ignore_for_dead_code	
demo/video-chat/frontend-vue/node_modules/preact/debug/src/check-props.js	1370	54	generated:node_modules	generated_or_vendor_ignore_for_dead_code	
demo/video-chat/frontend-vue/node_modules/preact/debug/src/component-stack.js	3847	146	generated:node_modules	generated_or_vendor_ignore_for_dead_code	
demo/video-chat/frontend-vue/node_modules/preact/debug/src/constants.js	105	3	generated:node_modules	generated_or_vendor_ignore_for_dead_code	
demo/video-chat/frontend-vue/node_modules/preact/debug/src/debug.js	12439	434	generated:node_modules	generated_or_vendor_ignore_for_dead_code	
demo/video-chat/frontend-vue/node_modules/preact/debug/src/index.d.ts	118	4	generated:node_modules	generated_or_vendor_ignore_for_dead_code	
demo/video-chat/frontend-vue/node_modules/preact/debug/src/index.js	129	6	generated:node_modules	generated_or_vendor_ignore_for_dead_code	
demo/video-chat/frontend-vue/node_modules/preact/debug/src/internal.d.ts	2302	82	generated:node_modules	generated_or_vendor_ignore_for_dead_code	
demo/video-chat/frontend-vue/node_modules/preact/debug/src/util.js	335	11	generated:node_modules	generated_or_vendor_ignore_for_dead_code	
demo/video-chat/frontend-vue/node_modules/preact/devtools/dist/devtools.js	299	2	generated:node_modules	generated_or_vendor_ignore_for_dead_code	
demo/video-chat/frontend-vue/node_modules/preact/devtools/dist/devtools.js.map	1058	0	generated:node_modules	generated_or_vendor_ignore_for_dead_code	
demo/video-chat/frontend-vue/node_modules/preact/devtools/dist/devtools.mjs	307	2	generated:node_modules	generated_or_vendor_ignore_for_dead_code	
demo/video-chat/frontend-vue/node_modules/preact/devtools/dist/devtools.module.js	307	2	generated:node_modules	generated_or_vendor_ignore_for_dead_code	
demo/video-chat/frontend-vue/node_modules/preact/devtools/dist/devtools.module.js.map	1051	0	generated:node_modules	generated_or_vendor_ignore_for_dead_code	
demo/video-chat/frontend-vue/node_modules/preact/devtools/dist/devtools.umd.js	501	2	generated:node_modules	generated_or_vendor_ignore_for_dead_code	
demo/video-chat/frontend-vue/node_modules/preact/devtools/dist/devtools.umd.js.map	1062	0	generated:node_modules	generated_or_vendor_ignore_for_dead_code	
demo/video-chat/frontend-vue/node_modules/preact/devtools/package.json	593	25	generated:node_modules	generated_or_vendor_ignore_for_dead_code	
demo/video-chat/frontend-vue/node_modules/preact/devtools/src/devtools.js	257	10	generated:node_modules	generated_or_vendor_ignore_for_dead_code	
demo/video-chat/frontend-vue/node_modules/preact/devtools/src/index.d.ts	233	8	generated:node_modules	generated_or_vendor_ignore_for_dead_code	
demo/video-chat/frontend-vue/node_modules/preact/devtools/src/index.js	336	15	generated:node_modules	generated_or_vendor_ignore_for_dead_code	
demo/video-chat/frontend-vue/node_modules/preact/dist/preact.js	10760	2	generated:node_modules	generated_or_vendor_ignore_for_dead_code	
demo/video-chat/frontend-vue/node_modules/preact/dist/preact.js.map	74758	0	generated:node_modules	generated_or_vendor_ignore_for_dead_code	
demo/video-chat/frontend-vue/node_modules/preact/dist/preact.min.js	10753	2	generated:node_modules	generated_or_vendor_ignore_for_dead_code	
demo/video-chat/frontend-vue/node_modules/preact/dist/preact.min.js.map	74988	0	generated:node_modules	generated_or_vendor_ignore_for_dead_code	
demo/video-chat/frontend-vue/node_modules/preact/dist/preact.min.module.js	10745	2	generated:node_modules	generated_or_vendor_ignore_for_dead_code	
demo/video-chat/frontend-vue/node_modules/preact/dist/preact.min.module.js.map	74994	0	generated:node_modules	generated_or_vendor_ignore_for_dead_code	
demo/video-chat/frontend-vue/node_modules/preact/dist/preact.min.umd.js	10821	2	generated:node_modules	generated_or_vendor_ignore_for_dead_code	
demo/video-chat/frontend-vue/node_modules/preact/dist/preact.min.umd.js.map	74992	0	generated:node_modules	generated_or_vendor_ignore_for_dead_code	
demo/video-chat/frontend-vue/node_modules/preact/dist/preact.mjs	10726	2	generated:node_modules	generated_or_vendor_ignore_for_dead_code	
demo/video-chat/frontend-vue/node_modules/preact/dist/preact.module.js	10726	2	generated:node_modules	generated_or_vendor_ignore_for_dead_code	
demo/video-chat/frontend-vue/node_modules/preact/dist/preact.module.js.map	74808	0	generated:node_modules	generated_or_vendor_ignore_for_dead_code	
demo/video-chat/frontend-vue/node_modules/preact/dist/preact.umd.js	10874	2	generated:node_modules	generated_or_vendor_ignore_for_dead_code	
demo/video-chat/frontend-vue/node_modules/preact/dist/preact.umd.js.map	74763	0	generated:node_modules	generated_or_vendor_ignore_for_dead_code	
demo/video-chat/frontend-vue/node_modules/preact/hooks/dist/hooks.js	3738	2	generated:node_modules	generated_or_vendor_ignore_for_dead_code	
demo/video-chat/frontend-vue/node_modules/preact/hooks/dist/hooks.js.map	21441	0	generated:node_modules	generated_or_vendor_ignore_for_dead_code	
demo/video-chat/frontend-vue/node_modules/preact/hooks/dist/hooks.mjs	3562	2	generated:node_modules	generated_or_vendor_ignore_for_dead_code	
demo/video-chat/frontend-vue/node_modules/preact/hooks/dist/hooks.module.js	3562	2	generated:node_modules	generated_or_vendor_ignore_for_dead_code	
demo/video-chat/frontend-vue/node_modules/preact/hooks/dist/hooks.module.js.map	21374	0	generated:node_modules	generated_or_vendor_ignore_for_dead_code	
demo/video-chat/frontend-vue/node_modules/preact/hooks/dist/hooks.umd.js	3875	2	generated:node_modules	generated_or_vendor_ignore_for_dead_code	
demo/video-chat/frontend-vue/node_modules/preact/hooks/dist/hooks.umd.js.map	21446	0	generated:node_modules	generated_or_vendor_ignore_for_dead_code	
demo/video-chat/frontend-vue/node_modules/preact/hooks/package.json	879	35	generated:node_modules	generated_or_vendor_ignore_for_dead_code	
demo/video-chat/frontend-vue/node_modules/preact/hooks/src/index.d.ts	5628	141	generated:node_modules	generated_or_vendor_ignore_for_dead_code	
demo/video-chat/frontend-vue/node_modules/preact/hooks/src/index.js	13365	486	generated:node_modules	generated_or_vendor_ignore_for_dead_code	
demo/video-chat/frontend-vue/node_modules/preact/hooks/src/internal.d.ts	1993	85	generated:node_modules	generated_or_vendor_ignore_for_dead_code	
demo/video-chat/frontend-vue/node_modules/preact/jsx-runtime/dist/jsxRuntime.js	550	2	generated:node_modules	generated_or_vendor_ignore_for_dead_code	
demo/video-chat/frontend-vue/node_modules/preact/jsx-runtime/dist/jsxRuntime.js.map	2862	0	generated:node_modules	generated_or_vendor_ignore_for_dead_code	
demo/video-chat/frontend-vue/node_modules/preact/jsx-runtime/dist/jsxRuntime.mjs	484	2	generated:node_modules	generated_or_vendor_ignore_for_dead_code	
demo/video-chat/frontend-vue/node_modules/preact/jsx-runtime/dist/jsxRuntime.module.js	484	2	generated:node_modules	generated_or_vendor_ignore_for_dead_code	
demo/video-chat/frontend-vue/node_modules/preact/jsx-runtime/dist/jsxRuntime.module.js.map	2862	0	generated:node_modules	generated_or_vendor_ignore_for_dead_code	
demo/video-chat/frontend-vue/node_modules/preact/jsx-runtime/dist/jsxRuntime.umd.js	734	2	generated:node_modules	generated_or_vendor_ignore_for_dead_code	
demo/video-chat/frontend-vue/node_modules/preact/jsx-runtime/dist/jsxRuntime.umd.js.map	2871	0	generated:node_modules	generated_or_vendor_ignore_for_dead_code	
demo/video-chat/frontend-vue/node_modules/preact/jsx-runtime/package.json	617	28	generated:node_modules	generated_or_vendor_ignore_for_dead_code	
demo/video-chat/frontend-vue/node_modules/preact/jsx-runtime/src/index.d.ts	1195	50	generated:node_modules	generated_or_vendor_ignore_for_dead_code	
demo/video-chat/frontend-vue/node_modules/preact/jsx-runtime/src/index.js	1857	78	generated:node_modules	generated_or_vendor_ignore_for_dead_code	
demo/video-chat/frontend-vue/node_modules/preact/package.json	9843	309	generated:node_modules	generated_or_vendor_ignore_for_dead_code	
demo/video-chat/frontend-vue/node_modules/preact/src/cjs.js	115	3	generated:node_modules	generated_or_vendor_ignore_for_dead_code	
demo/video-chat/frontend-vue/node_modules/preact/src/clone-element.js	983	34	generated:node_modules	generated_or_vendor_ignore_for_dead_code	
demo/video-chat/frontend-vue/node_modules/preact/src/component.js	7251	237	generated:node_modules	generated_or_vendor_ignore_for_dead_code	
demo/video-chat/frontend-vue/node_modules/preact/src/constants.js	161	3	generated:node_modules	generated_or_vendor_ignore_for_dead_code	
demo/video-chat/frontend-vue/node_modules/preact/src/create-context.js	2262	72	generated:node_modules	generated_or_vendor_ignore_for_dead_code	
demo/video-chat/frontend-vue/node_modules/preact/src/create-element.js	3079	98	generated:node_modules	generated_or_vendor_ignore_for_dead_code	
demo/video-chat/frontend-vue/node_modules/preact/src/diff/catch-error.js	1253	40	generated:node_modules	generated_or_vendor_ignore_for_dead_code	
demo/video-chat/frontend-vue/node_modules/preact/src/diff/children.js	10270	351	generated:node_modules	generated_or_vendor_ignore_for_dead_code	
demo/video-chat/frontend-vue/node_modules/preact/src/diff/index.js	16472	560	generated:node_modules	generated_or_vendor_ignore_for_dead_code	
demo/video-chat/frontend-vue/node_modules/preact/src/diff/props.js	4813	171	generated:node_modules	generated_or_vendor_ignore_for_dead_code	
demo/video-chat/frontend-vue/node_modules/preact/src/index.d.ts	10327	384	generated:node_modules	generated_or_vendor_ignore_for_dead_code	
demo/video-chat/frontend-vue/node_modules/preact/src/index.js	391	13	generated:node_modules	generated_or_vendor_ignore_for_dead_code	
demo/video-chat/frontend-vue/node_modules/preact/src/internal.d.ts	5089	156	generated:node_modules	generated_or_vendor_ignore_for_dead_code	
demo/video-chat/frontend-vue/node_modules/preact/src/jsx.d.ts	59070	1846	generated:node_modules	generated_or_vendor_ignore_for_dead_code	background
demo/video-chat/frontend-vue/node_modules/preact/src/options.js	587	16	generated:node_modules	generated_or_vendor_ignore_for_dead_code	
demo/video-chat/frontend-vue/node_modules/preact/src/render.js	2486	75	generated:node_modules	generated_or_vendor_ignore_for_dead_code	
demo/video-chat/frontend-vue/node_modules/preact/src/util.js	850	27	generated:node_modules	generated_or_vendor_ignore_for_dead_code	
demo/video-chat/frontend-vue/node_modules/preact/test-utils/dist/testUtils.js	965	2	generated:node_modules	generated_or_vendor_ignore_for_dead_code	
demo/video-chat/frontend-vue/node_modules/preact/test-utils/dist/testUtils.js.map	4559	0	generated:node_modules	generated_or_vendor_ignore_for_dead_code	
demo/video-chat/frontend-vue/node_modules/preact/test-utils/dist/testUtils.mjs	841	2	generated:node_modules	generated_or_vendor_ignore_for_dead_code	
demo/video-chat/frontend-vue/node_modules/preact/test-utils/dist/testUtils.module.js	841	2	generated:node_modules	generated_or_vendor_ignore_for_dead_code	
demo/video-chat/frontend-vue/node_modules/preact/test-utils/dist/testUtils.module.js.map	4494	0	generated:node_modules	generated_or_vendor_ignore_for_dead_code	
demo/video-chat/frontend-vue/node_modules/preact/test-utils/dist/testUtils.umd.js	1156	2	generated:node_modules	generated_or_vendor_ignore_for_dead_code	
demo/video-chat/frontend-vue/node_modules/preact/test-utils/dist/testUtils.umd.js.map	4563	0	generated:node_modules	generated_or_vendor_ignore_for_dead_code	
demo/video-chat/frontend-vue/node_modules/preact/test-utils/package.json	617	28	generated:node_modules	generated_or_vendor_ignore_for_dead_code	
demo/video-chat/frontend-vue/node_modules/preact/test-utils/src/index.d.ts	153	3	generated:node_modules	generated_or_vendor_ignore_for_dead_code	
demo/video-chat/frontend-vue/node_modules/preact/test-utils/src/index.js	2883	118	generated:node_modules	generated_or_vendor_ignore_for_dead_code	
demo/video-chat/frontend-vue/node_modules/protobufjs/LICENSE	1937	39	generated:node_modules	generated_or_vendor_ignore_for_dead_code	
demo/video-chat/frontend-vue/node_modules/protobufjs/README.md	29646	727	generated:node_modules	generated_or_vendor_ignore_for_dead_code	
demo/video-chat/frontend-vue/node_modules/protobufjs/dist/light/protobuf.js	250428	7961	generated:node_modules	generated_or_vendor_ignore_for_dead_code	fallback
demo/video-chat/frontend-vue/node_modules/protobufjs/dist/light/protobuf.js.map	299252	0	generated:node_modules	generated_or_vendor_ignore_for_dead_code	
demo/video-chat/frontend-vue/node_modules/protobufjs/dist/light/protobuf.min.js	70160	8	generated:node_modules	generated_or_vendor_ignore_for_dead_code	
demo/video-chat/frontend-vue/node_modules/protobufjs/dist/light/protobuf.min.js.map	358750	0	generated:node_modules	generated_or_vendor_ignore_for_dead_code	
demo/video-chat/frontend-vue/node_modules/protobufjs/dist/minimal/protobuf.js	80633	2788	generated:node_modules	generated_or_vendor_ignore_for_dead_code	
demo/video-chat/frontend-vue/node_modules/protobufjs/dist/minimal/protobuf.js.map	97727	0	generated:node_modules	generated_or_vendor_ignore_for_dead_code	
demo/video-chat/frontend-vue/node_modules/protobufjs/dist/minimal/protobuf.min.js	21193	8	generated:node_modules	generated_or_vendor_ignore_for_dead_code	
demo/video-chat/frontend-vue/node_modules/protobufjs/dist/minimal/protobuf.min.js.map	118503	0	generated:node_modules	generated_or_vendor_ignore_for_dead_code	
demo/video-chat/frontend-vue/node_modules/protobufjs/dist/protobuf.js	302584	9766	generated:node_modules	generated_or_vendor_ignore_for_dead_code	fallback
demo/video-chat/frontend-vue/node_modules/protobufjs/dist/protobuf.js.map	362663	0	generated:node_modules	generated_or_vendor_ignore_for_dead_code	
demo/video-chat/frontend-vue/node_modules/protobufjs/dist/protobuf.min.js	81694	8	generated:node_modules	generated_or_vendor_ignore_for_dead_code	
demo/video-chat/frontend-vue/node_modules/protobufjs/dist/protobuf.min.js.map	434659	0	generated:node_modules	generated_or_vendor_ignore_for_dead_code	
demo/video-chat/frontend-vue/node_modules/protobufjs/ext/debug/README.md	82	4	generated:node_modules	generated_or_vendor_ignore_for_dead_code	
demo/video-chat/frontend-vue/node_modules/protobufjs/ext/debug/index.js	2091	71	generated:node_modules	generated_or_vendor_ignore_for_dead_code	
demo/video-chat/frontend-vue/node_modules/protobufjs/ext/descriptor/README.md	3470	72	generated:node_modules	generated_or_vendor_ignore_for_dead_code	
demo/video-chat/frontend-vue/node_modules/protobufjs/ext/descriptor/index.d.ts	4483	195	generated:node_modules	generated_or_vendor_ignore_for_dead_code	
demo/video-chat/frontend-vue/node_modules/protobufjs/ext/descriptor/index.js	39605	1181	generated:node_modules	generated_or_vendor_ignore_for_dead_code	
demo/video-chat/frontend-vue/node_modules/protobufjs/ext/descriptor/test.js	1461	54	generated:node_modules	generated_or_vendor_ignore_for_dead_code	
demo/video-chat/frontend-vue/node_modules/protobufjs/google/LICENSE	1476	27	generated:node_modules	generated_or_vendor_ignore_for_dead_code	
demo/video-chat/frontend-vue/node_modules/protobufjs/google/README.md	190	1	generated:node_modules	generated_or_vendor_ignore_for_dead_code	
demo/video-chat/frontend-vue/node_modules/protobufjs/google/api/annotations.json	1987	83	generated:node_modules	generated_or_vendor_ignore_for_dead_code	
demo/video-chat/frontend-vue/node_modules/protobufjs/google/api/annotations.proto	188	11	generated:node_modules	generated_or_vendor_ignore_for_dead_code	
demo/video-chat/frontend-vue/node_modules/protobufjs/google/api/http.json	2087	86	generated:node_modules	generated_or_vendor_ignore_for_dead_code	
demo/video-chat/frontend-vue/node_modules/protobufjs/google/api/http.proto	474	31	generated:node_modules	generated_or_vendor_ignore_for_dead_code	
demo/video-chat/frontend-vue/node_modules/protobufjs/google/protobuf/api.json	2951	118	generated:node_modules	generated_or_vendor_ignore_for_dead_code	
demo/video-chat/frontend-vue/node_modules/protobufjs/google/protobuf/api.proto	642	34	generated:node_modules	generated_or_vendor_ignore_for_dead_code	
demo/video-chat/frontend-vue/node_modules/protobufjs/google/protobuf/descriptor.json	41511	1382	generated:node_modules	generated_or_vendor_ignore_for_dead_code	
demo/video-chat/frontend-vue/node_modules/protobufjs/google/protobuf/descriptor.proto	14464	535	generated:node_modules	generated_or_vendor_ignore_for_dead_code	
demo/video-chat/frontend-vue/node_modules/protobufjs/google/protobuf/source_context.json	332	20	generated:node_modules	generated_or_vendor_ignore_for_dead_code	
demo/video-chat/frontend-vue/node_modules/protobufjs/google/protobuf/source_context.proto	98	7	generated:node_modules	generated_or_vendor_ignore_for_dead_code	
demo/video-chat/frontend-vue/node_modules/protobufjs/google/protobuf/type.json	5470	202	generated:node_modules	generated_or_vendor_ignore_for_dead_code	
demo/video-chat/frontend-vue/node_modules/protobufjs/google/protobuf/type.proto	1675	89	generated:node_modules	generated_or_vendor_ignore_for_dead_code	
demo/video-chat/frontend-vue/node_modules/protobufjs/index.d.ts	90159	2817	generated:node_modules	generated_or_vendor_ignore_for_dead_code	
demo/video-chat/frontend-vue/node_modules/protobufjs/index.js	85	4	generated:node_modules	generated_or_vendor_ignore_for_dead_code	
demo/video-chat/frontend-vue/node_modules/protobufjs/light.d.ts	55	2	generated:node_modules	generated_or_vendor_ignore_for_dead_code	
demo/video-chat/frontend-vue/node_modules/protobufjs/light.js	91	4	generated:node_modules	generated_or_vendor_ignore_for_dead_code	
demo/video-chat/frontend-vue/node_modules/protobufjs/minimal.d.ts	55	2	generated:node_modules	generated_or_vendor_ignore_for_dead_code	
demo/video-chat/frontend-vue/node_modules/protobufjs/minimal.js	96	4	generated:node_modules	generated_or_vendor_ignore_for_dead_code	
demo/video-chat/frontend-vue/node_modules/protobufjs/package.json	4191	117	generated:node_modules	generated_or_vendor_ignore_for_dead_code	
demo/video-chat/frontend-vue/node_modules/protobufjs/scripts/postinstall.js	1071	32	generated:node_modules	generated_or_vendor_ignore_for_dead_code	
demo/video-chat/frontend-vue/node_modules/protobufjs/src/common.js	9307	399	generated:node_modules	generated_or_vendor_ignore_for_dead_code	
demo/video-chat/frontend-vue/node_modules/protobufjs/src/converter.js	12141	310	generated:node_modules	generated_or_vendor_ignore_for_dead_code	fallback
demo/video-chat/frontend-vue/node_modules/protobufjs/src/decoder.js	4599	135	generated:node_modules	generated_or_vendor_ignore_for_dead_code	
demo/video-chat/frontend-vue/node_modules/protobufjs/src/encoder.js	3573	100	generated:node_modules	generated_or_vendor_ignore_for_dead_code	
demo/video-chat/frontend-vue/node_modules/protobufjs/src/enum.js	7102	226	generated:node_modules	generated_or_vendor_ignore_for_dead_code	
demo/video-chat/frontend-vue/node_modules/protobufjs/src/field.js	14001	453	generated:node_modules	generated_or_vendor_ignore_for_dead_code	
demo/video-chat/frontend-vue/node_modules/protobufjs/src/index-light.js	3659	104	generated:node_modules	generated_or_vendor_ignore_for_dead_code	
demo/video-chat/frontend-vue/node_modules/protobufjs/src/index-minimal.js	925	36	generated:node_modules	generated_or_vendor_ignore_for_dead_code	
demo/video-chat/frontend-vue/node_modules/protobufjs/src/index.js	352	12	generated:node_modules	generated_or_vendor_ignore_for_dead_code	
demo/video-chat/frontend-vue/node_modules/protobufjs/src/mapfield.js	4186	126	generated:node_modules	generated_or_vendor_ignore_for_dead_code	
demo/video-chat/frontend-vue/node_modules/protobufjs/src/message.js	3899	143	generated:node_modules	generated_or_vendor_ignore_for_dead_code	
demo/video-chat/frontend-vue/node_modules/protobufjs/src/method.js	5025	160	generated:node_modules	generated_or_vendor_ignore_for_dead_code	
demo/video-chat/frontend-vue/node_modules/protobufjs/src/namespace.js	18850	550	generated:node_modules	generated_or_vendor_ignore_for_dead_code	
demo/video-chat/frontend-vue/node_modules/protobufjs/src/object.js	11602	382	generated:node_modules	generated_or_vendor_ignore_for_dead_code	
demo/video-chat/frontend-vue/node_modules/protobufjs/src/oneof.js	6363	222	generated:node_modules	generated_or_vendor_ignore_for_dead_code	
demo/video-chat/frontend-vue/node_modules/protobufjs/src/parse.js	29286	970	generated:node_modules	generated_or_vendor_ignore_for_dead_code	
demo/video-chat/frontend-vue/node_modules/protobufjs/src/reader.js	11708	426	generated:node_modules	generated_or_vendor_ignore_for_dead_code	
demo/video-chat/frontend-vue/node_modules/protobufjs/src/reader_buffer.js	1252	51	generated:node_modules	generated_or_vendor_ignore_for_dead_code	
demo/video-chat/frontend-vue/node_modules/protobufjs/src/root.js	13701	404	generated:node_modules	generated_or_vendor_ignore_for_dead_code	
demo/video-chat/frontend-vue/node_modules/protobufjs/src/roots.js	454	18	generated:node_modules	generated_or_vendor_ignore_for_dead_code	
demo/video-chat/frontend-vue/node_modules/protobufjs/src/rpc.js	1204	36	generated:node_modules	generated_or_vendor_ignore_for_dead_code	
demo/video-chat/frontend-vue/node_modules/protobufjs/src/rpc/service.js	4763	142	generated:node_modules	generated_or_vendor_ignore_for_dead_code	
demo/video-chat/frontend-vue/node_modules/protobufjs/src/service.js	5947	193	generated:node_modules	generated_or_vendor_ignore_for_dead_code	
demo/video-chat/frontend-vue/node_modules/protobufjs/src/tokenize.js	13033	416	generated:node_modules	generated_or_vendor_ignore_for_dead_code	
demo/video-chat/frontend-vue/node_modules/protobufjs/src/type.js	21849	625	generated:node_modules	generated_or_vendor_ignore_for_dead_code	
demo/video-chat/frontend-vue/node_modules/protobufjs/src/types.js	5535	196	generated:node_modules	generated_or_vendor_ignore_for_dead_code	
demo/video-chat/frontend-vue/node_modules/protobufjs/src/typescript.jsdoc	275	15	generated:node_modules	generated_or_vendor_ignore_for_dead_code	
demo/video-chat/frontend-vue/node_modules/protobufjs/src/util.js	6000	215	generated:node_modules	generated_or_vendor_ignore_for_dead_code	
demo/video-chat/frontend-vue/node_modules/protobufjs/src/util/longbits.js	5393	200	generated:node_modules	generated_or_vendor_ignore_for_dead_code	
demo/video-chat/frontend-vue/node_modules/protobufjs/src/util/minimal.js	13735	461	generated:node_modules	generated_or_vendor_ignore_for_dead_code	
demo/video-chat/frontend-vue/node_modules/protobufjs/src/util/patterns.js	607	8	generated:node_modules	generated_or_vendor_ignore_for_dead_code	
demo/video-chat/frontend-vue/node_modules/protobufjs/src/verifier.js	6171	180	generated:node_modules	generated_or_vendor_ignore_for_dead_code	
demo/video-chat/frontend-vue/node_modules/protobufjs/src/wrappers.js	3462	103	generated:node_modules	generated_or_vendor_ignore_for_dead_code	
demo/video-chat/frontend-vue/node_modules/protobufjs/src/writer.js	12072	465	generated:node_modules	generated_or_vendor_ignore_for_dead_code	
demo/video-chat/frontend-vue/node_modules/protobufjs/src/writer_buffer.js	2356	85	generated:node_modules	generated_or_vendor_ignore_for_dead_code	
demo/video-chat/frontend-vue/node_modules/protobufjs/tsconfig.json	171	8	generated:node_modules	generated_or_vendor_ignore_for_dead_code	
demo/video-chat/frontend-vue/node_modules/punycode.js/LICENSE-MIT.txt	1077	20	generated:node_modules	generated_or_vendor_ignore_for_dead_code	
demo/video-chat/frontend-vue/node_modules/punycode.js/README.md	5719	148	generated:node_modules	generated_or_vendor_ignore_for_dead_code	
demo/video-chat/frontend-vue/node_modules/punycode.js/package.json	1230	58	generated:node_modules	generated_or_vendor_ignore_for_dead_code	
demo/video-chat/frontend-vue/node_modules/punycode.js/punycode.es6.js	12780	444	generated:node_modules	generated_or_vendor_ignore_for_dead_code	keyframe_delta
demo/video-chat/frontend-vue/node_modules/punycode.js/punycode.js	12711	443	generated:node_modules	generated_or_vendor_ignore_for_dead_code	keyframe_delta
demo/video-chat/frontend-vue/node_modules/rfdc/.github/workflows/ci.yml	442	21	generated:node_modules	generated_or_vendor_ignore_for_dead_code	
demo/video-chat/frontend-vue/node_modules/rfdc/LICENSE	1101	15	generated:node_modules	generated_or_vendor_ignore_for_dead_code	
demo/video-chat/frontend-vue/node_modules/rfdc/default.js	55	3	generated:node_modules	generated_or_vendor_ignore_for_dead_code	
demo/video-chat/frontend-vue/node_modules/rfdc/index.d.ts	355	13	generated:node_modules	generated_or_vendor_ignore_for_dead_code	
demo/video-chat/frontend-vue/node_modules/rfdc/index.js	5847	198	generated:node_modules	generated_or_vendor_ignore_for_dead_code	
demo/video-chat/frontend-vue/node_modules/rfdc/index.test-d.ts	273	13	generated:node_modules	generated_or_vendor_ignore_for_dead_code	
demo/video-chat/frontend-vue/node_modules/rfdc/package.json	1656	73	generated:node_modules	generated_or_vendor_ignore_for_dead_code	
demo/video-chat/frontend-vue/node_modules/rfdc/readme.md	5353	181	generated:node_modules	generated_or_vendor_ignore_for_dead_code	capabilities
demo/video-chat/frontend-vue/node_modules/rfdc/test/index.js	12068	306	generated:node_modules	generated_or_vendor_ignore_for_dead_code	
demo/video-chat/frontend-vue/node_modules/rolldown/LICENSE	1302	25	generated:node_modules	generated_or_vendor_ignore_for_dead_code	
demo/video-chat/frontend-vue/node_modules/rolldown/README.md	665	11	generated:node_modules	generated_or_vendor_ignore_for_dead_code	
demo/video-chat/frontend-vue/node_modules/rolldown/bin/cli.mjs	46	2	generated:node_modules	generated_or_vendor_ignore_for_dead_code	
demo/video-chat/frontend-vue/node_modules/rolldown/dist/cli.d.mts	11	1	generated:node_modules	generated_or_vendor_ignore_for_dead_code	
demo/video-chat/frontend-vue/node_modules/rolldown/dist/cli.mjs	39091	1191	generated:node_modules	generated_or_vendor_ignore_for_dead_code	
demo/video-chat/frontend-vue/node_modules/rolldown/dist/config.d.mts	549	14	generated:node_modules	generated_or_vendor_ignore_for_dead_code	
demo/video-chat/frontend-vue/node_modules/rolldown/dist/config.mjs	267	4	generated:node_modules	generated_or_vendor_ignore_for_dead_code	
demo/video-chat/frontend-vue/node_modules/rolldown/dist/experimental-index.d.mts	11470	253	generated:node_modules	generated_or_vendor_ignore_for_dead_code	fallback
demo/video-chat/frontend-vue/node_modules/rolldown/dist/experimental-index.mjs	12939	320	generated:node_modules	generated_or_vendor_ignore_for_dead_code	fallback
demo/video-chat/frontend-vue/node_modules/rolldown/dist/experimental-runtime-types.d.ts	2357	98	generated:node_modules	generated_or_vendor_ignore_for_dead_code	
demo/video-chat/frontend-vue/node_modules/rolldown/dist/filter-index.d.mts	6744	196	generated:node_modules	generated_or_vendor_ignore_for_dead_code	
demo/video-chat/frontend-vue/node_modules/rolldown/dist/filter-index.mjs	11348	386	generated:node_modules	generated_or_vendor_ignore_for_dead_code	
demo/video-chat/frontend-vue/node_modules/rolldown/dist/get-log-filter.d.mts	247	3	generated:node_modules	generated_or_vendor_ignore_for_dead_code	
demo/video-chat/frontend-vue/node_modules/rolldown/dist/get-log-filter.mjs	2037	68	generated:node_modules	generated_or_vendor_ignore_for_dead_code	
demo/video-chat/frontend-vue/node_modules/rolldown/dist/index.d.mts	4539	4	generated:node_modules	generated_or_vendor_ignore_for_dead_code	
demo/video-chat/frontend-vue/node_modules/rolldown/dist/index.mjs	1535	50	generated:node_modules	generated_or_vendor_ignore_for_dead_code	
demo/video-chat/frontend-vue/node_modules/rolldown/dist/parallel-plugin-worker.d.mts	11	1	generated:node_modules	generated_or_vendor_ignore_for_dead_code	
demo/video-chat/frontend-vue/node_modules/rolldown/dist/parallel-plugin-worker.mjs	1078	28	generated:node_modules	generated_or_vendor_ignore_for_dead_code	
demo/video-chat/frontend-vue/node_modules/rolldown/dist/parallel-plugin.d.mts	608	13	generated:node_modules	generated_or_vendor_ignore_for_dead_code	
demo/video-chat/frontend-vue/node_modules/rolldown/dist/parallel-plugin.mjs	187	6	generated:node_modules	generated_or_vendor_ignore_for_dead_code	
demo/video-chat/frontend-vue/node_modules/rolldown/dist/parse-ast-index.d.mts	1089	32	generated:node_modules	generated_or_vendor_ignore_for_dead_code	
demo/video-chat/frontend-vue/node_modules/rolldown/dist/parse-ast-index.mjs	2148	60	generated:node_modules	generated_or_vendor_ignore_for_dead_code	
demo/video-chat/frontend-vue/node_modules/rolldown/dist/plugins-index.d.mts	977	33	generated:node_modules	generated_or_vendor_ignore_for_dead_code	
demo/video-chat/frontend-vue/node_modules/rolldown/dist/plugins-index.mjs	1082	40	generated:node_modules	generated_or_vendor_ignore_for_dead_code	
demo/video-chat/frontend-vue/node_modules/rolldown/dist/shared/binding-DUEnSb0A.d.mts	61155	1872	generated:node_modules	generated_or_vendor_ignore_for_dead_code	security,fallback
demo/video-chat/frontend-vue/node_modules/rolldown/dist/shared/binding-s-V_wTpj.mjs	29619	582	generated:node_modules	generated_or_vendor_ignore_for_dead_code	fallback
demo/video-chat/frontend-vue/node_modules/rolldown/dist/shared/bindingify-input-options-DYpBf1OG.mjs	78471	2235	generated:node_modules	generated_or_vendor_ignore_for_dead_code	fallback
demo/video-chat/frontend-vue/node_modules/rolldown/dist/shared/constructors-BaEBnHl3.mjs	2909	68	generated:node_modules	generated_or_vendor_ignore_for_dead_code	fallback
demo/video-chat/frontend-vue/node_modules/rolldown/dist/shared/constructors-DYemMpPL.d.mts	3002	37	generated:node_modules	generated_or_vendor_ignore_for_dead_code	fallback
demo/video-chat/frontend-vue/node_modules/rolldown/dist/shared/define-config-DJOr6Iwt.mjs	130	6	generated:node_modules	generated_or_vendor_ignore_for_dead_code	
demo/video-chat/frontend-vue/node_modules/rolldown/dist/shared/define-config-DhJZwTRw.d.mts	137909	3795	generated:node_modules	generated_or_vendor_ignore_for_dead_code	background,security,fallback
demo/video-chat/frontend-vue/node_modules/rolldown/dist/shared/error-w0u7biK-.mjs	2926	85	generated:node_modules	generated_or_vendor_ignore_for_dead_code	
demo/video-chat/frontend-vue/node_modules/rolldown/dist/shared/get-log-filter-semyr3Lj.d.mts	861	35	generated:node_modules	generated_or_vendor_ignore_for_dead_code	
demo/video-chat/frontend-vue/node_modules/rolldown/dist/shared/load-config-pmbgQdFU.mjs	4229	120	generated:node_modules	generated_or_vendor_ignore_for_dead_code	
demo/video-chat/frontend-vue/node_modules/rolldown/dist/shared/logging-C6h4g8dA.d.mts	1449	50	generated:node_modules	generated_or_vendor_ignore_for_dead_code	
demo/video-chat/frontend-vue/node_modules/rolldown/dist/shared/logs-D80CXhvg.mjs	5826	180	generated:node_modules	generated_or_vendor_ignore_for_dead_code	
demo/video-chat/frontend-vue/node_modules/rolldown/dist/shared/misc-DJYbNKZX.mjs	714	21	generated:node_modules	generated_or_vendor_ignore_for_dead_code	
demo/video-chat/frontend-vue/node_modules/rolldown/dist/shared/normalize-string-or-regex-CVvpepxa.mjs	2113	66	generated:node_modules	generated_or_vendor_ignore_for_dead_code	
demo/video-chat/frontend-vue/node_modules/rolldown/dist/shared/parse-BywQARUG.mjs	2669	74	generated:node_modules	generated_or_vendor_ignore_for_dead_code	
demo/video-chat/frontend-vue/node_modules/rolldown/dist/shared/prompt-BYQIwEjg.mjs	49729	845	generated:node_modules	generated_or_vendor_ignore_for_dead_code	
demo/video-chat/frontend-vue/node_modules/rolldown/dist/shared/resolve-tsconfig-CNjJwuKB.mjs	4420	113	generated:node_modules	generated_or_vendor_ignore_for_dead_code	
demo/video-chat/frontend-vue/node_modules/rolldown/dist/shared/rolldown-BLMDGLfI.mjs	986	40	generated:node_modules	generated_or_vendor_ignore_for_dead_code	
demo/video-chat/frontend-vue/node_modules/rolldown/dist/shared/rolldown-build-DtGk-m96.mjs	152429	3321	generated:node_modules	generated_or_vendor_ignore_for_dead_code	fallback
demo/video-chat/frontend-vue/node_modules/rolldown/dist/shared/transform-Kz3D2LbX.d.mts	5947	149	generated:node_modules	generated_or_vendor_ignore_for_dead_code	
demo/video-chat/frontend-vue/node_modules/rolldown/dist/shared/watch-Cixa7HbR.mjs	11934	374	generated:node_modules	generated_or_vendor_ignore_for_dead_code	security,fallback
demo/video-chat/frontend-vue/node_modules/rolldown/dist/utils-index.d.mts	24340	376	generated:node_modules	generated_or_vendor_ignore_for_dead_code	
demo/video-chat/frontend-vue/node_modules/rolldown/dist/utils-index.mjs	70478	2414	generated:node_modules	generated_or_vendor_ignore_for_dead_code	security
demo/video-chat/frontend-vue/node_modules/rolldown/node_modules/@rolldown/pluginutils/LICENSE	1302	25	generated:node_modules	generated_or_vendor_ignore_for_dead_code	
demo/video-chat/frontend-vue/node_modules/rolldown/node_modules/@rolldown/pluginutils/README.md	2628	83	generated:node_modules	generated_or_vendor_ignore_for_dead_code	
demo/video-chat/frontend-vue/node_modules/rolldown/node_modules/@rolldown/pluginutils/dist/filter/composable-filters.d.ts	3427	90	generated:node_modules	generated_or_vendor_ignore_for_dead_code	
demo/video-chat/frontend-vue/node_modules/rolldown/node_modules/@rolldown/pluginutils/dist/filter/composable-filters.js	7116	256	generated:node_modules	generated_or_vendor_ignore_for_dead_code	
demo/video-chat/frontend-vue/node_modules/rolldown/node_modules/@rolldown/pluginutils/dist/filter/filter-vite-plugins.d.ts	875	28	generated:node_modules	generated_or_vendor_ignore_for_dead_code	
demo/video-chat/frontend-vue/node_modules/rolldown/node_modules/@rolldown/pluginutils/dist/filter/filter-vite-plugins.js	2394	75	generated:node_modules	generated_or_vendor_ignore_for_dead_code	
demo/video-chat/frontend-vue/node_modules/rolldown/node_modules/@rolldown/pluginutils/dist/filter/index.d.ts	120	3	generated:node_modules	generated_or_vendor_ignore_for_dead_code	
demo/video-chat/frontend-vue/node_modules/rolldown/node_modules/@rolldown/pluginutils/dist/filter/index.js	120	3	generated:node_modules	generated_or_vendor_ignore_for_dead_code	
demo/video-chat/frontend-vue/node_modules/rolldown/node_modules/@rolldown/pluginutils/dist/filter/simple-filters.d.ts	2102	71	generated:node_modules	generated_or_vendor_ignore_for_dead_code	
demo/video-chat/frontend-vue/node_modules/rolldown/node_modules/@rolldown/pluginutils/dist/filter/simple-filters.js	1952	70	generated:node_modules	generated_or_vendor_ignore_for_dead_code	
demo/video-chat/frontend-vue/node_modules/rolldown/node_modules/@rolldown/pluginutils/dist/index.d.ts	35	1	generated:node_modules	generated_or_vendor_ignore_for_dead_code	
demo/video-chat/frontend-vue/node_modules/rolldown/node_modules/@rolldown/pluginutils/dist/index.js	35	1	generated:node_modules	generated_or_vendor_ignore_for_dead_code	
demo/video-chat/frontend-vue/node_modules/rolldown/node_modules/@rolldown/pluginutils/dist/utils.d.ts	129	2	generated:node_modules	generated_or_vendor_ignore_for_dead_code	
demo/video-chat/frontend-vue/node_modules/rolldown/node_modules/@rolldown/pluginutils/dist/utils.js	519	17	generated:node_modules	generated_or_vendor_ignore_for_dead_code	
demo/video-chat/frontend-vue/node_modules/rolldown/node_modules/@rolldown/pluginutils/package.json	825	37	generated:node_modules	generated_or_vendor_ignore_for_dead_code	
demo/video-chat/frontend-vue/node_modules/rolldown/package.json	5792	153	generated:node_modules	generated_or_vendor_ignore_for_dead_code	
demo/video-chat/frontend-vue/node_modules/source-map-js/LICENSE	1526	28	generated:node_modules	generated_or_vendor_ignore_for_dead_code	
demo/video-chat/frontend-vue/node_modules/source-map-js/README.md	26040	765	generated:node_modules	generated_or_vendor_ignore_for_dead_code	
demo/video-chat/frontend-vue/node_modules/source-map-js/lib/array-set.js	3197	121	generated:node_modules	generated_or_vendor_ignore_for_dead_code	
demo/video-chat/frontend-vue/node_modules/source-map-js/lib/base64-vlq.js	4714	140	generated:node_modules	generated_or_vendor_ignore_for_dead_code	
demo/video-chat/frontend-vue/node_modules/source-map-js/lib/base64.js	1540	67	generated:node_modules	generated_or_vendor_ignore_for_dead_code	
demo/video-chat/frontend-vue/node_modules/source-map-js/lib/binary-search.js	4249	111	generated:node_modules	generated_or_vendor_ignore_for_dead_code	
demo/video-chat/frontend-vue/node_modules/source-map-js/lib/mapping-list.js	2339	79	generated:node_modules	generated_or_vendor_ignore_for_dead_code	
demo/video-chat/frontend-vue/node_modules/source-map-js/lib/quick-sort.js	4068	132	generated:node_modules	generated_or_vendor_ignore_for_dead_code	
demo/video-chat/frontend-vue/node_modules/source-map-js/lib/source-map-consumer.d.ts	40	1	generated:node_modules	generated_or_vendor_ignore_for_dead_code	
demo/video-chat/frontend-vue/node_modules/source-map-js/lib/source-map-consumer.js	41580	1188	generated:node_modules	generated_or_vendor_ignore_for_dead_code	
demo/video-chat/frontend-vue/node_modules/source-map-js/lib/source-map-generator.d.ts	41	1	generated:node_modules	generated_or_vendor_ignore_for_dead_code	
demo/video-chat/frontend-vue/node_modules/source-map-js/lib/source-map-generator.js	14933	444	generated:node_modules	generated_or_vendor_ignore_for_dead_code	
demo/video-chat/frontend-vue/node_modules/source-map-js/lib/source-node.d.ts	33	1	generated:node_modules	generated_or_vendor_ignore_for_dead_code	
demo/video-chat/frontend-vue/node_modules/source-map-js/lib/source-node.js	13808	413	generated:node_modules	generated_or_vendor_ignore_for_dead_code	
demo/video-chat/frontend-vue/node_modules/source-map-js/lib/util.js	15403	594	generated:node_modules	generated_or_vendor_ignore_for_dead_code	
demo/video-chat/frontend-vue/node_modules/source-map-js/package.json	2548	71	generated:node_modules	generated_or_vendor_ignore_for_dead_code	
demo/video-chat/frontend-vue/node_modules/source-map-js/source-map.d.ts	3408	104	generated:node_modules	generated_or_vendor_ignore_for_dead_code	
demo/video-chat/frontend-vue/node_modules/source-map-js/source-map.js	405	8	generated:node_modules	generated_or_vendor_ignore_for_dead_code	
demo/video-chat/frontend-vue/node_modules/speakingurl/.editorconfig	207	13	generated:node_modules	generated_or_vendor_ignore_for_dead_code	
demo/video-chat/frontend-vue/node_modules/speakingurl/.jsbeautifyrc	590	21	generated:node_modules	generated_or_vendor_ignore_for_dead_code	
demo/video-chat/frontend-vue/node_modules/speakingurl/.jshintignore	20	2	generated:node_modules	generated_or_vendor_ignore_for_dead_code	
demo/video-chat/frontend-vue/node_modules/speakingurl/.jshintrc	319	18	generated:node_modules	generated_or_vendor_ignore_for_dead_code	
demo/video-chat/frontend-vue/node_modules/speakingurl/.npmignore	485	56	generated:node_modules	generated_or_vendor_ignore_for_dead_code	
demo/video-chat/frontend-vue/node_modules/speakingurl/.travis.yml	121	9	generated:node_modules	generated_or_vendor_ignore_for_dead_code	
demo/video-chat/frontend-vue/node_modules/speakingurl/CHANGELOG.md	3990	55	generated:node_modules	generated_or_vendor_ignore_for_dead_code	
demo/video-chat/frontend-vue/node_modules/speakingurl/Gulpfile.js	3835	137	generated:node_modules	generated_or_vendor_ignore_for_dead_code	
demo/video-chat/frontend-vue/node_modules/speakingurl/LICENSE	1523	12	generated:node_modules	generated_or_vendor_ignore_for_dead_code	
demo/video-chat/frontend-vue/node_modules/speakingurl/Makefile	223	13	generated:node_modules	generated_or_vendor_ignore_for_dead_code	
demo/video-chat/frontend-vue/node_modules/speakingurl/README.md	12384	422	generated:node_modules	generated_or_vendor_ignore_for_dead_code	
demo/video-chat/frontend-vue/node_modules/speakingurl/bower.json	549	19	generated:node_modules	generated_or_vendor_ignore_for_dead_code	
demo/video-chat/frontend-vue/node_modules/speakingurl/component.json	570	21	generated:node_modules	generated_or_vendor_ignore_for_dead_code	
demo/video-chat/frontend-vue/node_modules/speakingurl/examples/browser-example.html	2472	49	generated:node_modules	generated_or_vendor_ignore_for_dead_code	
demo/video-chat/frontend-vue/node_modules/speakingurl/examples/node-example.js	2900	115	generated:node_modules	generated_or_vendor_ignore_for_dead_code	
demo/video-chat/frontend-vue/node_modules/speakingurl/index.js	47	1	generated:node_modules	generated_or_vendor_ignore_for_dead_code	
demo/video-chat/frontend-vue/node_modules/speakingurl/lib/speakingurl-rails.rb	387	14	generated:node_modules	generated_or_vendor_ignore_for_dead_code	
demo/video-chat/frontend-vue/node_modules/speakingurl/lib/speakingurl.js	39589	1689	generated:node_modules	generated_or_vendor_ignore_for_dead_code	keyframe_delta
demo/video-chat/frontend-vue/node_modules/speakingurl/package.json	2306	89	generated:node_modules	generated_or_vendor_ignore_for_dead_code	
demo/video-chat/frontend-vue/node_modules/speakingurl/speakingurl-rails.gemspec	764	23	generated:node_modules	generated_or_vendor_ignore_for_dead_code	
demo/video-chat/frontend-vue/node_modules/speakingurl/speakingurl.min.js	15497	7	generated:node_modules	generated_or_vendor_ignore_for_dead_code	keyframe_delta
demo/video-chat/frontend-vue/node_modules/speakingurl/test/mocha.opts	33	2	generated:node_modules	generated_or_vendor_ignore_for_dead_code	
demo/video-chat/frontend-vue/node_modules/speakingurl/test/test-accent.js	2629	111	generated:node_modules	generated_or_vendor_ignore_for_dead_code	
demo/video-chat/frontend-vue/node_modules/speakingurl/test/test-arabic.js	370	18	generated:node_modules	generated_or_vendor_ignore_for_dead_code	
demo/video-chat/frontend-vue/node_modules/speakingurl/test/test-burmese.js	5123	205	generated:node_modules	generated_or_vendor_ignore_for_dead_code	
demo/video-chat/frontend-vue/node_modules/speakingurl/test/test-create.js	8163	337	generated:node_modules	generated_or_vendor_ignore_for_dead_code	
demo/video-chat/frontend-vue/node_modules/speakingurl/test/test-custom.js	2452	98	generated:node_modules	generated_or_vendor_ignore_for_dead_code	
demo/video-chat/frontend-vue/node_modules/speakingurl/test/test-cyrillic.js	279	16	generated:node_modules	generated_or_vendor_ignore_for_dead_code	
demo/video-chat/frontend-vue/node_modules/speakingurl/test/test-defaults.js	3090	123	generated:node_modules	generated_or_vendor_ignore_for_dead_code	keyframe_delta
demo/video-chat/frontend-vue/node_modules/speakingurl/test/test-dhivehi.js	358	18	generated:node_modules	generated_or_vendor_ignore_for_dead_code	
demo/video-chat/frontend-vue/node_modules/speakingurl/test/test-georgien.js	322	18	generated:node_modules	generated_or_vendor_ignore_for_dead_code	
demo/video-chat/frontend-vue/node_modules/speakingurl/test/test-hungarian.js	859	33	generated:node_modules	generated_or_vendor_ignore_for_dead_code	
demo/video-chat/frontend-vue/node_modules/speakingurl/test/test-lang.js	12798	473	generated:node_modules	generated_or_vendor_ignore_for_dead_code	
demo/video-chat/frontend-vue/node_modules/speakingurl/test/test-language.js	8023	304	generated:node_modules	generated_or_vendor_ignore_for_dead_code	keyframe_delta
demo/video-chat/frontend-vue/node_modules/speakingurl/test/test-maintaincase.js	749	32	generated:node_modules	generated_or_vendor_ignore_for_dead_code	
demo/video-chat/frontend-vue/node_modules/speakingurl/test/test-persian.js	375	16	generated:node_modules	generated_or_vendor_ignore_for_dead_code	
demo/video-chat/frontend-vue/node_modules/speakingurl/test/test-rfc3986.js	3329	128	generated:node_modules	generated_or_vendor_ignore_for_dead_code	
demo/video-chat/frontend-vue/node_modules/speakingurl/test/test-separator.js	4350	181	generated:node_modules	generated_or_vendor_ignore_for_dead_code	
demo/video-chat/frontend-vue/node_modules/speakingurl/test/test-speakingurl.js	5041	197	generated:node_modules	generated_or_vendor_ignore_for_dead_code	
demo/video-chat/frontend-vue/node_modules/speakingurl/test/test-symbols.js	13747	506	generated:node_modules	generated_or_vendor_ignore_for_dead_code	
demo/video-chat/frontend-vue/node_modules/speakingurl/test/test-titlecase.js	1850	69	generated:node_modules	generated_or_vendor_ignore_for_dead_code	
demo/video-chat/frontend-vue/node_modules/speakingurl/test/test-truncate.js	1646	68	generated:node_modules	generated_or_vendor_ignore_for_dead_code	
demo/video-chat/frontend-vue/node_modules/speakingurl/test/test-turkish.js	485	23	generated:node_modules	generated_or_vendor_ignore_for_dead_code	
demo/video-chat/frontend-vue/node_modules/speakingurl/typings/speakingurl/speakingurl.d.ts	2210	90	generated:node_modules	generated_or_vendor_ignore_for_dead_code	
demo/video-chat/frontend-vue/node_modules/superjson/LICENSE	1095	21	generated:node_modules	generated_or_vendor_ignore_for_dead_code	
demo/video-chat/frontend-vue/node_modules/superjson/README.md	20814	355	generated:node_modules	generated_or_vendor_ignore_for_dead_code	
demo/video-chat/frontend-vue/node_modules/superjson/dist/accessDeep.d.ts	189	2	generated:node_modules	generated_or_vendor_ignore_for_dead_code	
demo/video-chat/frontend-vue/node_modules/superjson/dist/accessDeep.js	3706	123	generated:node_modules	generated_or_vendor_ignore_for_dead_code	
demo/video-chat/frontend-vue/node_modules/superjson/dist/accessDeep.js.map	4372	0	generated:node_modules	generated_or_vendor_ignore_for_dead_code	
demo/video-chat/frontend-vue/node_modules/superjson/dist/class-registry.d.ts	409	12	generated:node_modules	generated_or_vendor_ignore_for_dead_code	
demo/video-chat/frontend-vue/node_modules/superjson/dist/class-registry.js	658	22	generated:node_modules	generated_or_vendor_ignore_for_dead_code	
demo/video-chat/frontend-vue/node_modules/superjson/dist/class-registry.js.map	744	0	generated:node_modules	generated_or_vendor_ignore_for_dead_code	
demo/video-chat/frontend-vue/node_modules/superjson/dist/custom-transformer-registry.d.ts	504	13	generated:node_modules	generated_or_vendor_ignore_for_dead_code	
demo/video-chat/frontend-vue/node_modules/superjson/dist/custom-transformer-registry.js	462	16	generated:node_modules	generated_or_vendor_ignore_for_dead_code	
demo/video-chat/frontend-vue/node_modules/superjson/dist/custom-transformer-registry.js.map	562	0	generated:node_modules	generated_or_vendor_ignore_for_dead_code	
demo/video-chat/frontend-vue/node_modules/superjson/dist/double-indexed-kv.d.ts	231	8	generated:node_modules	generated_or_vendor_ignore_for_dead_code	
demo/video-chat/frontend-vue/node_modules/superjson/dist/double-indexed-kv.js	514	21	generated:node_modules	generated_or_vendor_ignore_for_dead_code	
demo/video-chat/frontend-vue/node_modules/superjson/dist/double-indexed-kv.js.map	678	0	generated:node_modules	generated_or_vendor_ignore_for_dead_code	
demo/video-chat/frontend-vue/node_modules/superjson/dist/index.d.ts	2938	52	generated:node_modules	generated_or_vendor_ignore_for_dead_code	
demo/video-chat/frontend-vue/node_modules/superjson/dist/index.js	3939	92	generated:node_modules	generated_or_vendor_ignore_for_dead_code	
demo/video-chat/frontend-vue/node_modules/superjson/dist/index.js.map	3681	0	generated:node_modules	generated_or_vendor_ignore_for_dead_code	
demo/video-chat/frontend-vue/node_modules/superjson/dist/is.d.ts	1771	24	generated:node_modules	generated_or_vendor_ignore_for_dead_code	
demo/video-chat/frontend-vue/node_modules/superjson/dist/is.js	1925	35	generated:node_modules	generated_or_vendor_ignore_for_dead_code	
demo/video-chat/frontend-vue/node_modules/superjson/dist/is.js.map	2478	0	generated:node_modules	generated_or_vendor_ignore_for_dead_code	
demo/video-chat/frontend-vue/node_modules/superjson/dist/pathstringifier.d.ts	290	6	generated:node_modules	generated_or_vendor_ignore_for_dead_code	
demo/video-chat/frontend-vue/node_modules/superjson/dist/pathstringifier.js	1202	40	generated:node_modules	generated_or_vendor_ignore_for_dead_code	
demo/video-chat/frontend-vue/node_modules/superjson/dist/pathstringifier.js.map	1467	0	generated:node_modules	generated_or_vendor_ignore_for_dead_code	
demo/video-chat/frontend-vue/node_modules/superjson/dist/plainer.d.ts	1150	16	generated:node_modules	generated_or_vendor_ignore_for_dead_code	
demo/video-chat/frontend-vue/node_modules/superjson/dist/plainer.js	6629	185	generated:node_modules	generated_or_vendor_ignore_for_dead_code	
demo/video-chat/frontend-vue/node_modules/superjson/dist/plainer.js.map	6490	0	generated:node_modules	generated_or_vendor_ignore_for_dead_code	
demo/video-chat/frontend-vue/node_modules/superjson/dist/registry.d.ts	317	9	generated:node_modules	generated_or_vendor_ignore_for_dead_code	
demo/video-chat/frontend-vue/node_modules/superjson/dist/registry.js	702	26	generated:node_modules	generated_or_vendor_ignore_for_dead_code	
demo/video-chat/frontend-vue/node_modules/superjson/dist/registry.js.map	788	0	generated:node_modules	generated_or_vendor_ignore_for_dead_code	
demo/video-chat/frontend-vue/node_modules/superjson/dist/transformer.d.ts	1022	17	generated:node_modules	generated_or_vendor_ignore_for_dead_code	
demo/video-chat/frontend-vue/node_modules/superjson/dist/transformer.js	7259	200	generated:node_modules	generated_or_vendor_ignore_for_dead_code	
demo/video-chat/frontend-vue/node_modules/superjson/dist/transformer.js.map	8117	0	generated:node_modules	generated_or_vendor_ignore_for_dead_code	
demo/video-chat/frontend-vue/node_modules/superjson/dist/types.d.ts	1092	29	generated:node_modules	generated_or_vendor_ignore_for_dead_code	
demo/video-chat/frontend-vue/node_modules/superjson/dist/types.js	44	2	generated:node_modules	generated_or_vendor_ignore_for_dead_code	
demo/video-chat/frontend-vue/node_modules/superjson/dist/types.js.map	102	0	generated:node_modules	generated_or_vendor_ignore_for_dead_code	
demo/video-chat/frontend-vue/node_modules/superjson/dist/util.d.ts	368	4	generated:node_modules	generated_or_vendor_ignore_for_dead_code	
demo/video-chat/frontend-vue/node_modules/superjson/dist/util.js	1268	45	generated:node_modules	generated_or_vendor_ignore_for_dead_code	
demo/video-chat/frontend-vue/node_modules/superjson/dist/util.js.map	1535	0	generated:node_modules	generated_or_vendor_ignore_for_dead_code	
demo/video-chat/frontend-vue/node_modules/superjson/package.json	1279	63	generated:node_modules	generated_or_vendor_ignore_for_dead_code	
demo/video-chat/frontend-vue/node_modules/tinyglobby/LICENSE	1076	21	generated:node_modules	generated_or_vendor_ignore_for_dead_code	
demo/video-chat/frontend-vue/node_modules/tinyglobby/README.md	932	25	generated:node_modules	generated_or_vendor_ignore_for_dead_code	
demo/video-chat/frontend-vue/node_modules/tinyglobby/dist/index.cjs	13389	334	generated:node_modules	generated_or_vendor_ignore_for_dead_code	
demo/video-chat/frontend-vue/node_modules/tinyglobby/dist/index.d.cts	4664	148	generated:node_modules	generated_or_vendor_ignore_for_dead_code	
demo/video-chat/frontend-vue/node_modules/tinyglobby/dist/index.d.mts	4664	148	generated:node_modules	generated_or_vendor_ignore_for_dead_code	
demo/video-chat/frontend-vue/node_modules/tinyglobby/dist/index.mjs	12128	306	generated:node_modules	generated_or_vendor_ignore_for_dead_code	
demo/video-chat/frontend-vue/node_modules/tinyglobby/package.json	1820	73	generated:node_modules	generated_or_vendor_ignore_for_dead_code	
demo/video-chat/frontend-vue/node_modules/uc.micro/LICENSE.txt	1077	20	generated:node_modules	generated_or_vendor_ignore_for_dead_code	
demo/video-chat/frontend-vue/node_modules/uc.micro/README.md	692	14	generated:node_modules	generated_or_vendor_ignore_for_dead_code	
demo/video-chat/frontend-vue/node_modules/uc.micro/build/index.cjs.js	5263	20	generated:node_modules	generated_or_vendor_ignore_for_dead_code	
demo/video-chat/frontend-vue/node_modules/uc.micro/categories/Cc/regex.mjs	35	1	generated:node_modules	generated_or_vendor_ignore_for_dead_code	
demo/video-chat/frontend-vue/node_modules/uc.micro/categories/Cf/regex.mjs	264	1	generated:node_modules	generated_or_vendor_ignore_for_dead_code	
demo/video-chat/frontend-vue/node_modules/uc.micro/categories/P/regex.mjs	2042	1	generated:node_modules	generated_or_vendor_ignore_for_dead_code	
demo/video-chat/frontend-vue/node_modules/uc.micro/categories/S/regex.mjs	2551	1	generated:node_modules	generated_or_vendor_ignore_for_dead_code	
demo/video-chat/frontend-vue/node_modules/uc.micro/categories/Z/regex.mjs	73	1	generated:node_modules	generated_or_vendor_ignore_for_dead_code	
demo/video-chat/frontend-vue/node_modules/uc.micro/index.mjs	302	8	generated:node_modules	generated_or_vendor_ignore_for_dead_code	
demo/video-chat/frontend-vue/node_modules/uc.micro/package.json	813	37	generated:node_modules	generated_or_vendor_ignore_for_dead_code	
demo/video-chat/frontend-vue/node_modules/uc.micro/properties/Any/regex.mjs	145	1	generated:node_modules	generated_or_vendor_ignore_for_dead_code	
demo/video-chat/frontend-vue/node_modules/undici-types/LICENSE	1090	21	generated:node_modules	generated_or_vendor_ignore_for_dead_code	
demo/video-chat/frontend-vue/node_modules/undici-types/README.md	455	6	generated:node_modules	generated_or_vendor_ignore_for_dead_code	
demo/video-chat/frontend-vue/node_modules/undici-types/agent.d.ts	1167	32	generated:node_modules	generated_or_vendor_ignore_for_dead_code	
demo/video-chat/frontend-vue/node_modules/undici-types/api.d.ts	1609	43	generated:node_modules	generated_or_vendor_ignore_for_dead_code	
demo/video-chat/frontend-vue/node_modules/undici-types/balanced-pool.d.ts	1019	30	generated:node_modules	generated_or_vendor_ignore_for_dead_code	
demo/video-chat/frontend-vue/node_modules/undici-types/cache-interceptor.d.ts	4362	179	generated:node_modules	generated_or_vendor_ignore_for_dead_code	
demo/video-chat/frontend-vue/node_modules/undici-types/cache.d.ts	1251	36	generated:node_modules	generated_or_vendor_ignore_for_dead_code	
demo/video-chat/frontend-vue/node_modules/undici-types/client-stats.d.ts	456	15	generated:node_modules	generated_or_vendor_ignore_for_dead_code	
demo/video-chat/frontend-vue/node_modules/undici-types/client.d.ts	5378	118	generated:node_modules	generated_or_vendor_ignore_for_dead_code	
demo/video-chat/frontend-vue/node_modules/undici-types/connector.d.ts	1039	34	generated:node_modules	generated_or_vendor_ignore_for_dead_code	
demo/video-chat/frontend-vue/node_modules/undici-types/content-type.d.ts	561	21	generated:node_modules	generated_or_vendor_ignore_for_dead_code	
demo/video-chat/frontend-vue/node_modules/undici-types/cookies.d.ts	696	30	generated:node_modules	generated_or_vendor_ignore_for_dead_code	
demo/video-chat/frontend-vue/node_modules/undici-types/diagnostics-channel.d.ts	1776	74	generated:node_modules	generated_or_vendor_ignore_for_dead_code	reconnect
demo/video-chat/frontend-vue/node_modules/undici-types/dispatcher.d.ts	15606	276	generated:node_modules	generated_or_vendor_ignore_for_dead_code	
demo/video-chat/frontend-vue/node_modules/undici-types/env-http-proxy-agent.d.ts	732	22	generated:node_modules	generated_or_vendor_ignore_for_dead_code	
demo/video-chat/frontend-vue/node_modules/undici-types/errors.d.ts	4439	161	generated:node_modules	generated_or_vendor_ignore_for_dead_code	
demo/video-chat/frontend-vue/node_modules/undici-types/eventsource.d.ts	1794	66	generated:node_modules	generated_or_vendor_ignore_for_dead_code	reconnect
demo/video-chat/frontend-vue/node_modules/undici-types/fetch.d.ts	5667	211	generated:node_modules	generated_or_vendor_ignore_for_dead_code	
demo/video-chat/frontend-vue/node_modules/undici-types/formdata.d.ts	5009	108	generated:node_modules	generated_or_vendor_ignore_for_dead_code	
demo/video-chat/frontend-vue/node_modules/undici-types/global-dispatcher.d.ts	275	9	generated:node_modules	generated_or_vendor_ignore_for_dead_code	
demo/video-chat/frontend-vue/node_modules/undici-types/global-origin.d.ts	176	7	generated:node_modules	generated_or_vendor_ignore_for_dead_code	
demo/video-chat/frontend-vue/node_modules/undici-types/h2c-client.d.ts	3706	73	generated:node_modules	generated_or_vendor_ignore_for_dead_code	
demo/video-chat/frontend-vue/node_modules/undici-types/handlers.d.ts	451	15	generated:node_modules	generated_or_vendor_ignore_for_dead_code	
demo/video-chat/frontend-vue/node_modules/undici-types/header.d.ts	3336	160	generated:node_modules	generated_or_vendor_ignore_for_dead_code	
demo/video-chat/frontend-vue/node_modules/undici-types/index.d.ts	4356	88	generated:node_modules	generated_or_vendor_ignore_for_dead_code	
demo/video-chat/frontend-vue/node_modules/undici-types/interceptors.d.ts	3301	73	generated:node_modules	generated_or_vendor_ignore_for_dead_code	
demo/video-chat/frontend-vue/node_modules/undici-types/mock-agent.d.ts	3448	68	generated:node_modules	generated_or_vendor_ignore_for_dead_code	
demo/video-chat/frontend-vue/node_modules/undici-types/mock-call-history.d.ts	5558	111	generated:node_modules	generated_or_vendor_ignore_for_dead_code	
demo/video-chat/frontend-vue/node_modules/undici-types/mock-client.d.ts	1065	27	generated:node_modules	generated_or_vendor_ignore_for_dead_code	
demo/video-chat/frontend-vue/node_modules/undici-types/mock-errors.d.ts	336	12	generated:node_modules	generated_or_vendor_ignore_for_dead_code	
demo/video-chat/frontend-vue/node_modules/undici-types/mock-interceptor.d.ts	3931	94	generated:node_modules	generated_or_vendor_ignore_for_dead_code	
demo/video-chat/frontend-vue/node_modules/undici-types/mock-pool.d.ts	1037	27	generated:node_modules	generated_or_vendor_ignore_for_dead_code	
demo/video-chat/frontend-vue/node_modules/undici-types/package.json	1193	55	generated:node_modules	generated_or_vendor_ignore_for_dead_code	
demo/video-chat/frontend-vue/node_modules/undici-types/patch.d.ts	599	29	generated:node_modules	generated_or_vendor_ignore_for_dead_code	
demo/video-chat/frontend-vue/node_modules/undici-types/pool-stats.d.ts	663	19	generated:node_modules	generated_or_vendor_ignore_for_dead_code	
demo/video-chat/frontend-vue/node_modules/undici-types/pool.d.ts	1490	41	generated:node_modules	generated_or_vendor_ignore_for_dead_code	
demo/video-chat/frontend-vue/node_modules/undici-types/proxy-agent.d.ts	806	29	generated:node_modules	generated_or_vendor_ignore_for_dead_code	
demo/video-chat/frontend-vue/node_modules/undici-types/readable.d.ts	1910	68	generated:node_modules	generated_or_vendor_ignore_for_dead_code	
demo/video-chat/frontend-vue/node_modules/undici-types/retry-agent.d.ts	233	8	generated:node_modules	generated_or_vendor_ignore_for_dead_code	
demo/video-chat/frontend-vue/node_modules/undici-types/retry-handler.d.ts	3262	125	generated:node_modules	generated_or_vendor_ignore_for_dead_code	
demo/video-chat/frontend-vue/node_modules/undici-types/round-robin-pool.d.ts	1590	41	generated:node_modules	generated_or_vendor_ignore_for_dead_code	
demo/video-chat/frontend-vue/node_modules/undici-types/snapshot-agent.d.ts	3048	109	generated:node_modules	generated_or_vendor_ignore_for_dead_code	
demo/video-chat/frontend-vue/node_modules/undici-types/util.d.ts	623	18	generated:node_modules	generated_or_vendor_ignore_for_dead_code	
demo/video-chat/frontend-vue/node_modules/undici-types/utility.d.ts	245	7	generated:node_modules	generated_or_vendor_ignore_for_dead_code	
demo/video-chat/frontend-vue/node_modules/undici-types/webidl.d.ts	8725	341	generated:node_modules	generated_or_vendor_ignore_for_dead_code	
demo/video-chat/frontend-vue/node_modules/undici-types/websocket.d.ts	4657	186	generated:node_modules	generated_or_vendor_ignore_for_dead_code	backpressure
demo/video-chat/frontend-vue/node_modules/vite/LICENSE.md	108487	2230	generated:node_modules	generated_or_vendor_ignore_for_dead_code	
demo/video-chat/frontend-vue/node_modules/vite/README.md	1154	20	generated:node_modules	generated_or_vendor_ignore_for_dead_code	
demo/video-chat/frontend-vue/node_modules/vite/bin/openChrome.js	1842	68	generated:node_modules	generated_or_vendor_ignore_for_dead_code	
demo/video-chat/frontend-vue/node_modules/vite/bin/vite.js	2574	79	generated:node_modules	generated_or_vendor_ignore_for_dead_code	
demo/video-chat/frontend-vue/node_modules/vite/client.d.ts	5177	282	generated:node_modules	generated_or_vendor_ignore_for_dead_code	
demo/video-chat/frontend-vue/node_modules/vite/dist/client/client.mjs	38561	1235	generated:node_modules	generated_or_vendor_ignore_for_dead_code	background,reconnect,fallback
demo/video-chat/frontend-vue/node_modules/vite/dist/client/env.mjs	612	18	generated:node_modules	generated_or_vendor_ignore_for_dead_code	
demo/video-chat/frontend-vue/node_modules/vite/dist/node/chunks/build.js	121	2	generated:node_modules	generated_or_vendor_ignore_for_dead_code	
demo/video-chat/frontend-vue/node_modules/vite/dist/node/chunks/build2.js	203391	5378	generated:node_modules	generated_or_vendor_ignore_for_dead_code	keyframe_delta
demo/video-chat/frontend-vue/node_modules/vite/dist/node/chunks/chunk.js	1779	37	generated:node_modules	generated_or_vendor_ignore_for_dead_code	
demo/video-chat/frontend-vue/node_modules/vite/dist/node/chunks/config.js	74	2	generated:node_modules	generated_or_vendor_ignore_for_dead_code	
demo/video-chat/frontend-vue/node_modules/vite/dist/node/chunks/dist.js	238248	6719	generated:node_modules	generated_or_vendor_ignore_for_dead_code	
demo/video-chat/frontend-vue/node_modules/vite/dist/node/chunks/lib.js	11710	371	generated:node_modules	generated_or_vendor_ignore_for_dead_code	
demo/video-chat/frontend-vue/node_modules/vite/dist/node/chunks/logger.js	11612	322	generated:node_modules	generated_or_vendor_ignore_for_dead_code	
demo/video-chat/frontend-vue/node_modules/vite/dist/node/chunks/moduleRunnerTransport.d.ts	3064	96	generated:node_modules	generated_or_vendor_ignore_for_dead_code	
demo/video-chat/frontend-vue/node_modules/vite/dist/node/chunks/node.js	1264540	34785	generated:node_modules	generated_or_vendor_ignore_for_dead_code	background,security,backpressure,capabilities,fallback,repair,keyframe_delta
demo/video-chat/frontend-vue/node_modules/vite/dist/node/chunks/optimizer.js	73	2	generated:node_modules	generated_or_vendor_ignore_for_dead_code	
demo/video-chat/frontend-vue/node_modules/vite/dist/node/chunks/postcss-import.js	18421	467	generated:node_modules	generated_or_vendor_ignore_for_dead_code	
demo/video-chat/frontend-vue/node_modules/vite/dist/node/chunks/preview.js	62	2	generated:node_modules	generated_or_vendor_ignore_for_dead_code	
demo/video-chat/frontend-vue/node_modules/vite/dist/node/chunks/server.js	73	2	generated:node_modules	generated_or_vendor_ignore_for_dead_code	
demo/video-chat/frontend-vue/node_modules/vite/dist/node/cli.js	29867	837	generated:node_modules	generated_or_vendor_ignore_for_dead_code	
demo/video-chat/frontend-vue/node_modules/vite/dist/node/index.d.ts	157377	3867	generated:node_modules	generated_or_vendor_ignore_for_dead_code	backpressure,fallback
demo/video-chat/frontend-vue/node_modules/vite/dist/node/index.js	2726	3	generated:node_modules	generated_or_vendor_ignore_for_dead_code	
demo/video-chat/frontend-vue/node_modules/vite/dist/node/internal.d.ts	137	2	generated:node_modules	generated_or_vendor_ignore_for_dead_code	
demo/video-chat/frontend-vue/node_modules/vite/dist/node/internal.js	138	2	generated:node_modules	generated_or_vendor_ignore_for_dead_code	
demo/video-chat/frontend-vue/node_modules/vite/dist/node/module-runner.d.ts	11471	315	generated:node_modules	generated_or_vendor_ignore_for_dead_code	
demo/video-chat/frontend-vue/node_modules/vite/dist/node/module-runner.js	54073	1262	generated:node_modules	generated_or_vendor_ignore_for_dead_code	
demo/video-chat/frontend-vue/node_modules/vite/misc/false.js	21	1	generated:node_modules	generated_or_vendor_ignore_for_dead_code	
demo/video-chat/frontend-vue/node_modules/vite/misc/true.js	20	1	generated:node_modules	generated_or_vendor_ignore_for_dead_code	
demo/video-chat/frontend-vue/node_modules/vite/package.json	4986	192	generated:node_modules	generated_or_vendor_ignore_for_dead_code	
demo/video-chat/frontend-vue/node_modules/vite/types/customEvent.d.ts	1952	79	generated:node_modules	generated_or_vendor_ignore_for_dead_code	
demo/video-chat/frontend-vue/node_modules/vite/types/hmrPayload.d.ts	1398	80	generated:node_modules	generated_or_vendor_ignore_for_dead_code	
demo/video-chat/frontend-vue/node_modules/vite/types/hot.d.ts	1063	39	generated:node_modules	generated_or_vendor_ignore_for_dead_code	
demo/video-chat/frontend-vue/node_modules/vite/types/import-meta.d.ts	249	5	generated:node_modules	generated_or_vendor_ignore_for_dead_code	
demo/video-chat/frontend-vue/node_modules/vite/types/importGlob.d.ts	2291	89	generated:node_modules	generated_or_vendor_ignore_for_dead_code	
demo/video-chat/frontend-vue/node_modules/vite/types/importMeta.d.ts	884	30	generated:node_modules	generated_or_vendor_ignore_for_dead_code	fallback
demo/video-chat/frontend-vue/node_modules/vite/types/internal/cssPreprocessorOptions.d.ts	1420	44	generated:node_modules	generated_or_vendor_ignore_for_dead_code	
demo/video-chat/frontend-vue/node_modules/vite/types/internal/esbuildOptions.d.ts	672	28	generated:node_modules	generated_or_vendor_ignore_for_dead_code	
demo/video-chat/frontend-vue/node_modules/vite/types/internal/lightningcssOptions.d.ts	520	18	generated:node_modules	generated_or_vendor_ignore_for_dead_code	
demo/video-chat/frontend-vue/node_modules/vite/types/internal/rollupTypeCompat.d.ts	791	24	generated:node_modules	generated_or_vendor_ignore_for_dead_code	
demo/video-chat/frontend-vue/node_modules/vite/types/internal/terserOptions.d.ts	384	11	generated:node_modules	generated_or_vendor_ignore_for_dead_code	
demo/video-chat/frontend-vue/node_modules/vite/types/metadata.d.ts	1133	47	generated:node_modules	generated_or_vendor_ignore_for_dead_code	
demo/video-chat/frontend-vue/node_modules/vue-router/LICENSE	1100	21	generated:node_modules	generated_or_vendor_ignore_for_dead_code	
demo/video-chat/frontend-vue/node_modules/vue-router/dist/devtools-EWN81iOl.mjs	44766	1220	generated:node_modules	generated_or_vendor_ignore_for_dead_code	background,keyframe_delta
demo/video-chat/frontend-vue/node_modules/vue-router/dist/experimental/index.d.mts	2902	38	generated:node_modules	generated_or_vendor_ignore_for_dead_code	
demo/video-chat/frontend-vue/node_modules/vue-router/dist/experimental/index.mjs	28989	753	generated:node_modules	generated_or_vendor_ignore_for_dead_code	keyframe_delta
demo/video-chat/frontend-vue/node_modules/vue-router/dist/router-CWoNjPRp.d.mts	72841	1973	generated:node_modules	generated_or_vendor_ignore_for_dead_code	security,keyframe_delta
demo/video-chat/frontend-vue/node_modules/vue-router/dist/vue-router.cjs	105346	2774	generated:node_modules	generated_or_vendor_ignore_for_dead_code	background,security,reconnect,keyframe_delta
demo/video-chat/frontend-vue/node_modules/vue-router/dist/vue-router.d.mts	18248	361	generated:node_modules	generated_or_vendor_ignore_for_dead_code	
demo/video-chat/frontend-vue/node_modules/vue-router/dist/vue-router.esm-browser.js	102281	2745	generated:node_modules	generated_or_vendor_ignore_for_dead_code	background,security,reconnect,keyframe_delta
demo/video-chat/frontend-vue/node_modules/vue-router/dist/vue-router.esm-browser.prod.js	27210	6	generated:node_modules	generated_or_vendor_ignore_for_dead_code	security,reconnect,keyframe_delta
demo/video-chat/frontend-vue/node_modules/vue-router/dist/vue-router.esm-bundler.js	164	2	generated:node_modules	generated_or_vendor_ignore_for_dead_code	
demo/video-chat/frontend-vue/node_modules/vue-router/dist/vue-router.global.js	115739	3023	generated:node_modules	generated_or_vendor_ignore_for_dead_code	background,security,reconnect,fallback,keyframe_delta
demo/video-chat/frontend-vue/node_modules/vue-router/dist/vue-router.global.prod.js	27401	6	generated:node_modules	generated_or_vendor_ignore_for_dead_code	security,reconnect,keyframe_delta
demo/video-chat/frontend-vue/node_modules/vue-router/dist/vue-router.mjs	62618	1557	generated:node_modules	generated_or_vendor_ignore_for_dead_code	security,reconnect,keyframe_delta
demo/video-chat/frontend-vue/node_modules/vue-router/dist/vue-router.prod.cjs	45605	23	generated:node_modules	generated_or_vendor_ignore_for_dead_code	background,security,reconnect,keyframe_delta
demo/video-chat/frontend-vue/node_modules/vue-router/index.js	179	7	generated:node_modules	generated_or_vendor_ignore_for_dead_code	
demo/video-chat/frontend-vue/node_modules/vue-router/package.json	4885	153	generated:node_modules	generated_or_vendor_ignore_for_dead_code	fallback
demo/video-chat/frontend-vue/node_modules/vue-router/vetur/attributes.json	1847	32	generated:node_modules	generated_or_vendor_ignore_for_dead_code	security
demo/video-chat/frontend-vue/node_modules/vue-router/vetur/tags.json	636	10	generated:node_modules	generated_or_vendor_ignore_for_dead_code	
demo/video-chat/frontend-vue/node_modules/vue-router/vue-router-auto-resolver.d.mts	571	22	generated:node_modules	generated_or_vendor_ignore_for_dead_code	
demo/video-chat/frontend-vue/node_modules/vue-router/vue-router-auto-routes.d.ts	95	4	generated:node_modules	generated_or_vendor_ignore_for_dead_code	
demo/video-chat/frontend-vue/node_modules/vue-router/vue-router-auto.d.ts	36	1	generated:node_modules	generated_or_vendor_ignore_for_dead_code	
demo/video-chat/frontend-vue/node_modules/vue-router/vue-router.node.mjs	75	2	generated:node_modules	generated_or_vendor_ignore_for_dead_code	
demo/video-chat/frontend-vue/node_modules/vue/LICENSE	1091	21	generated:node_modules	generated_or_vendor_ignore_for_dead_code	
demo/video-chat/frontend-vue/node_modules/vue/README.md	3759	58	generated:node_modules	generated_or_vendor_ignore_for_dead_code	
demo/video-chat/frontend-vue/node_modules/vue/compiler-sfc/index.browser.js	46	1	generated:node_modules	generated_or_vendor_ignore_for_dead_code	
demo/video-chat/frontend-vue/node_modules/vue/compiler-sfc/index.browser.mjs	34	1	generated:node_modules	generated_or_vendor_ignore_for_dead_code	
demo/video-chat/frontend-vue/node_modules/vue/compiler-sfc/index.d.mts	34	1	generated:node_modules	generated_or_vendor_ignore_for_dead_code	
demo/video-chat/frontend-vue/node_modules/vue/compiler-sfc/index.d.ts	34	1	generated:node_modules	generated_or_vendor_ignore_for_dead_code	
demo/video-chat/frontend-vue/node_modules/vue/compiler-sfc/index.js	75	3	generated:node_modules	generated_or_vendor_ignore_for_dead_code	
demo/video-chat/frontend-vue/node_modules/vue/compiler-sfc/index.mjs	61	3	generated:node_modules	generated_or_vendor_ignore_for_dead_code	
demo/video-chat/frontend-vue/node_modules/vue/compiler-sfc/package.json	50	4	generated:node_modules	generated_or_vendor_ignore_for_dead_code	
demo/video-chat/frontend-vue/node_modules/vue/compiler-sfc/register-ts.js	111	3	generated:node_modules	generated_or_vendor_ignore_for_dead_code	
demo/video-chat/frontend-vue/node_modules/vue/dist/vue.cjs.js	2296	80	generated:node_modules	generated_or_vendor_ignore_for_dead_code	
demo/video-chat/frontend-vue/node_modules/vue/dist/vue.cjs.prod.js	1774	66	generated:node_modules	generated_or_vendor_ignore_for_dead_code	
demo/video-chat/frontend-vue/node_modules/vue/dist/vue.d.mts	299	7	generated:node_modules	generated_or_vendor_ignore_for_dead_code	
demo/video-chat/frontend-vue/node_modules/vue/dist/vue.d.ts	299	7	generated:node_modules	generated_or_vendor_ignore_for_dead_code	
demo/video-chat/frontend-vue/node_modules/vue/dist/vue.esm-browser.js	549255	18708	generated:node_modules	generated_or_vendor_ignore_for_dead_code	background,fallback
demo/video-chat/frontend-vue/node_modules/vue/dist/vue.esm-browser.prod.js	168506	13	generated:node_modules	generated_or_vendor_ignore_for_dead_code	fallback
demo/video-chat/frontend-vue/node_modules/vue/dist/vue.esm-bundler.js	2188	71	generated:node_modules	generated_or_vendor_ignore_for_dead_code	
demo/video-chat/frontend-vue/node_modules/vue/dist/vue.global.js	581225	18588	generated:node_modules	generated_or_vendor_ignore_for_dead_code	background,fallback
demo/video-chat/frontend-vue/node_modules/vue/dist/vue.global.prod.js	163668	13	generated:node_modules	generated_or_vendor_ignore_for_dead_code	fallback
demo/video-chat/frontend-vue/node_modules/vue/dist/vue.runtime.esm-browser.js	380304	12817	generated:node_modules	generated_or_vendor_ignore_for_dead_code	background,fallback
demo/video-chat/frontend-vue/node_modules/vue/dist/vue.runtime.esm-browser.prod.js	107457	7	generated:node_modules	generated_or_vendor_ignore_for_dead_code	fallback
demo/video-chat/frontend-vue/node_modules/vue/dist/vue.runtime.esm-bundler.js	580	26	generated:node_modules	generated_or_vendor_ignore_for_dead_code	
demo/video-chat/frontend-vue/node_modules/vue/dist/vue.runtime.global.js	406186	12871	generated:node_modules	generated_or_vendor_ignore_for_dead_code	background,fallback
demo/video-chat/frontend-vue/node_modules/vue/dist/vue.runtime.global.prod.js	105401	7	generated:node_modules	generated_or_vendor_ignore_for_dead_code	fallback
demo/video-chat/frontend-vue/node_modules/vue/index.js	171	7	generated:node_modules	generated_or_vendor_ignore_for_dead_code	
demo/video-chat/frontend-vue/node_modules/vue/index.mjs	27	1	generated:node_modules	generated_or_vendor_ignore_for_dead_code	
demo/video-chat/frontend-vue/node_modules/vue/jsx-runtime/index.d.ts	848	25	generated:node_modules	generated_or_vendor_ignore_for_dead_code	
demo/video-chat/frontend-vue/node_modules/vue/jsx-runtime/index.js	303	15	generated:node_modules	generated_or_vendor_ignore_for_dead_code	
demo/video-chat/frontend-vue/node_modules/vue/jsx-runtime/index.mjs	265	12	generated:node_modules	generated_or_vendor_ignore_for_dead_code	
demo/video-chat/frontend-vue/node_modules/vue/jsx-runtime/package.json	75	5	generated:node_modules	generated_or_vendor_ignore_for_dead_code	
demo/video-chat/frontend-vue/node_modules/vue/jsx.d.ts	741	22	generated:node_modules	generated_or_vendor_ignore_for_dead_code	
demo/video-chat/frontend-vue/node_modules/vue/package.json	2810	112	generated:node_modules	generated_or_vendor_ignore_for_dead_code	
demo/video-chat/frontend-vue/node_modules/vue/server-renderer/index.d.mts	37	1	generated:node_modules	generated_or_vendor_ignore_for_dead_code	
demo/video-chat/frontend-vue/node_modules/vue/server-renderer/index.d.ts	37	1	generated:node_modules	generated_or_vendor_ignore_for_dead_code	
demo/video-chat/frontend-vue/node_modules/vue/server-renderer/index.js	49	1	generated:node_modules	generated_or_vendor_ignore_for_dead_code	
demo/video-chat/frontend-vue/node_modules/vue/server-renderer/index.mjs	37	1	generated:node_modules	generated_or_vendor_ignore_for_dead_code	
demo/video-chat/frontend-vue/node_modules/vue/server-renderer/package.json	50	4	generated:node_modules	generated_or_vendor_ignore_for_dead_code	
demo/video-chat/frontend-vue/package-lock.json	57139	1598	config	manual_audit_required	security
demo/video-chat/frontend-vue/package.json	27022	123	config	manual_audit_required	sfu,gossip,background,security,reconnect,backpressure,quality,regression,capabilities,fallback,repair,keyframe_delta
demo/video-chat/frontend-vue/playwright.config.js	7037	179	other	manual_audit_required	sfu
demo/video-chat/frontend-vue/public/assets/orgas/intelligent-intern/logo.svg	21327	28	other	low_signal_inventory_only	
demo/video-chat/frontend-vue/public/assets/orgas/kingrt/avatar-placeholder.svg	1103	19	other	low_signal_inventory_only	
demo/video-chat/frontend-vue/public/assets/orgas/kingrt/icon.svg	27234	0	other	low_signal_inventory_only	
demo/video-chat/frontend-vue/public/assets/orgas/kingrt/icons/add.png	4207	0	other	low_signal_inventory_only	
demo/video-chat/frontend-vue/public/assets/orgas/kingrt/icons/add_to_call.png	9082	0	other	low_signal_inventory_only	
demo/video-chat/frontend-vue/public/assets/orgas/kingrt/icons/adminoff.png	9334	0	other	low_signal_inventory_only	
demo/video-chat/frontend-vue/public/assets/orgas/kingrt/icons/adminon.png	8795	0	other	low_signal_inventory_only	
demo/video-chat/frontend-vue/public/assets/orgas/kingrt/icons/aibot.png	7959	0	other	low_signal_inventory_only	
demo/video-chat/frontend-vue/public/assets/orgas/kingrt/icons/backward.png	6921	0	other	low_signal_inventory_only	
demo/video-chat/frontend-vue/public/assets/orgas/kingrt/icons/blur.png	9800	0	other	low_signal_inventory_only	
demo/video-chat/frontend-vue/public/assets/orgas/kingrt/icons/blurmore.png	9495	0	other	low_signal_inventory_only	
demo/video-chat/frontend-vue/public/assets/orgas/kingrt/icons/cameraoff.png	8824	0	other	low_signal_inventory_only	
demo/video-chat/frontend-vue/public/assets/orgas/kingrt/icons/camon.png	6861	0	other	low_signal_inventory_only	
demo/video-chat/frontend-vue/public/assets/orgas/kingrt/icons/cancel.png	6926	0	other	low_signal_inventory_only	
demo/video-chat/frontend-vue/public/assets/orgas/kingrt/icons/chat.png	6115	0	other	low_signal_inventory_only	
demo/video-chat/frontend-vue/public/assets/orgas/kingrt/icons/desktop.png	5861	0	other	low_signal_inventory_only	
demo/video-chat/frontend-vue/public/assets/orgas/kingrt/icons/end_call.png	4251	0	other	low_signal_inventory_only	
demo/video-chat/frontend-vue/public/assets/orgas/kingrt/icons/forward.png	7010	0	other	low_signal_inventory_only	
demo/video-chat/frontend-vue/public/assets/orgas/kingrt/icons/gear.png	12262	0	other	low_signal_inventory_only	
demo/video-chat/frontend-vue/public/assets/orgas/kingrt/icons/hand.png	7607	0	other	low_signal_inventory_only	
demo/video-chat/frontend-vue/public/assets/orgas/kingrt/icons/lobby.png	7020	0	other	low_signal_inventory_only	
demo/video-chat/frontend-vue/public/assets/orgas/kingrt/icons/micoff.png	9235	0	other	low_signal_inventory_only	
demo/video-chat/frontend-vue/public/assets/orgas/kingrt/icons/micon.png	8298	0	other	low_signal_inventory_only	
demo/video-chat/frontend-vue/public/assets/orgas/kingrt/icons/remove_user.png	8881	0	other	low_signal_inventory_only	
demo/video-chat/frontend-vue/public/assets/orgas/kingrt/icons/send.png	10857	0	other	low_signal_inventory_only	
demo/video-chat/frontend-vue/public/assets/orgas/kingrt/icons/share_screen.png	4801	0	other	low_signal_inventory_only	
demo/video-chat/frontend-vue/public/assets/orgas/kingrt/icons/solid.png	3931	0	other	low_signal_inventory_only	
demo/video-chat/frontend-vue/public/assets/orgas/kingrt/icons/user.png	5809	0	other	low_signal_inventory_only	
demo/video-chat/frontend-vue/public/assets/orgas/kingrt/icons/users.png	12049	0	other	low_signal_inventory_only	
demo/video-chat/frontend-vue/public/assets/orgas/kingrt/king_logo-withslogan.svg	82786	0	other	low_signal_inventory_only	
demo/video-chat/frontend-vue/public/assets/orgas/kingrt/logo.svg	37910	0	other	low_signal_inventory_only	
demo/video-chat/frontend-vue/public/assets/orgas/kingrt/social/invitation-preview.png	930157	0	other	low_signal_inventory_only	
demo/video-chat/frontend-vue/public/cdn/vendor/mediapipe/models/manifest.json	344	10	vendor-runtime-asset	generated_or_vendor_ignore_for_dead_code	background
demo/video-chat/frontend-vue/public/cdn/vendor/mediapipe/models/selfie_multiclass_256x256.tflite	16371837	0	vendor-runtime-asset	generated_or_vendor_ignore_for_dead_code	background
demo/video-chat/frontend-vue/public/cdn/vendor/mediapipe/selfie_segmentation/manifest.json	1555	16	vendor-runtime-asset	generated_or_vendor_ignore_for_dead_code	background
demo/video-chat/frontend-vue/public/cdn/vendor/mediapipe/selfie_segmentation/selfie_segmentation.binarypb	362	0	vendor-runtime-asset	generated_or_vendor_ignore_for_dead_code	background
demo/video-chat/frontend-vue/public/cdn/vendor/mediapipe/selfie_segmentation/selfie_segmentation.js	44542	93	vendor-runtime-asset	generated_or_vendor_ignore_for_dead_code	background
demo/video-chat/frontend-vue/public/cdn/vendor/mediapipe/selfie_segmentation/selfie_segmentation.tflite	249024	0	vendor-runtime-asset	generated_or_vendor_ignore_for_dead_code	background
demo/video-chat/frontend-vue/public/cdn/vendor/mediapipe/selfie_segmentation/selfie_segmentation_landscape.tflite	249792	0	vendor-runtime-asset	generated_or_vendor_ignore_for_dead_code	background
demo/video-chat/frontend-vue/public/cdn/vendor/mediapipe/selfie_segmentation/selfie_segmentation_solution_simd_wasm_bin.data	0	0	vendor-runtime-asset	generated_or_vendor_ignore_for_dead_code	background
demo/video-chat/frontend-vue/public/cdn/vendor/mediapipe/selfie_segmentation/selfie_segmentation_solution_simd_wasm_bin.js	276493	21	vendor-runtime-asset	generated_or_vendor_ignore_for_dead_code	background,reconnect,keyframe_delta
demo/video-chat/frontend-vue/public/cdn/vendor/mediapipe/selfie_segmentation/selfie_segmentation_solution_simd_wasm_bin.wasm	5694839	0	vendor-runtime-asset	generated_or_vendor_ignore_for_dead_code	background
demo/video-chat/frontend-vue/public/cdn/vendor/mediapipe/selfie_segmentation/selfie_segmentation_solution_wasm_bin.js	276488	21	vendor-runtime-asset	generated_or_vendor_ignore_for_dead_code	background,reconnect,keyframe_delta
demo/video-chat/frontend-vue/public/cdn/vendor/mediapipe/selfie_segmentation/selfie_segmentation_solution_wasm_bin.wasm	5587523	0	vendor-runtime-asset	generated_or_vendor_ignore_for_dead_code	background
demo/video-chat/frontend-vue/public/cdn/vendor/mediapipe/tasks-vision/manifest.json	185	12	vendor-runtime-asset	generated_or_vendor_ignore_for_dead_code	background
demo/video-chat/frontend-vue/public/cdn/vendor/mediapipe/tasks-vision/vision_bundle.mjs	136993	2	vendor-runtime-asset	generated_or_vendor_ignore_for_dead_code	background
demo/video-chat/frontend-vue/public/cdn/vendor/mediapipe/tasks-vision/vision_bundle_mjs.js.map	344840	0	vendor-runtime-asset	generated_or_vendor_ignore_for_dead_code	background
demo/video-chat/frontend-vue/public/cdn/vendor/sinet/metadata-float.json	1112	43	vendor-runtime-asset	generated_or_vendor_ignore_for_dead_code	background
demo/video-chat/frontend-vue/public/cdn/vendor/sinet/sinet-float.onnx	118447	0	vendor-runtime-asset	generated_or_vendor_ignore_for_dead_code	background
demo/video-chat/frontend-vue/public/cdn/vendor/sinet/sinet.data	310000	0	vendor-runtime-asset	generated_or_vendor_ignore_for_dead_code	background
demo/video-chat/frontend-vue/public/cdn/vendor/tensorflow/body-segmentation/body-segmentation.min.js	52587	17	vendor-runtime-asset	generated_or_vendor_ignore_for_dead_code	background,reconnect
demo/video-chat/frontend-vue/public/cdn/vendor/tensorflow/manifest.json	952	29	vendor-runtime-asset	generated_or_vendor_ignore_for_dead_code	background
demo/video-chat/frontend-vue/public/cdn/vendor/tensorflow/tfjs-backend-webgl/tf-backend-webgl.min.js	399418	18	vendor-runtime-asset	generated_or_vendor_ignore_for_dead_code	background,keyframe_delta
demo/video-chat/frontend-vue/public/cdn/vendor/tensorflow/tfjs-converter/tf-converter.min.js	322585	18	vendor-runtime-asset	generated_or_vendor_ignore_for_dead_code	keyframe_delta
demo/video-chat/frontend-vue/public/cdn/vendor/tensorflow/tfjs-core/tf-core.min.js	294062	18	vendor-runtime-asset	generated_or_vendor_ignore_for_dead_code	keyframe_delta
demo/video-chat/frontend-vue/public/gossip-harness.html	27925	692	other	manual_audit_required	gossip,background,reconnect,fallback,keyframe_delta
demo/video-chat/frontend-vue/public/wasm/audio_wasm_internal.js	251982	6889	vendor-runtime-asset	generated_or_vendor_ignore_for_dead_code	background,regression,fallback,keyframe_delta
demo/video-chat/frontend-vue/public/wasm/audio_wasm_internal.wasm	6347372	0	vendor-runtime-asset	generated_or_vendor_ignore_for_dead_code	
demo/video-chat/frontend-vue/public/wasm/audio_wasm_module_internal.js	252019	6885	vendor-runtime-asset	generated_or_vendor_ignore_for_dead_code	background,regression,fallback,keyframe_delta
demo/video-chat/frontend-vue/public/wasm/audio_wasm_module_internal.wasm	6347396	0	vendor-runtime-asset	generated_or_vendor_ignore_for_dead_code	
demo/video-chat/frontend-vue/public/wasm/audio_wasm_nosimd_internal.js	251785	6880	vendor-runtime-asset	generated_or_vendor_ignore_for_dead_code	background,regression,fallback,keyframe_delta
demo/video-chat/frontend-vue/public/wasm/audio_wasm_nosimd_internal.wasm	6200812	0	vendor-runtime-asset	generated_or_vendor_ignore_for_dead_code	
demo/video-chat/frontend-vue/public/wasm/text_wasm_internal.js	251792	6887	vendor-runtime-asset	generated_or_vendor_ignore_for_dead_code	background,regression,fallback,keyframe_delta
demo/video-chat/frontend-vue/public/wasm/text_wasm_internal.wasm	6657572	0	vendor-runtime-asset	generated_or_vendor_ignore_for_dead_code	
demo/video-chat/frontend-vue/public/wasm/text_wasm_module_internal.js	251828	6883	vendor-runtime-asset	generated_or_vendor_ignore_for_dead_code	background,regression,fallback,keyframe_delta
demo/video-chat/frontend-vue/public/wasm/text_wasm_module_internal.wasm	6657594	0	vendor-runtime-asset	generated_or_vendor_ignore_for_dead_code	
demo/video-chat/frontend-vue/public/wasm/text_wasm_nosimd_internal.js	251595	6878	vendor-runtime-asset	generated_or_vendor_ignore_for_dead_code	background,regression,fallback,keyframe_delta
demo/video-chat/frontend-vue/public/wasm/text_wasm_nosimd_internal.wasm	6513362	0	vendor-runtime-asset	generated_or_vendor_ignore_for_dead_code	
demo/video-chat/frontend-vue/public/wasm/vision_wasm_internal.js	322044	8827	vendor-runtime-asset	generated_or_vendor_ignore_for_dead_code	background,regression,fallback,keyframe_delta
demo/video-chat/frontend-vue/public/wasm/vision_wasm_internal.wasm	11153617	0	vendor-runtime-asset	generated_or_vendor_ignore_for_dead_code	
demo/video-chat/frontend-vue/public/wasm/vision_wasm_module_internal.js	322082	8823	vendor-runtime-asset	generated_or_vendor_ignore_for_dead_code	background,regression,fallback,keyframe_delta
demo/video-chat/frontend-vue/public/wasm/vision_wasm_module_internal.wasm	11153641	0	vendor-runtime-asset	generated_or_vendor_ignore_for_dead_code	
demo/video-chat/frontend-vue/public/wasm/vision_wasm_nosimd_internal.js	321847	8818	vendor-runtime-asset	generated_or_vendor_ignore_for_dead_code	background,regression,fallback,keyframe_delta
demo/video-chat/frontend-vue/public/wasm/vision_wasm_nosimd_internal.wasm	10481398	0	vendor-runtime-asset	generated_or_vendor_ignore_for_dead_code	
demo/video-chat/frontend-vue/scripts/dev-server.mjs	981	25	script	low_signal_inventory_only	
demo/video-chat/frontend-vue/src/App.vue	5182	166	source	manual_audit_required	reconnect,fallback
demo/video-chat/frontend-vue/src/components/AppIconButton.vue	1021	56	source	low_signal_inventory_only	
demo/video-chat/frontend-vue/src/components/AppModalShell.vue	6677	301	source	manual_audit_required	background
demo/video-chat/frontend-vue/src/components/AppPageHeader.vue	3953	163	source	manual_audit_required	background
demo/video-chat/frontend-vue/src/components/AppPagination.vue	1951	78	source	low_signal_inventory_only	
demo/video-chat/frontend-vue/src/components/AppSelect.vue	951	45	source	low_signal_inventory_only	
demo/video-chat/frontend-vue/src/components/AppSidePanelShell.vue	6396	293	source	manual_audit_required	background
demo/video-chat/frontend-vue/src/components/GossipHarness.vue	13968	407	source	manual_audit_required	sfu,gossip,background,fallback,keyframe_delta
demo/video-chat/frontend-vue/src/components/admin/AdminPageActionBar.vue	1625	74	source	low_signal_inventory_only	
demo/video-chat/frontend-vue/src/components/admin/AdminPageFrame.vue	2576	129	source	manual_audit_required	background
demo/video-chat/frontend-vue/src/components/admin/AdminSearchToolbar.vue	1242	65	source	low_signal_inventory_only	
demo/video-chat/frontend-vue/src/components/admin/AdminSidePanelSubmitFooter.vue	1007	57	source	low_signal_inventory_only	
demo/video-chat/frontend-vue/src/components/admin/AdminTableFrame.vue	222	14	source	low_signal_inventory_only	
demo/video-chat/frontend-vue/src/components/admin/useAdminListController.js	3981	147	source	manual_audit_required	fallback
demo/video-chat/frontend-vue/src/components/admin/useAdminSidePanelForm.js	804	43	source	manual_audit_required	fallback
demo/video-chat/frontend-vue/src/domain/auth/LoginView.vue	7994	259	source	manual_audit_required	fallback
demo/video-chat/frontend-vue/src/domain/auth/session.ts	31039	944	source	manual_audit_required	fallback,repair
demo/video-chat/frontend-vue/src/domain/auth/sessionErrors.ts	659	20	source	manual_audit_required	fallback
demo/video-chat/frontend-vue/src/domain/auth/sessionNormalizers.js	4147	121	source	manual_audit_required	fallback
demo/video-chat/frontend-vue/src/domain/auth/sessionOnboarding.ts	2594	94	source	low_signal_inventory_only	
demo/video-chat/frontend-vue/src/domain/calls/access/CallAccessJoinFooter.vue	3535	100	source	low_signal_inventory_only	
demo/video-chat/frontend-vue/src/domain/calls/access/GoodbyeView.vue	1964	82	source	manual_audit_required	background
demo/video-chat/frontend-vue/src/domain/calls/access/JoinView.css	7614	403	source	manual_audit_required	background
demo/video-chat/frontend-vue/src/domain/calls/access/JoinView.vue	29368	798	source	manual_audit_required	background,reconnect
demo/video-chat/frontend-vue/src/domain/calls/access/admissionGate.ts	3955	100	source	manual_audit_required	fallback
demo/video-chat/frontend-vue/src/domain/calls/access/callAccessPersonalizedMismatch.ts	1372	42	source	low_signal_inventory_only	
demo/video-chat/frontend-vue/src/domain/calls/access/callAccessSession.ts	4801	143	source	low_signal_inventory_only	
demo/video-chat/frontend-vue/src/domain/calls/access/joinPreview.ts	11257	318	source	manual_audit_required	background,fallback
demo/video-chat/frontend-vue/src/domain/calls/admin/CallsView.css	9706	545	source	manual_audit_required	background
demo/video-chat/frontend-vue/src/domain/calls/admin/CallsView.template.html	25836	549	source	manual_audit_required	background
demo/video-chat/frontend-vue/src/domain/calls/admin/CallsView.vue	12519	475	source	manual_audit_required	background,reconnect,fallback
demo/video-chat/frontend-vue/src/domain/calls/admin/CallsViewResponsive.css	4821	243	source	manual_audit_required	background
demo/video-chat/frontend-vue/src/domain/calls/admin/cancelDelete.ts	12762	427	source	manual_audit_required	fallback
demo/video-chat/frontend-vue/src/domain/calls/admin/compose.ts	13067	435	source	low_signal_inventory_only	
demo/video-chat/frontend-vue/src/domain/calls/admin/enterCall.ts	20409	548	source	manual_audit_required	background,fallback
demo/video-chat/frontend-vue/src/domain/calls/appointment/AppointmentBookingFormFields.css	2056	104	source	manual_audit_required	background
demo/video-chat/frontend-vue/src/domain/calls/appointment/AppointmentBookingFormFields.vue	4566	142	source	low_signal_inventory_only	
demo/video-chat/frontend-vue/src/domain/calls/appointment/AppointmentBookingModal.css	7738	403	source	manual_audit_required	background
demo/video-chat/frontend-vue/src/domain/calls/appointment/AppointmentBookingModal.vue	26147	723	source	manual_audit_required	background
demo/video-chat/frontend-vue/src/domain/calls/appointment/AppointmentBookingView.vue	636	26	source	manual_audit_required	background
demo/video-chat/frontend-vue/src/domain/calls/appointment/AppointmentConfigPanel.vue	24094	784	source	manual_audit_required	background
demo/video-chat/frontend-vue/src/domain/calls/appointment/AppointmentSettingsModal.vue	2883	108	source	manual_audit_required	background
demo/video-chat/frontend-vue/src/domain/calls/appointment/AppointmentSlotRowsForm.vue	3616	135	source	manual_audit_required	background
demo/video-chat/frontend-vue/src/domain/calls/appointment/appointmentCalendarApi.js	5852	158	source	manual_audit_required	fallback
demo/video-chat/frontend-vue/src/domain/calls/chat/archive.ts	3640	77	source	low_signal_inventory_only	
demo/video-chat/frontend-vue/src/domain/calls/components/ChatArchiveModal.vue	16799	649	source	manual_audit_required	background,fallback
demo/video-chat/frontend-vue/src/domain/calls/components/ListTable.css	1573	88	source	manual_audit_required	background
demo/video-chat/frontend-vue/src/domain/calls/components/ListTable.vue	4589	136	source	low_signal_inventory_only	
demo/video-chat/frontend-vue/src/domain/calls/dashboard/UserDashboardView.css	13221	727	source	manual_audit_required	background
demo/video-chat/frontend-vue/src/domain/calls/dashboard/UserDashboardView.template.html	22085	476	source	manual_audit_required	background
demo/video-chat/frontend-vue/src/domain/calls/dashboard/UserDashboardView.vue	13957	533	source	manual_audit_required	background,reconnect,fallback
demo/video-chat/frontend-vue/src/domain/calls/dashboard/compose.ts	12457	411	source	low_signal_inventory_only	
demo/video-chat/frontend-vue/src/domain/calls/dashboard/enterCall.ts	26458	734	source	manual_audit_required	background,reconnect,fallback
demo/video-chat/frontend-vue/src/domain/calls/dashboard/joinInvite.ts	2157	84	source	low_signal_inventory_only	
demo/video-chat/frontend-vue/src/domain/calls/dashboard/viewState.ts	3559	147	source	manual_audit_required	fallback
demo/video-chat/frontend-vue/src/domain/realtime/CallWorkspacePanels.css	12642	641	source	manual_audit_required	background
demo/video-chat/frontend-vue/src/domain/realtime/CallWorkspaceStage.css	23314	984	source	manual_audit_required	background,keyframe_delta
demo/video-chat/frontend-vue/src/domain/realtime/CallWorkspaceView.template.html	26056	601	source	manual_audit_required	background
demo/video-chat/frontend-vue/src/domain/realtime/CallWorkspaceView.vue	77654	2151	source	manual_audit_required	sfu,gossip,background,security,reconnect,backpressure,quality,regression,capabilities,fallback,repair,keyframe_delta
demo/video-chat/frontend-vue/src/domain/realtime/background/BackgroundPipelineDebugPanel.vue	6838	280	source	manual_audit_required	background
demo/video-chat/frontend-vue/src/domain/realtime/background/BackgroundReplacementUnavailableModal.vue	6526	222	source	manual_audit_required	background,fallback
demo/video-chat/frontend-vue/src/domain/realtime/background/CallBackgroundBlurControls.vue	2073	59	source	manual_audit_required	background
demo/video-chat/frontend-vue/src/domain/realtime/background/CallBackgroundControls.vue	466	20	source	manual_audit_required	background
demo/video-chat/frontend-vue/src/domain/realtime/background/CallBackgroundImagePicker.vue	6606	222	source	manual_audit_required	background
demo/video-chat/frontend-vue/src/domain/realtime/background/avatarFallbackSignal.ts	1553	41	source	manual_audit_required	background,fallback
demo/video-chat/frontend-vue/src/domain/realtime/background/backendWorkerSegmenter.js	18137	463	source	manual_audit_required	background
demo/video-chat/frontend-vue/src/domain/realtime/background/baseline.ts	2438	66	source	manual_audit_required	background
demo/video-chat/frontend-vue/src/domain/realtime/background/controller.ts	5857	200	source	manual_audit_required	background
demo/video-chat/frontend-vue/src/domain/realtime/background/diagnostics/runtimeDiagnostics.js	15502	406	source	manual_audit_required	background,quality,fallback
demo/video-chat/frontend-vue/src/domain/realtime/background/gates.ts	874	21	source	manual_audit_required	background
demo/video-chat/frontend-vue/src/domain/realtime/background/math.ts	411	16	source	manual_audit_required	background,fallback
demo/video-chat/frontend-vue/src/domain/realtime/background/pipeline/compositorStage.js	28139	780	source	manual_audit_required	background,reconnect,fallback
demo/video-chat/frontend-vue/src/domain/realtime/background/pipeline/controller.js	1686	60	source	manual_audit_required	background
demo/video-chat/frontend-vue/src/domain/realtime/background/pipeline/featureFlags.js	1926	51	source	manual_audit_required	background,fallback
demo/video-chat/frontend-vue/src/domain/realtime/background/pipeline/messages.js	1085	35	source	manual_audit_required	background
demo/video-chat/frontend-vue/src/domain/realtime/background/pipeline/scheduler.js	1210	56	source	manual_audit_required	background
demo/video-chat/frontend-vue/src/domain/realtime/background/pipeline/segmenterStage.js	2116	69	source	manual_audit_required	background
demo/video-chat/frontend-vue/src/domain/realtime/background/pipeline/stages.js	604	24	source	manual_audit_required	background
demo/video-chat/frontend-vue/src/domain/realtime/background/staticAvatarRender.ts	2672	80	source	manual_audit_required	background,fallback
demo/video-chat/frontend-vue/src/domain/realtime/background/stream.ts	24832	663	source	manual_audit_required	background,capabilities,fallback
demo/video-chat/frontend-vue/src/domain/realtime/background/unavailablePrompt.ts	2458	62	source	manual_audit_required	background
demo/video-chat/frontend-vue/src/domain/realtime/background/workers/imageSegmenterWorker.js	9990	296	source	manual_audit_required	background,reconnect
demo/video-chat/frontend-vue/src/domain/realtime/callApps/CallAppParticipantGrantButton.vue	7691	253	source	manual_audit_required	background
demo/video-chat/frontend-vue/src/domain/realtime/callApps/CallAppWorkspaceHost.vue	19016	646	source	manual_audit_required	background,capabilities
demo/video-chat/frontend-vue/src/domain/realtime/callApps/CallAppsSidebarPanel.css	7668	422	source	manual_audit_required	background
demo/video-chat/frontend-vue/src/domain/realtime/callApps/CallAppsSidebarPanel.vue	18371	523	source	low_signal_inventory_only	
demo/video-chat/frontend-vue/src/domain/realtime/callApps/callAppDiagnosticTailBridge.js	13231	341	source	manual_audit_required	sfu,reconnect,fallback,keyframe_delta
demo/video-chat/frontend-vue/src/domain/realtime/callApps/callAppDiagnostics.js	2802	76	source	low_signal_inventory_only	
demo/video-chat/frontend-vue/src/domain/realtime/callApps/callAppParticipantGrantHelpers.js	4518	106	source	low_signal_inventory_only	
demo/video-chat/frontend-vue/src/domain/realtime/callApps/callAppPresenceRelay.js	7355	173	source	manual_audit_required	fallback
demo/video-chat/frontend-vue/src/domain/realtime/callApps/callAppWorkspaceState.js	5172	142	source	low_signal_inventory_only	
demo/video-chat/frontend-vue/src/domain/realtime/callApps/useCallAppCrdtBridge.js	12930	311	source	low_signal_inventory_only	
demo/video-chat/frontend-vue/src/domain/realtime/callApps/useCallAppIframeBridge.js	11566	309	source	manual_audit_required	capabilities
demo/video-chat/frontend-vue/src/domain/realtime/callApps/useCallAppsCatalog.js	628	31	source	low_signal_inventory_only	
demo/video-chat/frontend-vue/src/domain/realtime/chat/attachments.ts	7427	195	source	manual_audit_required	security,fallback
demo/video-chat/frontend-vue/src/domain/realtime/layout/strategies.ts	21048	471	source	manual_audit_required	fallback,keyframe_delta
demo/video-chat/frontend-vue/src/domain/realtime/layout/uiOptions.ts	1315	38	source	low_signal_inventory_only	
demo/video-chat/frontend-vue/src/domain/realtime/local/browserVideoEncoderConfig.ts	7885	194	source	manual_audit_required	quality,fallback
demo/video-chat/frontend-vue/src/domain/realtime/local/browserVideoFrameScaler.ts	5113	154	source	manual_audit_required	fallback
demo/video-chat/frontend-vue/src/domain/realtime/local/capturePipelineCapabilities.ts	5995	136	source	manual_audit_required	capabilities,fallback
demo/video-chat/frontend-vue/src/domain/realtime/local/domCanvasFallbackPolicy.ts	3690	80	source	manual_audit_required	quality,fallback
demo/video-chat/frontend-vue/src/domain/realtime/local/localMediaPermissionPolicy.ts	429	10	source	low_signal_inventory_only	
demo/video-chat/frontend-vue/src/domain/realtime/local/localPreviewElement.ts	622	24	source	low_signal_inventory_only	
demo/video-chat/frontend-vue/src/domain/realtime/local/localStreamLifecycle.ts	2297	68	source	low_signal_inventory_only	
demo/video-chat/frontend-vue/src/domain/realtime/local/mediaOrchestration.ts	56283	1375	source	manual_audit_required	sfu,background,quality,fallback,repair
demo/video-chat/frontend-vue/src/domain/realtime/local/protectedBrowserVideoEncoder.ts	51027	1216	source	manual_audit_required	sfu,gossip,background,security,reconnect,backpressure,quality,capabilities,fallback,repair,keyframe_delta
demo/video-chat/frontend-vue/src/domain/realtime/local/publisherCaptureWorker.ts	7080	205	source	low_signal_inventory_only	
demo/video-chat/frontend-vue/src/domain/realtime/local/publisherCaptureWorkerClient.ts	1936	55	source	manual_audit_required	capabilities,fallback
demo/video-chat/frontend-vue/src/domain/realtime/local/publisherCaptureWorkerProtocol.ts	5942	166	source	low_signal_inventory_only	
demo/video-chat/frontend-vue/src/domain/realtime/local/publisherCaptureWorkerReadback.ts	10144	291	source	manual_audit_required	sfu,capabilities
demo/video-chat/frontend-vue/src/domain/realtime/local/publisherFrameDispatch.ts	12313	399	source	manual_audit_required	sfu,gossip,backpressure,fallback,repair,keyframe_delta
demo/video-chat/frontend-vue/src/domain/realtime/local/publisherFrameTrace.ts	9077	196	source	manual_audit_required	security,quality,fallback,repair,keyframe_delta
demo/video-chat/frontend-vue/src/domain/realtime/local/publisherPipeline.ts	46508	1111	source	manual_audit_required	sfu,gossip,background,security,backpressure,quality,capabilities,fallback,repair,keyframe_delta
demo/video-chat/frontend-vue/src/domain/realtime/local/publisherPipelineSendFailures.ts	770	25	source	manual_audit_required	sfu,backpressure
demo/video-chat/frontend-vue/src/domain/realtime/local/publisherReadbackBudgetBenchmark.ts	5940	167	source	manual_audit_required	quality,capabilities,fallback
demo/video-chat/frontend-vue/src/domain/realtime/local/publisherSourceReadback.ts	24836	608	source	manual_audit_required	sfu,backpressure,capabilities,fallback
demo/video-chat/frontend-vue/src/domain/realtime/local/publisherVideoFrameCopy.ts	2856	80	source	manual_audit_required	fallback
demo/video-chat/frontend-vue/src/domain/realtime/local/publisherVideoFrameSource.ts	4485	145	source	manual_audit_required	capabilities,fallback,repair
demo/video-chat/frontend-vue/src/domain/realtime/local/screenShareCapture.js	2449	82	source	manual_audit_required	fallback
demo/video-chat/frontend-vue/src/domain/realtime/local/screenSharePublisher.js	28877	784	source	manual_audit_required	sfu,gossip,background,security,reconnect,backpressure,quality,capabilities,fallback,repair,keyframe_delta
demo/video-chat/frontend-vue/src/domain/realtime/local/sfuCaptureProfileConstraints.ts	7717	190	source	manual_audit_required	sfu,quality,capabilities,keyframe_delta
demo/video-chat/frontend-vue/src/domain/realtime/local/videoFrameSizing.ts	8261	212	source	manual_audit_required	fallback
demo/video-chat/frontend-vue/src/domain/realtime/media/audioCaptureConstraints.ts	1173	30	source	low_signal_inventory_only	
demo/video-chat/frontend-vue/src/domain/realtime/media/cameraCaptureConstraints.ts	1886	60	source	manual_audit_required	fallback
demo/video-chat/frontend-vue/src/domain/realtime/media/clientCapabilities.ts	4873	123	source	manual_audit_required	capabilities,fallback
demo/video-chat/frontend-vue/src/domain/realtime/media/mediaSessionPlan.ts	2771	69	source	manual_audit_required	capabilities,fallback
demo/video-chat/frontend-vue/src/domain/realtime/media/preferences.ts	22609	602	source	manual_audit_required	background,quality,fallback
demo/video-chat/frontend-vue/src/domain/realtime/media/protectedFrameBudget.ts	1444	31	source	low_signal_inventory_only	
demo/video-chat/frontend-vue/src/domain/realtime/media/runtimeCapabilities.ts	2851	107	source	manual_audit_required	sfu,capabilities,keyframe_delta
demo/video-chat/frontend-vue/src/domain/realtime/media/runtimeTelemetry.ts	2601	83	source	manual_audit_required	capabilities
demo/video-chat/frontend-vue/src/domain/realtime/media/security.ts	38845	999	source	manual_audit_required	security,capabilities,keyframe_delta
demo/video-chat/frontend-vue/src/domain/realtime/media/securityCore.ts	12485	302	source	manual_audit_required	security,capabilities,keyframe_delta
demo/video-chat/frontend-vue/src/domain/realtime/media/securitySenderKeyIdentity.ts	1529	52	source	manual_audit_required	security
demo/video-chat/frontend-vue/src/domain/realtime/media/speakerOutputRouting.ts	7125	218	source	low_signal_inventory_only	
demo/video-chat/frontend-vue/src/domain/realtime/mediaRuntimeCapabilities.ts	81	1	source	manual_audit_required	capabilities
demo/video-chat/frontend-vue/src/domain/realtime/mediaRuntimeTelemetry.ts	428	12	source	low_signal_inventory_only	
demo/video-chat/frontend-vue/src/domain/realtime/native/audioBridgeFailureReporter.ts	1900	57	source	manual_audit_required	security
demo/video-chat/frontend-vue/src/domain/realtime/native/audioBridgeHelpers.ts	5937	151	source	manual_audit_required	fallback
demo/video-chat/frontend-vue/src/domain/realtime/native/audioBridgeRecovery.ts	8970	213	source	manual_audit_required	security,fallback,repair
demo/video-chat/frontend-vue/src/domain/realtime/native/audioBridgeState.ts	5223	135	source	manual_audit_required	security
demo/video-chat/frontend-vue/src/domain/realtime/native/bridgeRuntime.ts	24047	631	source	manual_audit_required	security,repair
demo/video-chat/frontend-vue/src/domain/realtime/native/peerFactory.ts	10300	271	source	manual_audit_required	gossip,security,repair
demo/video-chat/frontend-vue/src/domain/realtime/native/peerLifecycle.ts	6287	173	source	manual_audit_required	gossip,repair
demo/video-chat/frontend-vue/src/domain/realtime/native/peerMedia.ts	4132	124	source	low_signal_inventory_only	
demo/video-chat/frontend-vue/src/domain/realtime/native/signaling.ts	10810	292	source	manual_audit_required	security,capabilities
demo/video-chat/frontend-vue/src/domain/realtime/screenShareIdentity.js	3722	88	source	low_signal_inventory_only	
demo/video-chat/frontend-vue/src/domain/realtime/sfu/adaptiveQualityLayers.ts	4591	118	source	manual_audit_required	sfu,quality,fallback
demo/video-chat/frontend-vue/src/domain/realtime/sfu/frameDecode.ts	50240	1166	source	manual_audit_required	sfu,background,security,reconnect,backpressure,quality,fallback,repair,keyframe_delta
demo/video-chat/frontend-vue/src/domain/realtime/sfu/joinVisibilitySlo.ts	1973	49	source	manual_audit_required	sfu,fallback
demo/video-chat/frontend-vue/src/domain/realtime/sfu/keyframeRecoveryCoordinator.ts	3572	100	source	manual_audit_required	sfu,fallback,repair,keyframe_delta
demo/video-chat/frontend-vue/src/domain/realtime/sfu/lifecycle.ts	16416	430	source	manual_audit_required	sfu,security,reconnect,backpressure,capabilities,fallback,repair,keyframe_delta
demo/video-chat/frontend-vue/src/domain/realtime/sfu/receiverFeedback.ts	7679	175	source	manual_audit_required	sfu,backpressure,quality,fallback,repair,keyframe_delta
demo/video-chat/frontend-vue/src/domain/realtime/sfu/recoveryReasons.ts	1730	40	source	manual_audit_required	sfu,security,fallback,repair,keyframe_delta
demo/video-chat/frontend-vue/src/domain/realtime/sfu/remoteBrowserEncodedVideo.ts	21477	524	source	manual_audit_required	sfu,backpressure,fallback,repair,keyframe_delta
demo/video-chat/frontend-vue/src/domain/realtime/sfu/remoteCanvas.ts	3676	92	source	manual_audit_required	sfu,background,reconnect,quality
demo/video-chat/frontend-vue/src/domain/realtime/sfu/remoteJitterBuffer.ts	5401	127	source	manual_audit_required	sfu,gossip,fallback,keyframe_delta
demo/video-chat/frontend-vue/src/domain/realtime/sfu/remotePeers.ts	28337	646	source	manual_audit_required	sfu,quality,fallback,repair,keyframe_delta
demo/video-chat/frontend-vue/src/domain/realtime/sfu/remoteRenderScheduler.ts	8186	206	source	manual_audit_required	sfu,backpressure,fallback,keyframe_delta
demo/video-chat/frontend-vue/src/domain/realtime/sfu/screenShareFrameIdentity.js	1239	26	source	manual_audit_required	sfu,security
demo/video-chat/frontend-vue/src/domain/realtime/sfu/sendBudget.ts	1827	42	source	manual_audit_required	sfu,backpressure,fallback
demo/video-chat/frontend-vue/src/domain/realtime/sfu/stallRecoveryLadder.ts	4243	100	source	manual_audit_required	sfu,reconnect,fallback,repair,keyframe_delta
demo/video-chat/frontend-vue/src/domain/realtime/sfu/videoConnectionStatus.ts	2274	64	source	manual_audit_required	sfu,repair
demo/video-chat/frontend-vue/src/domain/realtime/sfu/wlvcFrameMetadata.ts	5315	136	source	manual_audit_required	sfu,fallback,keyframe_delta
demo/video-chat/frontend-vue/src/domain/realtime/workspace/api.ts	3206	97	source	manual_audit_required	fallback
demo/video-chat/frontend-vue/src/domain/realtime/workspace/callWorkspace/CallWorkspaceChat.css	5259	256	source	manual_audit_required	background
demo/video-chat/frontend-vue/src/domain/realtime/workspace/callWorkspace/RightRosterPanel.vue	20726	498	source	low_signal_inventory_only	
demo/video-chat/frontend-vue/src/domain/realtime/workspace/callWorkspace/backgroundTabPolicy.ts	7757	192	source	manual_audit_required	sfu,background,reconnect,quality,keyframe_delta
demo/video-chat/frontend-vue/src/domain/realtime/workspace/callWorkspace/chatRuntime.ts	23892	701	source	manual_audit_required	reconnect,fallback
demo/video-chat/frontend-vue/src/domain/realtime/workspace/callWorkspace/clientDiagnostics.ts	4314	149	source	manual_audit_required	capabilities,fallback
demo/video-chat/frontend-vue/src/domain/realtime/workspace/callWorkspace/compactChrome.js	1838	63	source	low_signal_inventory_only	
demo/video-chat/frontend-vue/src/domain/realtime/workspace/callWorkspace/foregroundRecovery.ts	3241	105	source	manual_audit_required	reconnect,fallback,repair
demo/video-chat/frontend-vue/src/domain/realtime/workspace/callWorkspace/gossipDataLane.ts	44262	938	source	manual_audit_required	sfu,gossip,security,quality,fallback,repair,keyframe_delta
demo/video-chat/frontend-vue/src/domain/realtime/workspace/callWorkspace/gossipNeighborLifecycle.ts	20797	600	source	manual_audit_required	gossip,repair
demo/video-chat/frontend-vue/src/domain/realtime/workspace/callWorkspace/gossipRecoveryState.ts	6575	174	source	manual_audit_required	gossip,repair,keyframe_delta
demo/video-chat/frontend-vue/src/domain/realtime/workspace/callWorkspace/lifecycle.ts	16592	527	source	manual_audit_required	gossip,background,security,reconnect,quality,capabilities,repair,keyframe_delta
demo/video-chat/frontend-vue/src/domain/realtime/workspace/callWorkspace/mediaCapabilityPlanBridge.ts	6283	191	source	manual_audit_required	capabilities,fallback
demo/video-chat/frontend-vue/src/domain/realtime/workspace/callWorkspace/mediaSecurityErrors.ts	827	14	source	manual_audit_required	security
demo/video-chat/frontend-vue/src/domain/realtime/workspace/callWorkspace/mediaSecurityParticipantSet.ts	2065	56	source	manual_audit_required	security,keyframe_delta
demo/video-chat/frontend-vue/src/domain/realtime/workspace/callWorkspace/mediaSecurityRuntime.ts	56478	1342	source	manual_audit_required	sfu,gossip,background,security,reconnect,capabilities,repair,keyframe_delta
demo/video-chat/frontend-vue/src/domain/realtime/workspace/callWorkspace/mediaSecuritySenderKeyRecovery.ts	1313	40	source	manual_audit_required	security,repair
demo/video-chat/frontend-vue/src/domain/realtime/workspace/callWorkspace/mediaSecuritySfuPublishGate.ts	2981	79	source	manual_audit_required	security,capabilities
demo/video-chat/frontend-vue/src/domain/realtime/workspace/callWorkspace/mediaSecurityTargets.ts	4720	113	source	manual_audit_required	sfu,security,capabilities
demo/video-chat/frontend-vue/src/domain/realtime/workspace/callWorkspace/mediaStack.ts	34158	678	source	manual_audit_required	sfu,gossip,background,security,reconnect,backpressure,quality,capabilities,fallback,repair,keyframe_delta
demo/video-chat/frontend-vue/src/domain/realtime/workspace/callWorkspace/moderationSync.ts	4429	146	source	low_signal_inventory_only	
demo/video-chat/frontend-vue/src/domain/realtime/workspace/callWorkspace/nativeStack.ts	13058	220	source	manual_audit_required	security,capabilities,repair
demo/video-chat/frontend-vue/src/domain/realtime/workspace/callWorkspace/operatorFeedbackAdapter.ts	4354	114	source	manual_audit_required	fallback
demo/video-chat/frontend-vue/src/domain/realtime/workspace/callWorkspace/orchestration.ts	8540	319	source	manual_audit_required	security,reconnect
demo/video-chat/frontend-vue/src/domain/realtime/workspace/callWorkspace/participantActivityState.js	8701	174	source	manual_audit_required	keyframe_delta
demo/video-chat/frontend-vue/src/domain/realtime/workspace/callWorkspace/participantUi.ts	68037	1994	source	manual_audit_required	background,security,reconnect,backpressure,fallback
demo/video-chat/frontend-vue/src/domain/realtime/workspace/callWorkspace/publisherBackpressureController.ts	58430	1274	source	manual_audit_required	sfu,reconnect,backpressure,quality,fallback,repair,keyframe_delta
demo/video-chat/frontend-vue/src/domain/realtime/workspace/callWorkspace/publisherDiagnosticsSurface.ts	3312	89	source	manual_audit_required	quality,fallback
demo/video-chat/frontend-vue/src/domain/realtime/workspace/callWorkspace/roomState.ts	15193	443	source	manual_audit_required	sfu,security
demo/video-chat/frontend-vue/src/domain/realtime/workspace/callWorkspace/roomStateTopology.ts	585	16	source	manual_audit_required	gossip
demo/video-chat/frontend-vue/src/domain/realtime/workspace/callWorkspace/routeResolution.ts	6668	208	source	manual_audit_required	fallback
demo/video-chat/frontend-vue/src/domain/realtime/workspace/callWorkspace/runtimeConfig.ts	3742	77	source	manual_audit_required	gossip,background,security,reconnect,backpressure,repair,keyframe_delta
demo/video-chat/frontend-vue/src/domain/realtime/workspace/callWorkspace/runtimeHealth.ts	35918	826	source	manual_audit_required	sfu,security,reconnect,backpressure,capabilities,fallback,repair,keyframe_delta
demo/video-chat/frontend-vue/src/domain/realtime/workspace/callWorkspace/runtimeSwitching.ts	20400	527	source	manual_audit_required	sfu,backpressure,quality,capabilities,fallback,repair,keyframe_delta
demo/video-chat/frontend-vue/src/domain/realtime/workspace/callWorkspace/screenSharePan.js	8708	242	source	manual_audit_required	keyframe_delta
demo/video-chat/frontend-vue/src/domain/realtime/workspace/callWorkspace/sfuTransport.ts	4261	96	source	manual_audit_required	backpressure,repair,keyframe_delta
demo/video-chat/frontend-vue/src/domain/realtime/workspace/callWorkspace/shellViewport.ts	1694	40	source	low_signal_inventory_only	
demo/video-chat/frontend-vue/src/domain/realtime/workspace/callWorkspace/socketLifecycle.ts	41408	1078	source	manual_audit_required	sfu,gossip,reconnect,backpressure,quality,capabilities,fallback,repair,keyframe_delta
demo/video-chat/frontend-vue/src/domain/realtime/workspace/callWorkspace/strictStabilityPolicy.ts	3088	94	source	manual_audit_required	gossip,background,security,reconnect,quality,repair,keyframe_delta
demo/video-chat/frontend-vue/src/domain/realtime/workspace/callWorkspace/videoFullscreenToggle.ts	2101	59	source	low_signal_inventory_only	
demo/video-chat/frontend-vue/src/domain/realtime/workspace/callWorkspace/videoLayout.ts	11470	295	source	manual_audit_required	sfu,fallback
demo/video-chat/frontend-vue/src/domain/realtime/workspace/config.ts	9850	278	source	manual_audit_required	sfu,reconnect,backpressure,quality,fallback,repair,keyframe_delta
demo/video-chat/frontend-vue/src/domain/realtime/workspace/roster.ts	4390	106	source	low_signal_inventory_only	
demo/video-chat/frontend-vue/src/domain/realtime/workspace/utils.ts	3993	132	source	manual_audit_required	fallback
demo/video-chat/frontend-vue/src/domain/tenant/TenantAdminView.vue	2390	83	source	low_signal_inventory_only	
demo/video-chat/frontend-vue/src/domain/tenant/TenantSwitcher.vue	2219	85	source	manual_audit_required	background
demo/video-chat/frontend-vue/src/domain/workspace/administrationApi.js	7220	211	source	manual_audit_required	background
demo/video-chat/frontend-vue/src/domain/workspace/appearance.js	4491	131	source	low_signal_inventory_only	
demo/video-chat/frontend-vue/src/domain/workspace/calendarApi.js	3098	98	source	manual_audit_required	fallback
demo/video-chat/frontend-vue/src/domain/workspace/styleguidePalette.js	4393	106	source	manual_audit_required	fallback
demo/video-chat/frontend-vue/src/http/routeAccess.js	6299	173	source	manual_audit_required	background
demo/video-chat/frontend-vue/src/http/router.ts	5285	191	source	manual_audit_required	fallback,repair
demo/video-chat/frontend-vue/src/layouts/CallWorkspaceLeftSidebar.vue	14421	405	source	manual_audit_required	background
demo/video-chat/frontend-vue/src/layouts/WorkspaceNavigation.vue	4742	151	source	manual_audit_required	fallback
demo/video-chat/frontend-vue/src/layouts/WorkspaceShell.vue	55580	1542	source	manual_audit_required	fallback
demo/video-chat/frontend-vue/src/layouts/WorkspaceStandardSidebar.vue	1979	82	source	low_signal_inventory_only	
demo/video-chat/frontend-vue/src/layouts/settings/WorkspaceAboutSettings.vue	6499	213	source	manual_audit_required	background,fallback
demo/video-chat/frontend-vue/src/layouts/settings/WorkspaceAdministrationSettings.vue	18172	468	source	manual_audit_required	background
demo/video-chat/frontend-vue/src/layouts/settings/WorkspaceCredentialsSettings.vue	1089	43	source	low_signal_inventory_only	
demo/video-chat/frontend-vue/src/layouts/settings/WorkspaceEmailAddressSettings.vue	3617	134	source	manual_audit_required	background
demo/video-chat/frontend-vue/src/layouts/settings/WorkspaceLocalizationSettings.vue	1407	51	source	low_signal_inventory_only	
demo/video-chat/frontend-vue/src/layouts/settings/WorkspaceNotificationSettings.vue	4926	170	source	manual_audit_required	background
demo/video-chat/frontend-vue/src/layouts/settings/WorkspacePasswordSettingsForm.vue	1644	68	source	low_signal_inventory_only	
demo/video-chat/frontend-vue/src/layouts/settings/WorkspaceThemeEditorSidebar.vue	9434	339	source	manual_audit_required	background
demo/video-chat/frontend-vue/src/layouts/settings/WorkspaceThemePreview.vue	2678	116	source	manual_audit_required	background
demo/video-chat/frontend-vue/src/layouts/settings/WorkspaceThemePreviewApp.vue	23149	765	source	manual_audit_required	background
demo/video-chat/frontend-vue/src/layouts/settings/WorkspaceThemePreviewRoute.vue	1569	61	source	low_signal_inventory_only	
demo/video-chat/frontend-vue/src/layouts/settings/WorkspaceThemeSettings.vue	8752	327	source	manual_audit_required	background
demo/video-chat/frontend-vue/src/layouts/settings/useWorkspaceCredentialsSettings.js	3714	137	source	low_signal_inventory_only	
demo/video-chat/frontend-vue/src/layouts/settings/useWorkspaceThemeSettings.js	12565	366	source	manual_audit_required	fallback
demo/video-chat/frontend-vue/src/layouts/settings/workspaceProfileSettingsFields.js	927	30	source	low_signal_inventory_only	
demo/video-chat/frontend-vue/src/layouts/useCallLeftSidebarTabs.js	2298	83	source	low_signal_inventory_only	
demo/video-chat/frontend-vue/src/layouts/useWorkspaceMicLevelMonitor.js	5436	177	source	low_signal_inventory_only	
demo/video-chat/frontend-vue/src/layouts/useWorkspaceShellViewport.js	6746	202	source	low_signal_inventory_only	
demo/video-chat/frontend-vue/src/lib/audio/processor.ts	3122	118	source	low_signal_inventory_only	
demo/video-chat/frontend-vue/src/lib/gossipmesh/featureFlags.ts	1531	46	source	manual_audit_required	gossip
demo/video-chat/frontend-vue/src/lib/gossipmesh/gossipController.ts	26567	799	source	manual_audit_required	gossip,reconnect,repair,keyframe_delta
demo/video-chat/frontend-vue/src/lib/gossipmesh/gossipLanes.ts	3818	158	source	manual_audit_required	sfu,gossip,backpressure,repair,keyframe_delta
demo/video-chat/frontend-vue/src/lib/gossipmesh/harness-cli.mjs	641	24	source	manual_audit_required	gossip
demo/video-chat/frontend-vue/src/lib/gossipmesh/iibinCodec.ts	1839	49	source	manual_audit_required	gossip
demo/video-chat/frontend-vue/src/lib/gossipmesh/mediaCarrierMode.ts	1946	52	source	manual_audit_required	sfu,gossip,fallback
demo/video-chat/frontend-vue/src/lib/gossipmesh/rolloutGate.ts	16573	381	source	manual_audit_required	sfu,gossip,security,backpressure,fallback,repair,keyframe_delta
demo/video-chat/frontend-vue/src/lib/gossipmesh/routing.ts	2795	89	source	manual_audit_required	gossip,backpressure,keyframe_delta
demo/video-chat/frontend-vue/src/lib/gossipmesh/rtcDataChannelTransport.ts	6227	186	source	manual_audit_required	gossip
demo/video-chat/frontend-vue/src/lib/gossipmesh/wireContract.ts	2628	88	source	manual_audit_required	sfu,gossip,reconnect,backpressure,keyframe_delta
demo/video-chat/frontend-vue/src/lib/kalman/filter.ts	9665	359	source	low_signal_inventory_only	
demo/video-chat/frontend-vue/src/lib/kalman/index.ts	566	11	source	low_signal_inventory_only	
demo/video-chat/frontend-vue/src/lib/kalman/processor.ts	7619	244	source	manual_audit_required	sfu,quality
demo/video-chat/frontend-vue/src/lib/kalman/video.ts	6416	206	source	manual_audit_required	quality
demo/video-chat/frontend-vue/src/lib/sfu/carrierState.ts	6107	212	source	manual_audit_required	sfu,reconnect,backpressure
demo/video-chat/frontend-vue/src/lib/sfu/framePayload.ts	36138	733	source	manual_audit_required	sfu,security,quality,fallback,repair,keyframe_delta
demo/video-chat/frontend-vue/src/lib/sfu/identifiers.ts	262	9	source	manual_audit_required	sfu,fallback
demo/video-chat/frontend-vue/src/lib/sfu/inboundFrameAssembler.ts	22474	656	source	manual_audit_required	sfu,background,security,reconnect,fallback,keyframe_delta
demo/video-chat/frontend-vue/src/lib/sfu/mediaTransport.ts	1901	64	source	manual_audit_required	sfu,backpressure,fallback
demo/video-chat/frontend-vue/src/lib/sfu/outboundFrameBudget.ts	5175	133	source	manual_audit_required	sfu,backpressure,repair,keyframe_delta
demo/video-chat/frontend-vue/src/lib/sfu/outboundFrameQueue.ts	9094	268	source	manual_audit_required	sfu,background,reconnect,backpressure,keyframe_delta
demo/video-chat/frontend-vue/src/lib/sfu/selectiveTileTransport.ts	8008	229	source	manual_audit_required	sfu,background,reconnect
demo/video-chat/frontend-vue/src/lib/sfu/sendFailureDetails.ts	2173	49	source	manual_audit_required	sfu,backpressure
demo/video-chat/frontend-vue/src/lib/sfu/sessionProtocol.ts	4693	146	source	manual_audit_required	sfu,capabilities,fallback,keyframe_delta
demo/video-chat/frontend-vue/src/lib/sfu/sfuClient.ts	53108	1416	source	manual_audit_required	sfu,background,security,reconnect,backpressure,quality,fallback,repair,keyframe_delta
demo/video-chat/frontend-vue/src/lib/sfu/sfuClientTransportSample.ts	7835	133	source	manual_audit_required	sfu,backpressure,quality,keyframe_delta
demo/video-chat/frontend-vue/src/lib/sfu/sfuMessageHandler.ts	15335	338	source	manual_audit_required	sfu,security,backpressure,quality,fallback,repair,keyframe_delta
demo/video-chat/frontend-vue/src/lib/sfu/sfuTypes.ts	3767	135	source	manual_audit_required	sfu,background,reconnect,backpressure,keyframe_delta
demo/video-chat/frontend-vue/src/lib/sfu/tilePatchMetadata.ts	8574	278	source	manual_audit_required	sfu,background,reconnect,fallback
demo/video-chat/frontend-vue/src/lib/sfuClient.ts	32	1	source	manual_audit_required	sfu
demo/video-chat/frontend-vue/src/lib/stats.ts	12194	397	source	manual_audit_required	keyframe_delta
demo/video-chat/frontend-vue/src/lib/wasm/audio.h	0	0	source	low_signal_inventory_only	
demo/video-chat/frontend-vue/src/lib/wasm/codec.cpp	0	0	source	low_signal_inventory_only	
demo/video-chat/frontend-vue/src/lib/wasm/codec.h	0	0	source	low_signal_inventory_only	
demo/video-chat/frontend-vue/src/lib/wasm/cpp/audio.cpp	2817	89	source	low_signal_inventory_only	
demo/video-chat/frontend-vue/src/lib/wasm/cpp/audio.h	2319	75	source	low_signal_inventory_only	
demo/video-chat/frontend-vue/src/lib/wasm/cpp/background_segmenter.cpp	5864	158	source	manual_audit_required	background
demo/video-chat/frontend-vue/src/lib/wasm/cpp/background_segmenter.h	501	23	source	manual_audit_required	background
demo/video-chat/frontend-vue/src/lib/wasm/cpp/codec.cpp	18163	494	source	manual_audit_required	keyframe_delta
demo/video-chat/frontend-vue/src/lib/wasm/cpp/codec.h	5198	167	source	manual_audit_required	background,keyframe_delta
demo/video-chat/frontend-vue/src/lib/wasm/cpp/dwt.cpp	6033	154	source	low_signal_inventory_only	
demo/video-chat/frontend-vue/src/lib/wasm/cpp/dwt.h	2633	73	source	low_signal_inventory_only	
demo/video-chat/frontend-vue/src/lib/wasm/cpp/entropy.cpp	3483	105	source	low_signal_inventory_only	
demo/video-chat/frontend-vue/src/lib/wasm/cpp/entropy.h	1873	56	source	low_signal_inventory_only	
demo/video-chat/frontend-vue/src/lib/wasm/cpp/exports.cpp	10204	290	source	manual_audit_required	background,reconnect
demo/video-chat/frontend-vue/src/lib/wasm/cpp/motion.cpp	7861	216	source	low_signal_inventory_only	
demo/video-chat/frontend-vue/src/lib/wasm/cpp/motion.h	2930	90	source	manual_audit_required	fallback
demo/video-chat/frontend-vue/src/lib/wasm/cpp/quantize.cpp	4578	119	source	low_signal_inventory_only	
demo/video-chat/frontend-vue/src/lib/wasm/cpp/quantize.h	1609	54	source	low_signal_inventory_only	
demo/video-chat/frontend-vue/src/lib/wasm/dwt.cpp	0	0	source	low_signal_inventory_only	
demo/video-chat/frontend-vue/src/lib/wasm/dwt.h	0	0	source	low_signal_inventory_only	
demo/video-chat/frontend-vue/src/lib/wasm/entropy.cpp	0	0	source	low_signal_inventory_only	
demo/video-chat/frontend-vue/src/lib/wasm/entropy.h	0	0	source	low_signal_inventory_only	
demo/video-chat/frontend-vue/src/lib/wasm/exports.cpp	0	0	source	low_signal_inventory_only	
demo/video-chat/frontend-vue/src/lib/wasm/motion.cpp	0	0	source	low_signal_inventory_only	
demo/video-chat/frontend-vue/src/lib/wasm/motion.h	0	0	source	low_signal_inventory_only	
demo/video-chat/frontend-vue/src/lib/wasm/quantize.cpp	0	0	source	low_signal_inventory_only	
demo/video-chat/frontend-vue/src/lib/wasm/quantize.h	0	0	source	low_signal_inventory_only	
demo/video-chat/frontend-vue/src/lib/wasm/wasm-codec.ts	14945	494	source	manual_audit_required	background,keyframe_delta
demo/video-chat/frontend-vue/src/lib/wasm/wlvc.d.ts	689	16	source	manual_audit_required	background
demo/video-chat/frontend-vue/src/lib/wasm/wlvc.js	43660	2	source	low_signal_inventory_only	
demo/video-chat/frontend-vue/src/lib/wasm/wlvc.wasm	43389	0	source	low_signal_inventory_only	
demo/video-chat/frontend-vue/src/lib/wavelet/codec.ts	24750	661	source	manual_audit_required	background,keyframe_delta
demo/video-chat/frontend-vue/src/lib/wavelet/dwt.ts	7145	227	source	low_signal_inventory_only	
demo/video-chat/frontend-vue/src/lib/wavelet/fast-codec.ts	9056	315	source	manual_audit_required	keyframe_delta
demo/video-chat/frontend-vue/src/lib/wavelet/index.ts	618	11	source	low_signal_inventory_only	
demo/video-chat/frontend-vue/src/lib/wavelet/processor-pipeline.ts	7102	215	source	manual_audit_required	keyframe_delta
demo/video-chat/frontend-vue/src/lib/wavelet/processor.ts	6142	218	source	manual_audit_required	keyframe_delta
demo/video-chat/frontend-vue/src/lib/wavelet/quantize.ts	5620	214	source	low_signal_inventory_only	
demo/video-chat/frontend-vue/src/lib/wavelet/transform.ts	3714	125	source	manual_audit_required	keyframe_delta
demo/video-chat/frontend-vue/src/lib/wavelet/webrtc-shim.ts	9006	278	source	manual_audit_required	background,keyframe_delta
demo/video-chat/frontend-vue/src/main.ts	248	11	source	low_signal_inventory_only	
demo/video-chat/frontend-vue/src/modules/actionBars.js	1977	49	source	manual_audit_required	fallback
demo/video-chat/frontend-vue/src/modules/administration/components/AppConfigurationBackgroundImageGrid.vue	3949	155	source	manual_audit_required	background
demo/video-chat/frontend-vue/src/modules/administration/components/AppConfigurationBackgroundImagesTab.vue	2688	100	source	manual_audit_required	background
demo/video-chat/frontend-vue/src/modules/administration/components/AppConfigurationEmailSettingsForm.vue	3731	119	source	manual_audit_required	background
demo/video-chat/frontend-vue/src/modules/administration/components/AppConfigurationEmailTab.vue	1573	53	source	low_signal_inventory_only	
demo/video-chat/frontend-vue/src/modules/administration/components/AppConfigurationEmailTextEditor.vue	3977	146	source	manual_audit_required	background
demo/video-chat/frontend-vue/src/modules/administration/components/AppConfigurationEmailTextsTab.vue	3315	135	source	low_signal_inventory_only	
demo/video-chat/frontend-vue/src/modules/administration/components/AppConfigurationEmailTextsTable.vue	3273	110	source	manual_audit_required	background
demo/video-chat/frontend-vue/src/modules/administration/components/BackgroundImageUploadModal.vue	15775	559	source	manual_audit_required	background,keyframe_delta
demo/video-chat/frontend-vue/src/modules/administration/components/useAppConfigurationBackgroundImages.js	5493	177	source	manual_audit_required	background
demo/video-chat/frontend-vue/src/modules/administration/components/useAppConfigurationEmailSettings.js	3260	99	source	low_signal_inventory_only	
demo/video-chat/frontend-vue/src/modules/administration/components/useAppConfigurationEmailTexts.js	3647	139	source	low_signal_inventory_only	
demo/video-chat/frontend-vue/src/modules/administration/descriptor.js	1536	48	source	low_signal_inventory_only	
demo/video-chat/frontend-vue/src/modules/administration/pages/AppConfigurationView.vue	2273	80	source	manual_audit_required	background
demo/video-chat/frontend-vue/src/modules/calendar/descriptor.js	1123	42	source	low_signal_inventory_only	
demo/video-chat/frontend-vue/src/modules/calendar/pages/CalendarView.vue	41175	1356	source	manual_audit_required	background,fallback
demo/video-chat/frontend-vue/src/modules/calls/descriptor.js	453	24	source	manual_audit_required	background
demo/video-chat/frontend-vue/src/modules/governance/components/CrudRelationPickerTable.vue	4122	164	source	manual_audit_required	background
demo/video-chat/frontend-vue/src/modules/governance/components/CrudRelationStack.vue	15068	522	source	manual_audit_required	background
demo/video-chat/frontend-vue/src/modules/governance/components/GovernanceCrudToolbar.vue	2614	88	source	low_signal_inventory_only	
demo/video-chat/frontend-vue/src/modules/governance/components/GovernanceEmptyState.vue	614	33	source	low_signal_inventory_only	
demo/video-chat/frontend-vue/src/modules/governance/components/GovernanceModulePreview.vue	5794	233	source	manual_audit_required	background
demo/video-chat/frontend-vue/src/modules/governance/crudDescriptors.js	22610	468	source	low_signal_inventory_only	
demo/video-chat/frontend-vue/src/modules/governance/dataPortabilityUi.js	4030	112	source	manual_audit_required	fallback
demo/video-chat/frontend-vue/src/modules/governance/descriptor.js	8207	238	source	low_signal_inventory_only	
demo/video-chat/frontend-vue/src/modules/governance/entitySummaryCache.js	5723	172	source	low_signal_inventory_only	
demo/video-chat/frontend-vue/src/modules/governance/governanceCrudPersistenceHelpers.js	1788	45	source	low_signal_inventory_only	
demo/video-chat/frontend-vue/src/modules/governance/governanceEmptyState.js	1351	31	source	low_signal_inventory_only	
demo/video-chat/frontend-vue/src/modules/governance/governanceEntityValidation.js	4069	111	source	low_signal_inventory_only	
demo/video-chat/frontend-vue/src/modules/governance/governanceExportUi.js	1283	35	source	low_signal_inventory_only	
demo/video-chat/frontend-vue/src/modules/governance/governanceRelationshipPayload.js	2083	48	source	low_signal_inventory_only	
demo/video-chat/frontend-vue/src/modules/governance/pages/GovernanceCrudModal.vue	6265	237	source	manual_audit_required	background
demo/video-chat/frontend-vue/src/modules/governance/pages/GovernanceCrudView.css	7517	397	source	manual_audit_required	background
demo/video-chat/frontend-vue/src/modules/governance/pages/GovernanceCrudView.vue	30361	798	source	manual_audit_required	fallback
demo/video-chat/frontend-vue/src/modules/governance/pages/GovernanceOrganizationsView.vue	9177	236	source	low_signal_inventory_only	
demo/video-chat/frontend-vue/src/modules/governance/relationPickerRows.js	1556	48	source	low_signal_inventory_only	
demo/video-chat/frontend-vue/src/modules/governance/relationSelectionSummaryHydration.js	2784	81	source	low_signal_inventory_only	
demo/video-chat/frontend-vue/src/modules/governance/relationSummaryPayload.js	1513	37	source	manual_audit_required	fallback
demo/video-chat/frontend-vue/src/modules/governance/useCrudRelationNavigator.js	7656	232	source	low_signal_inventory_only	
demo/video-chat/frontend-vue/src/modules/governance/useGovernanceCrudFilters.js	3639	114	source	low_signal_inventory_only	
demo/video-chat/frontend-vue/src/modules/governance/useGovernanceCrudPersistence.js	3849	111	source	low_signal_inventory_only	
demo/video-chat/frontend-vue/src/modules/governanceCatalog.js	2352	74	source	manual_audit_required	fallback
demo/video-chat/frontend-vue/src/modules/index.js	1205	32	source	low_signal_inventory_only	
demo/video-chat/frontend-vue/src/modules/infrastructure/descriptor.js	1174	42	source	low_signal_inventory_only	
demo/video-chat/frontend-vue/src/modules/infrastructure/infrastructureDocs.js	836	27	source	low_signal_inventory_only	
demo/video-chat/frontend-vue/src/modules/infrastructure/pages/InfrastructureView.vue	14575	543	source	manual_audit_required	background
demo/video-chat/frontend-vue/src/modules/localization/apiErrorMessages.js	3976	83	source	manual_audit_required	fallback
demo/video-chat/frontend-vue/src/modules/localization/calendarMessages.js	2265	49	source	low_signal_inventory_only	
demo/video-chat/frontend-vue/src/modules/localization/callWorkspaceMessages.js	6879	102	source	manual_audit_required	background,reconnect,fallback
demo/video-chat/frontend-vue/src/modules/localization/components/AdministrationLocalizationEditor.vue	5379	207	source	manual_audit_required	background
demo/video-chat/frontend-vue/src/modules/localization/descriptor.js	1292	47	source	low_signal_inventory_only	
demo/video-chat/frontend-vue/src/modules/localization/englishMessages.js	45005	804	source	manual_audit_required	background,fallback
demo/video-chat/frontend-vue/src/modules/localization/fallbackGapPolicy.js	1259	63	source	manual_audit_required	fallback
demo/video-chat/frontend-vue/src/modules/localization/governanceMessages.js	11553	201	source	low_signal_inventory_only	
demo/video-chat/frontend-vue/src/modules/localization/i18nRuntime.js	8251	253	source	manual_audit_required	fallback
demo/video-chat/frontend-vue/src/modules/localization/infrastructureMessages.js	24122	427	source	manual_audit_required	sfu,background,reconnect,backpressure,capabilities,orchestrator,repair
demo/video-chat/frontend-vue/src/modules/localization/localizationAdminMessages.js	1626	29	source	low_signal_inventory_only	
demo/video-chat/frontend-vue/src/modules/localization/marketplaceMessages.js	2900	52	source	low_signal_inventory_only	
demo/video-chat/frontend-vue/src/modules/localization/pages/AdministrationLocalizationView.vue	11380	341	source	manual_audit_required	fallback
demo/video-chat/frontend-vue/src/modules/localization/publicLocale.js	3348	91	source	manual_audit_required	fallback
demo/video-chat/frontend-vue/src/modules/localization/publicMessages.js	6877	109	source	manual_audit_required	background,reconnect
demo/video-chat/frontend-vue/src/modules/localization/usersOverviewMessages.js	3916	64	source	manual_audit_required	gossip,repair
demo/video-chat/frontend-vue/src/modules/marketplace/descriptor.js	1306	46	source	low_signal_inventory_only	
demo/video-chat/frontend-vue/src/modules/marketplace/pages/AdminMarketplaceTable.vue	6135	169	source	manual_audit_required	fallback
demo/video-chat/frontend-vue/src/modules/marketplace/pages/AdminMarketplaceView.css	2233	120	source	manual_audit_required	background
demo/video-chat/frontend-vue/src/modules/marketplace/pages/AdminMarketplaceView.vue	10048	290	source	low_signal_inventory_only	
demo/video-chat/frontend-vue/src/modules/marketplace/pages/adminMarketplaceApi.ts	2332	67	source	low_signal_inventory_only	
demo/video-chat/frontend-vue/src/modules/moduleRegistry.js	4672	127	source	manual_audit_required	fallback
demo/video-chat/frontend-vue/src/modules/navigationBuilder.js	12215	327	source	manual_audit_required	fallback
demo/video-chat/frontend-vue/src/modules/onboarding/descriptor.js	303	13	source	low_signal_inventory_only	
demo/video-chat/frontend-vue/src/modules/onboarding/onboardingDriver.css	2426	87	source	manual_audit_required	background
demo/video-chat/frontend-vue/src/modules/onboarding/tourRegistry.js	2557	74	source	low_signal_inventory_only	
demo/video-chat/frontend-vue/src/modules/onboarding/tourRuntime.js	4291	119	source	manual_audit_required	fallback
demo/video-chat/frontend-vue/src/modules/onboarding/useOnboardingDriver.js	5034	169	source	manual_audit_required	fallback
demo/video-chat/frontend-vue/src/modules/routeActions.js	1221	31	source	manual_audit_required	fallback
demo/video-chat/frontend-vue/src/modules/theme_editor/descriptor.js	1320	46	source	low_signal_inventory_only	
demo/video-chat/frontend-vue/src/modules/theme_editor/pages/ThemeEditorView.vue	1375	47	source	low_signal_inventory_only	
demo/video-chat/frontend-vue/src/modules/users/descriptor.js	2648	89	source	low_signal_inventory_only	
demo/video-chat/frontend-vue/src/modules/users/pages/admin/UsersView.css	6982	400	source	manual_audit_required	background
demo/video-chat/frontend-vue/src/modules/users/pages/admin/UsersView.vue	25922	796	source	manual_audit_required	reconnect
demo/video-chat/frontend-vue/src/modules/users/pages/admin/api.ts	2485	69	source	low_signal_inventory_only	
demo/video-chat/frontend-vue/src/modules/users/pages/admin/avatarInput.ts	531	14	source	low_signal_inventory_only	
demo/video-chat/frontend-vue/src/modules/users/pages/admin/governanceRoles.js	1200	39	source	low_signal_inventory_only	
demo/video-chat/frontend-vue/src/modules/users/pages/admin/permissions.ts	2440	66	source	manual_audit_required	fallback
demo/video-chat/frontend-vue/src/modules/users/pages/admin/syncReload.ts	1911	87	source	manual_audit_required	reconnect
demo/video-chat/frontend-vue/src/modules/users/pages/admin/userEditorFormState.js	1102	39	source	low_signal_inventory_only	
demo/video-chat/frontend-vue/src/modules/users/pages/components/UserEditorModal.vue	20983	573	source	low_signal_inventory_only	
demo/video-chat/frontend-vue/src/modules/users/pages/components/UsersTable.vue	4416	129	source	manual_audit_required	fallback
demo/video-chat/frontend-vue/src/modules/users/pages/components/useUserEditorModal.js	1409	42	source	manual_audit_required	fallback
demo/video-chat/frontend-vue/src/modules/users/pages/overview/OverviewView.css	4869	283	source	manual_audit_required	gossip,background
demo/video-chat/frontend-vue/src/modules/users/pages/overview/OverviewView.template.html	8959	210	source	manual_audit_required	gossip,capabilities
demo/video-chat/frontend-vue/src/modules/users/pages/overview/OverviewView.vue	8305	248	source	manual_audit_required	gossip,background,fallback
demo/video-chat/frontend-vue/src/modules/users/pages/overview/helpers.ts	3940	116	source	manual_audit_required	fallback
demo/video-chat/frontend-vue/src/modules/users/pages/overview/useGossipNetworkMap.ts	14311	403	source	manual_audit_required	sfu,gossip,fallback,repair
demo/video-chat/frontend-vue/src/modules/users/pages/overview/useOverviewDashboardMetrics.js	7458	174	source	manual_audit_required	capabilities
demo/video-chat/frontend-vue/src/modules/workspace_settings/descriptor.js	659	23	source	low_signal_inventory_only	
demo/video-chat/frontend-vue/src/stores/callAppsCatalogStore.js	5810	174	source	manual_audit_required	reconnect
demo/video-chat/frontend-vue/src/stores/workspaceModuleStore.js	872	31	source	low_signal_inventory_only	
demo/video-chat/frontend-vue/src/styles.css	235	7	source	low_signal_inventory_only	
demo/video-chat/frontend-vue/src/styles/auth.css	5267	220	source	manual_audit_required	background
demo/video-chat/frontend-vue/src/styles/base.css	2941	115	source	manual_audit_required	background
demo/video-chat/frontend-vue/src/styles/call-settings.css	12383	665	source	manual_audit_required	background
demo/video-chat/frontend-vue/src/styles/responsive.css	9241	450	source	manual_audit_required	background
demo/video-chat/frontend-vue/src/styles/settings.css	13392	712	source	manual_audit_required	background
demo/video-chat/frontend-vue/src/styles/shell.css	8733	438	source	manual_audit_required	background
demo/video-chat/frontend-vue/src/styles/workspace-shared.css	10081	608	source	manual_audit_required	background,keyframe_delta
demo/video-chat/frontend-vue/src/support/adminSyncSocket.ts	7909	305	source	manual_audit_required	reconnect
demo/video-chat/frontend-vue/src/support/assetVersion.ts	4895	159	source	manual_audit_required	sfu
demo/video-chat/frontend-vue/src/support/backendFetch.ts	4451	151	source	low_signal_inventory_only	
demo/video-chat/frontend-vue/src/support/backendOrigin.ts	11225	342	source	manual_audit_required	sfu,fallback
demo/video-chat/frontend-vue/src/support/clientDiagnostics.ts	16704	512	source	manual_audit_required	reconnect,fallback
demo/video-chat/frontend-vue/src/support/dateTimeFormat.ts	8228	267	source	manual_audit_required	fallback
demo/video-chat/frontend-vue/src/support/debugLogs.ts	1102	30	source	manual_audit_required	fallback
demo/video-chat/frontend-vue/src/support/foregroundReconnect.ts	2670	79	source	manual_audit_required	background,reconnect,repair
demo/video-chat/frontend-vue/src/support/localeCollation.js	739	22	source	low_signal_inventory_only	
demo/video-chat/frontend-vue/src/support/localeFormat.js	2069	57	source	manual_audit_required	fallback
demo/video-chat/frontend-vue/src/support/localizationOptions.js	1520	41	source	low_signal_inventory_only	
demo/video-chat/frontend-vue/src/support/runtime.ts	1573	53	source	low_signal_inventory_only	
demo/video-chat/frontend-vue/src/support/wlvcFrame.ts	8644	273	source	manual_audit_required	keyframe_delta
demo/video-chat/frontend-vue/test-results/.last-run.json	96	6	generated:test-results	generated_or_vendor_ignore_for_dead_code	
demo/video-chat/frontend-vue/test-results/lobby-concurrency-ui-concu-03e8a-ticipants-or-stale-controls/error-context.md	6518	156	generated:test-results	generated_or_vendor_ignore_for_dead_code	background
demo/video-chat/frontend-vue/test-results/lobby-concurrency-ui-concu-03e8a-ticipants-or-stale-controls/test-failed-1.png	79407	0	generated:test-results	generated_or_vendor_ignore_for_dead_code	
demo/video-chat/frontend-vue/tests/contract/admin-heading-overlap-contract.mjs	3932	89	test	manual_audit_required	
demo/video-chat/frontend-vue/tests/contract/admin-i18n-hardening-contract.mjs	3902	50	test	manual_audit_required	
demo/video-chat/frontend-vue/tests/contract/admin-infrastructure-runtime-metrics-contract.mjs	2391	35	test	manual_audit_required	
demo/video-chat/frontend-vue/tests/contract/admin-input-token-colors-contract.mjs	5431	117	test	manual_audit_required	background
demo/video-chat/frontend-vue/tests/contract/admin-owner-rights-contract.mjs	5525	99	test	manual_audit_required	
demo/video-chat/frontend-vue/tests/contract/app-configuration-refactor-contract.mjs	10312	92	test	manual_audit_required	background
demo/video-chat/frontend-vue/tests/contract/asset-cache-busting-contract.mjs	11236	117	test	manual_audit_required	sfu,reconnect,repair
demo/video-chat/frontend-vue/tests/contract/backend-errors-localization-contract.mjs	5304	132	test	manual_audit_required	fallback
demo/video-chat/frontend-vue/tests/contract/backend-origin-production-contract.mjs	3813	109	test	manual_audit_required	sfu,fallback
demo/video-chat/frontend-vue/tests/contract/background-aspect-preservation-contract.mjs	2486	39	test	manual_audit_required	background,reconnect
demo/video-chat/frontend-vue/tests/contract/background-blue-selector-contract.mjs	3910	62	test	manual_audit_required	background
demo/video-chat/frontend-vue/tests/contract/background-compositor-warmup-contract.mjs	10635	305	test	manual_audit_required	background,reconnect
demo/video-chat/frontend-vue/tests/contract/background-compositor-warmup-safety-contract.mjs	18757	650	test	manual_audit_required	background
demo/video-chat/frontend-vue/tests/contract/background-filter-mask-contract.mjs	9204	110	test	manual_audit_required	background,reconnect,fallback
demo/video-chat/frontend-vue/tests/contract/background-image-picker-contract.mjs	7296	142	test	manual_audit_required	background
demo/video-chat/frontend-vue/tests/contract/background-image-upload-diagnostics-contract.mjs	3158	98	test	manual_audit_required	background
demo/video-chat/frontend-vue/tests/contract/background-king-wasm-contract.mjs	5343	77	test	manual_audit_required	background,backpressure,fallback
demo/video-chat/frontend-vue/tests/contract/background-pipeline-merge-contract.mjs	2813	45	test	manual_audit_required	background,fallback
demo/video-chat/frontend-vue/tests/contract/background-runtime-diagnostics-contract.mjs	7091	104	test	manual_audit_required	background,fallback
demo/video-chat/frontend-vue/tests/contract/background-segmentation-harness-contract.mjs	3756	56	test	manual_audit_required	background,reconnect,fallback
demo/video-chat/frontend-vue/tests/contract/background-sinet-defaults-contract.mjs	4091	51	test	manual_audit_required	background,fallback
demo/video-chat/frontend-vue/tests/contract/bgf-production-browser-smoke-contract.mjs	14539	178	test	manual_audit_required	sfu,background,reconnect,quality,fallback
demo/video-chat/frontend-vue/tests/contract/call-access-account-isolation-contract.mjs	7382	148	test	manual_audit_required	repair
demo/video-chat/frontend-vue/tests/contract/call-access-admission-boundaries-contract.mjs	12686	189	test	manual_audit_required	
demo/video-chat/frontend-vue/tests/contract/call-access-anonymous-disabled-link-contract.mjs	6510	136	test	manual_audit_required	
demo/video-chat/frontend-vue/tests/contract/call-access-anonymous-guest-manipulation-contract.mjs	12396	251	test	manual_audit_required	
demo/video-chat/frontend-vue/tests/contract/call-access-audit-event-compatibility-contract.mjs	13149	262	test	manual_audit_required	
demo/video-chat/frontend-vue/tests/contract/call-access-audit-redaction-contract.mjs	7493	166	test	manual_audit_required	
demo/video-chat/frontend-vue/tests/contract/call-access-authorized-rejoin-extract-contract.mjs	12242	224	test	manual_audit_required	reconnect
demo/video-chat/frontend-vue/tests/contract/call-access-calendar-invite-extract-contract.mjs	10517	181	test	manual_audit_required	security
demo/video-chat/frontend-vue/tests/contract/call-access-calendar-invite-join-contract.mjs	9853	193	test	manual_audit_required	fallback
demo/video-chat/frontend-vue/tests/contract/call-access-callapp-revocation-contract.mjs	7313	157	test	manual_audit_required	reconnect
demo/video-chat/frontend-vue/tests/contract/call-access-ci-artifacts-contract.mjs	7428	165	test	manual_audit_required	sfu,gossip,background,security,reconnect
demo/video-chat/frontend-vue/tests/contract/call-access-cross-org-contract.mjs	11458	188	test	manual_audit_required	fallback
demo/video-chat/frontend-vue/tests/contract/call-access-cross-org-extract-contract.mjs	8438	157	test	manual_audit_required	fallback
demo/video-chat/frontend-vue/tests/contract/call-access-cross-org-foreign-join-contract.mjs	4339	92	test	manual_audit_required	
demo/video-chat/frontend-vue/tests/contract/call-access-direct-join-rights-contract.mjs	10859	256	test	manual_audit_required	
demo/video-chat/frontend-vue/tests/contract/call-access-disabled-links-fail-closed-contract.mjs	12596	266	test	manual_audit_required	
demo/video-chat/frontend-vue/tests/contract/call-access-duplicate-abuse-contract.mjs	7185	142	test	manual_audit_required	
demo/video-chat/frontend-vue/tests/contract/call-access-duplicate-device-browser-contract.mjs	15411	360	test	manual_audit_required	
demo/video-chat/frontend-vue/tests/contract/call-access-duplicate-invite-replay-contract.mjs	8344	172	test	manual_audit_required	
demo/video-chat/frontend-vue/tests/contract/call-access-duplicate-review-extract-contract.mjs	12628	247	test	manual_audit_required	
demo/video-chat/frontend-vue/tests/contract/call-access-edge-error-matrix-contract.mjs	5526	129	test	manual_audit_required	
demo/video-chat/frontend-vue/tests/contract/call-access-email-confirmation-extract-contract.mjs	11323	231	test	manual_audit_required	
demo/video-chat/frontend-vue/tests/contract/call-access-email-safe-texts-dispatch-audit-contract.mjs	5205	104	test	manual_audit_required	fallback
demo/video-chat/frontend-vue/tests/contract/call-access-foreign-link-review-audit-contract.mjs	6103	110	test	manual_audit_required	sfu,gossip,background,security
demo/video-chat/frontend-vue/tests/contract/call-access-forged-identifiers-contract.mjs	10065	209	test	manual_audit_required	fallback
demo/video-chat/frontend-vue/tests/contract/call-access-guest-list-membership-docker-proof-contract.mjs	4160	87	test	manual_audit_required	fallback
demo/video-chat/frontend-vue/tests/contract/call-access-guest-list-remaining-extract-contract.mjs	10298	184	test	manual_audit_required	fallback
demo/video-chat/frontend-vue/tests/contract/call-access-identity-mismatch-review-flow-contract.mjs	7931	141	test	manual_audit_required	
demo/video-chat/frontend-vue/tests/contract/call-access-invalid-expired-anonymous-link-contract.mjs	6559	127	test	manual_audit_required	sfu,gossip,background,security
demo/video-chat/frontend-vue/tests/contract/call-access-invite-invalidation-terminal-contract.mjs	12448	247	test	manual_audit_required	security
demo/video-chat/frontend-vue/tests/contract/call-access-kicked-rejoin-denial-contract.mjs	8381	156	test	manual_audit_required	
demo/video-chat/frontend-vue/tests/contract/call-access-lifecycle-stale-links-contract.mjs	3948	94	test	manual_audit_required	fallback
demo/video-chat/frontend-vue/tests/contract/call-access-link-invalidation-active-state-contract.mjs	5512	115	test	manual_audit_required	repair
demo/video-chat/frontend-vue/tests/contract/call-access-link-privacy-contract.mjs	3317	76	test	manual_audit_required	
demo/video-chat/frontend-vue/tests/contract/call-access-lobby-admission-extract-contract.mjs	6611	151	test	manual_audit_required	
demo/video-chat/frontend-vue/tests/contract/call-access-lobby-concurrency-contract.mjs	10396	249	test	manual_audit_required	keyframe_delta
demo/video-chat/frontend-vue/tests/contract/call-access-lobby-state-cleanup-extract-contract.mjs	7615	166	test	manual_audit_required	repair
demo/video-chat/frontend-vue/tests/contract/call-access-logout-login-switch-contract.mjs	9414	204	test	manual_audit_required	repair
demo/video-chat/frontend-vue/tests/contract/call-access-logout-switch-extract-contract.mjs	12239	249	test	manual_audit_required	repair
demo/video-chat/frontend-vue/tests/contract/call-access-mismatch-no-leak-states-contract.mjs	11313	245	test	manual_audit_required	fallback
demo/video-chat/frontend-vue/tests/contract/call-access-owner-absence-extract-contract.mjs	7233	152	test	manual_audit_required	reconnect
demo/video-chat/frontend-vue/tests/contract/call-access-owner-transfer-main-contract.mjs	11904	196	test	manual_audit_required	
demo/video-chat/frontend-vue/tests/contract/call-access-owner-transfer-remaining-extract-contract.mjs	8580	158	test	manual_audit_required	sfu,background,reconnect,fallback
demo/video-chat/frontend-vue/tests/contract/call-access-owner-transfer-temp-moderator-extract-contract.mjs	14286	283	test	manual_audit_required	reconnect
demo/video-chat/frontend-vue/tests/contract/call-access-permission-change-active-call-contract.mjs	16019	240	test	manual_audit_required	sfu,background,reconnect
demo/video-chat/frontend-vue/tests/contract/call-access-personalized-temp-reuse-contract.mjs	12874	292	test	manual_audit_required	fallback
demo/video-chat/frontend-vue/tests/contract/call-access-realtime-scope-contract.mjs	11265	199	test	manual_audit_required	reconnect,repair
demo/video-chat/frontend-vue/tests/contract/call-access-registered-invitee-extract-contract.mjs	6787	130	test	manual_audit_required	
demo/video-chat/frontend-vue/tests/contract/call-access-registered-logged-in-invitee-contract.mjs	8550	177	test	manual_audit_required	
demo/video-chat/frontend-vue/tests/contract/call-access-registered-logged-out-handoff-contract.mjs	9629	189	test	manual_audit_required	
demo/video-chat/frontend-vue/tests/contract/call-access-removed-members-contract.mjs	11884	241	test	manual_audit_required	fallback
demo/video-chat/frontend-vue/tests/contract/call-access-route-guard-ui-contract.mjs	12696	236	test	manual_audit_required	reconnect
demo/video-chat/frontend-vue/tests/contract/call-access-safe-screen-final-contract.mjs	6033	125	test	manual_audit_required	
demo/video-chat/frontend-vue/tests/contract/call-access-stale-role-org-switch-contract.mjs	9850	206	test	manual_audit_required	fallback
demo/video-chat/frontend-vue/tests/contract/call-access-strong-mismatch-audit-redaction-contract.mjs	13911	311	test	manual_audit_required	
demo/video-chat/frontend-vue/tests/contract/call-access-strong-mismatch-privacy-contract.mjs	5673	119	test	manual_audit_required	
demo/video-chat/frontend-vue/tests/contract/call-access-tampered-verified-context-contract.mjs	12323	202	test	manual_audit_required	fallback,repair
demo/video-chat/frontend-vue/tests/contract/call-access-temp-access-remaining-extract-contract.mjs	9266	151	test	manual_audit_required	sfu,gossip,background,security
demo/video-chat/frontend-vue/tests/contract/call-access-temp-call-link-boundaries-contract.mjs	15938	329	test	manual_audit_required	security,fallback
demo/video-chat/frontend-vue/tests/contract/call-access-terminal-browser-flows-contract.mjs	11970	217	test	manual_audit_required	repair
demo/video-chat/frontend-vue/tests/contract/call-access-terminal-states-contract.mjs	8425	226	test	manual_audit_required	
demo/video-chat/frontend-vue/tests/contract/call-access-verified-context-ui-contract.mjs	10858	229	test	manual_audit_required	
demo/video-chat/frontend-vue/tests/contract/call-app-availability-frontend-contract.mjs	2167	58	test	manual_audit_required	reconnect
demo/video-chat/frontend-vue/tests/contract/call-app-call-diagnostics-contract.mjs	15483	212	test	manual_audit_required	sfu,capabilities
demo/video-chat/frontend-vue/tests/contract/call-app-crdt-sync-contract.mjs	6814	172	test	manual_audit_required	
demo/video-chat/frontend-vue/tests/contract/call-app-csp-postmessage-contract.mjs	4464	112	test	manual_audit_required	fallback
demo/video-chat/frontend-vue/tests/contract/call-app-frame-csp-headers-contract.mjs	6311	138	test	manual_audit_required	fallback
demo/video-chat/frontend-vue/tests/contract/call-app-iframe-launch-contract.mjs	10198	247	test	manual_audit_required	capabilities
demo/video-chat/frontend-vue/tests/contract/call-app-marketplace-to-call-journey-contract.mjs	7866	159	test	manual_audit_required	reconnect,repair
demo/video-chat/frontend-vue/tests/contract/call-app-observability-acceptance-contract.mjs	3729	108	test	manual_audit_required	reconnect
demo/video-chat/frontend-vue/tests/contract/call-app-package-layout-contract.mjs	21409	436	test	manual_audit_required	capabilities
demo/video-chat/frontend-vue/tests/contract/call-app-participant-grant-helpers-contract.mjs	2263	87	test	manual_audit_required	
demo/video-chat/frontend-vue/tests/contract/call-app-participant-grants-contract.mjs	14543	303	test	manual_audit_required	capabilities
demo/video-chat/frontend-vue/tests/contract/call-app-permission-revocation-contract.mjs	10695	238	test	manual_audit_required	reconnect,capabilities
demo/video-chat/frontend-vue/tests/contract/call-app-planning-image-contract.mjs	11525	169	test	manual_audit_required	capabilities
demo/video-chat/frontend-vue/tests/contract/call-app-planning-image-dirty-worktree-classification-contract.mjs	5392	119	test	manual_audit_required	
demo/video-chat/frontend-vue/tests/contract/call-app-presentation-contract.mjs	9769	178	test	manual_audit_required	capabilities
demo/video-chat/frontend-vue/tests/contract/call-app-production-deploy-contract.mjs	7102	168	test	manual_audit_required	
demo/video-chat/frontend-vue/tests/contract/call-app-sidebar-access-ux-contract.mjs	3901	79	test	manual_audit_required	
demo/video-chat/frontend-vue/tests/contract/call-app-sidebar-contract.mjs	12596	283	test	manual_audit_required	
demo/video-chat/frontend-vue/tests/contract/call-app-spreadsheet-contract.mjs	9379	181	test	manual_audit_required	capabilities
demo/video-chat/frontend-vue/tests/contract/call-app-text-document-contract.mjs	8365	168	test	manual_audit_required	capabilities
demo/video-chat/frontend-vue/tests/contract/call-app-whiteboard-cursors-access-contract.mjs	5929	119	test	manual_audit_required	
demo/video-chat/frontend-vue/tests/contract/call-app-whiteboard-install-browser-proof-contract.mjs	6281	157	test	manual_audit_required	
demo/video-chat/frontend-vue/tests/contract/call-app-whiteboard-runtime-contract.mjs	7877	229	test	manual_audit_required	reconnect
demo/video-chat/frontend-vue/tests/contract/call-app-workspace-view-contract.mjs	10193	96	test	manual_audit_required	capabilities
demo/video-chat/frontend-vue/tests/contract/call-apps-architecture-contract.mjs	7425	130	test	manual_audit_required	capabilities
demo/video-chat/frontend-vue/tests/contract/call-compose-room-field-contract.mjs	1230	34	test	manual_audit_required	
demo/video-chat/frontend-vue/tests/contract/call-layout-active-strategy-contract.mjs	12218	331	test	manual_audit_required	keyframe_delta
demo/video-chat/frontend-vue/tests/contract/call-layout-sidebar-controls-contract.mjs	10348	133	test	manual_audit_required	sfu,background,quality
demo/video-chat/frontend-vue/tests/contract/call-layout-ui-options-contract.mjs	1852	53	test	manual_audit_required	
demo/video-chat/frontend-vue/tests/contract/call-mini-strip-responsive-contract.mjs	4354	68	test	manual_audit_required	
demo/video-chat/frontend-vue/tests/contract/call-room-leave-cleanup-contract.mjs	4524	49	test	manual_audit_required	background
demo/video-chat/frontend-vue/tests/contract/call-screenshare-participant-contract.mjs	21964	367	test	manual_audit_required	sfu,security,reconnect,fallback,repair,keyframe_delta
demo/video-chat/frontend-vue/tests/contract/chat-attachment-upload-timeout-contract.mjs	1622	30	test	manual_audit_required	
demo/video-chat/frontend-vue/tests/contract/client-capabilities-media-plan-contract.mjs	14925	405	test	manual_audit_required	security,capabilities,keyframe_delta
demo/video-chat/frontend-vue/tests/contract/client-console-warning-diagnostics-contract.mjs	5227	75	test	manual_audit_required	sfu,security,reconnect,backpressure,repair
demo/video-chat/frontend-vue/tests/contract/client-diagnostics-contract.mjs	8365	83	test	manual_audit_required	sfu,security,backpressure,repair,keyframe_delta
demo/video-chat/frontend-vue/tests/contract/deploy-secret-certbot-hardening-contract.mjs	3968	99	test	manual_audit_required	fallback
demo/video-chat/frontend-vue/tests/contract/e2e-release-gate-contract.mjs	5029	121	test	manual_audit_required	
demo/video-chat/frontend-vue/tests/contract/foreground-reconnect-contract.mjs	20826	325	test	manual_audit_required	sfu,background,reconnect,repair
demo/video-chat/frontend-vue/tests/contract/frontend-build-chunk-size-contract.mjs	942	30	test	manual_audit_required	
demo/video-chat/frontend-vue/tests/contract/frontend-i18n-runtime-contract.mjs	3805	88	test	manual_audit_required	fallback
demo/video-chat/frontend-vue/tests/contract/frontend-state-stores-contract.mjs	4419	82	test	manual_audit_required	
demo/video-chat/frontend-vue/tests/contract/frontend-translation-key-coverage-contract.mjs	4710	116	test	manual_audit_required	sfu,gossip,fallback
demo/video-chat/frontend-vue/tests/contract/gossip-authoritative-topology-repair-contract.mjs	3077	71	test	manual_audit_required	gossip,repair
demo/video-chat/frontend-vue/tests/contract/gossip-controller-decentralized-routing-contract.mjs	4458	104	test	manual_audit_required	gossip
demo/video-chat/frontend-vue/tests/contract/gossip-data-lane-feature-flag-contract.mjs	3505	85	test	manual_audit_required	gossip
demo/video-chat/frontend-vue/tests/contract/gossip-dedicated-neighbor-lifecycle-contract.mjs	6730	123	test	manual_audit_required	gossip
demo/video-chat/frontend-vue/tests/contract/gossip-docs-process-contract.mjs	2524	78	test	manual_audit_required	gossip,regression
demo/video-chat/frontend-vue/tests/contract/gossip-harness-faults-contract.mjs	5466	132	test	manual_audit_required	gossip,reconnect,regression
demo/video-chat/frontend-vue/tests/contract/gossip-live-receive-decode-route-contract.mjs	5063	88	test	manual_audit_required	sfu,gossip
demo/video-chat/frontend-vue/tests/contract/gossip-local-5-peer-network-harness-contract.mjs	5323	140	test	manual_audit_required	gossip,reconnect,repair
demo/video-chat/frontend-vue/tests/contract/gossip-media-carrier-contract.mjs	7377	133	test	manual_audit_required	sfu,gossip,backpressure,fallback,repair,keyframe_delta
demo/video-chat/frontend-vue/tests/contract/gossip-media-carrier-integration-smoke-contract.mjs	19248	416	test	manual_audit_required	sfu,gossip,security,backpressure,fallback,repair,keyframe_delta
demo/video-chat/frontend-vue/tests/contract/gossip-media-carrier-mode-contract.mjs	3279	73	test	manual_audit_required	sfu,gossip,fallback
demo/video-chat/frontend-vue/tests/contract/gossip-native-binary-data-plane-contract.mjs	3735	92	test	manual_audit_required	gossip
demo/video-chat/frontend-vue/tests/contract/gossip-native-recovery-contract.mjs	4617	90	test	manual_audit_required	gossip,security,backpressure,repair,keyframe_delta
demo/video-chat/frontend-vue/tests/contract/gossip-native-webrtc-binding-contract.mjs	5497	107	test	manual_audit_required	gossip
demo/video-chat/frontend-vue/tests/contract/gossip-neighbor-health-repair-contract.mjs	5335	83	test	manual_audit_required	gossip,reconnect,repair
demo/video-chat/frontend-vue/tests/contract/gossip-neighbor-health-topology-repair-contract.mjs	5495	84	test	manual_audit_required	gossip,reconnect,repair
demo/video-chat/frontend-vue/tests/contract/gossip-neighbor-renegotiate-stack-contract.mjs	17311	571	test	manual_audit_required	gossip,repair
demo/video-chat/frontend-vue/tests/contract/gossip-outbound-live-publication-contract.mjs	8363	133	test	manual_audit_required	sfu,gossip,security,repair
demo/video-chat/frontend-vue/tests/contract/gossip-overview-map-analysis-contract.mjs	3555	109	test	manual_audit_required	gossip,repair
demo/video-chat/frontend-vue/tests/contract/gossip-primary-fallback-backtrace-contract.mjs	2879	67	test	manual_audit_required	sfu,gossip,reconnect,fallback
demo/video-chat/frontend-vue/tests/contract/gossip-primary-health-gate-contract.mjs	5404	123	test	manual_audit_required	sfu,gossip,backpressure,fallback,repair,keyframe_delta
demo/video-chat/frontend-vue/tests/contract/gossip-production-deploy-profile-contract.mjs	2780	59	test	manual_audit_required	gossip
demo/video-chat/frontend-vue/tests/contract/gossip-publisher-pipeline-decoupling-contract.mjs	4141	86	test	manual_audit_required	sfu,gossip,backpressure
demo/video-chat/frontend-vue/tests/contract/gossip-rollout-gate-contract.mjs	5965	106	test	manual_audit_required	sfu,gossip,security,repair
demo/video-chat/frontend-vue/tests/contract/gossip-room-state-topology-contract.mjs	4105	73	test	manual_audit_required	gossip,capabilities
demo/video-chat/frontend-vue/tests/contract/gossip-server-no-media-fanout-contract.mjs	5018	85	test	manual_audit_required	sfu,gossip,security,backpressure,fallback,repair
demo/video-chat/frontend-vue/tests/contract/gossip-server-topology-ingestion-contract.mjs	4629	79	test	manual_audit_required	gossip
demo/video-chat/frontend-vue/tests/contract/gossip-sfu-baseline-rollout-gate-contract.mjs	6291	121	test	manual_audit_required	sfu,gossip,security,backpressure,repair,keyframe_delta
demo/video-chat/frontend-vue/tests/contract/gossip-sfu-dual-carrier-continuity-contract.mjs	2558	60	test	manual_audit_required	sfu,gossip,security
demo/video-chat/frontend-vue/tests/contract/gossip-stale-target-pruning-contract.mjs	4714	70	test	manual_audit_required	sfu,gossip,security,backpressure,repair,keyframe_delta
demo/video-chat/frontend-vue/tests/contract/gossip-telemetry-contract.mjs	5873	83	test	manual_audit_required	sfu,gossip,security,repair
demo/video-chat/frontend-vue/tests/contract/gossip-topology-hint-contract.mjs	2345	61	test	manual_audit_required	gossip
demo/video-chat/frontend-vue/tests/contract/governance-crud-descriptors-contract.mjs	10452	247	test	manual_audit_required	
demo/video-chat/frontend-vue/tests/contract/governance-crud-persistence-contract.mjs	7917	122	test	manual_audit_required	
demo/video-chat/frontend-vue/tests/contract/governance-entity-semantics-contract.mjs	9157	172	test	manual_audit_required	
demo/video-chat/frontend-vue/tests/contract/governance-frontend-matrix-contract.mjs	7013	108	test	manual_audit_required	
demo/video-chat/frontend-vue/tests/contract/governance-readonly-create-actions-contract.mjs	6437	149	test	manual_audit_required	fallback
demo/video-chat/frontend-vue/tests/contract/governance-relation-stack-contract.mjs	10134	134	test	manual_audit_required	background
demo/video-chat/frontend-vue/tests/contract/governance-summary-cache-contract.mjs	11905	219	test	manual_audit_required	
demo/video-chat/frontend-vue/tests/contract/helpers/local-5-peer-gossip-network-harness.mjs	6509	205	test	manual_audit_required	sfu,gossip,reconnect,repair,keyframe_delta
demo/video-chat/frontend-vue/tests/contract/iam-call-access-audit-events-contract.mjs	10486	203	test	manual_audit_required	
demo/video-chat/frontend-vue/tests/contract/iam-call-access-ci-wire-contract.mjs	17606	319	test	manual_audit_required	sfu,gossip,background,security,reconnect,fallback
demo/video-chat/frontend-vue/tests/contract/iam-call-access-e2e-foundation-contract.mjs	16982	353	test	manual_audit_required	fallback
demo/video-chat/frontend-vue/tests/contract/iam-call-creation-owner-rights-contract.mjs	5839	123	test	manual_audit_required	fallback
demo/video-chat/frontend-vue/tests/contract/iam-ci-artifacts-contract.mjs	6471	162	test	manual_audit_required	sfu
demo/video-chat/frontend-vue/tests/contract/iam-cross-org-remaining-proof-contract.mjs	6231	135	test	manual_audit_required	fallback
demo/video-chat/frontend-vue/tests/contract/iam-duplicate-cleanup-classification-contract.mjs	4378	103	test	manual_audit_required	
demo/video-chat/frontend-vue/tests/contract/iam-duplicate-cleanup-family-contract.mjs	7753	141	test	manual_audit_required	
demo/video-chat/frontend-vue/tests/contract/iam-guest-list-revocation-extraction-contract.mjs	5561	123	test	manual_audit_required	
demo/video-chat/frontend-vue/tests/contract/iam-lobby-management-moderator-rights-contract.mjs	10638	179	test	manual_audit_required	
demo/video-chat/frontend-vue/tests/contract/iam-local-run-docs-contract.mjs	7662	165	test	manual_audit_required	sfu,gossip,background,security,reconnect,fallback
demo/video-chat/frontend-vue/tests/contract/iam-org-removal-active-privilege-downgrade-contract.mjs	7249	122	test	manual_audit_required	
demo/video-chat/frontend-vue/tests/contract/iam-owner-absence-realtime-sync-contract.mjs	9052	122	test	manual_audit_required	
demo/video-chat/frontend-vue/tests/contract/iam-review-abuse-extraction-contract.mjs	7614	184	test	manual_audit_required	
demo/video-chat/frontend-vue/tests/contract/iam-s5-15-call-app-boundary-extraction-contract.mjs	9950	180	test	manual_audit_required	reconnect
demo/video-chat/frontend-vue/tests/contract/iam-s5-17-seed-cache-run-docs-contract.mjs	11634	219	test	manual_audit_required	sfu,gossip,background,security,reconnect
demo/video-chat/frontend-vue/tests/contract/iam-sprint-03-inventory-contract.mjs	15541	395	test	manual_audit_required	reconnect,fallback
demo/video-chat/frontend-vue/tests/contract/iam-sprint-04-focused-wire-contract.mjs	3954	94	test	manual_audit_required	sfu,gossip,background,security
demo/video-chat/frontend-vue/tests/contract/iam-sprint-05-integration-classification-contract.mjs	2676	97	test	manual_audit_required	sfu,gossip,background,security
demo/video-chat/frontend-vue/tests/contract/iam5-16-system-admin-lanes-extract-contract.mjs	16783	240	test	manual_audit_required	sfu,gossip,background,security,repair
demo/video-chat/frontend-vue/tests/contract/iam9-02-calendar-edge-safe-states-contract.mjs	5217	114	test	manual_audit_required	fallback
demo/video-chat/frontend-vue/tests/contract/iam9-06-call-app-entitlement-revocation-contract.mjs	5782	97	test	manual_audit_required	reconnect
demo/video-chat/frontend-vue/tests/contract/iam9-07-call-app-launch-token-reconnect-contract.mjs	5260	100	test	manual_audit_required	reconnect
demo/video-chat/frontend-vue/tests/contract/iam9-10-terminal-followup-denials-contract.mjs	6287	119	test	manual_audit_required	reconnect
demo/video-chat/frontend-vue/tests/contract/iam9-11-terminal-join-denials-contract.mjs	6538	150	test	manual_audit_required	
demo/video-chat/frontend-vue/tests/contract/iam9-12-deleted-ended-hardening-contract.mjs	2690	67	test	manual_audit_required	
demo/video-chat/frontend-vue/tests/contract/iam9-13-duplicate-abuse-devices-contract.mjs	7383	159	test	manual_audit_required	
demo/video-chat/frontend-vue/tests/contract/iam9-16-edge-safe-states-contract.mjs	4503	85	test	manual_audit_required	fallback
demo/video-chat/frontend-vue/tests/contract/iam9-17-email-confirmation-race-contract.mjs	7746	148	test	manual_audit_required	fallback
demo/video-chat/frontend-vue/tests/contract/iam9-18-secure-expiring-confirmations-contract.mjs	4977	107	test	manual_audit_required	
demo/video-chat/frontend-vue/tests/contract/iam9-19-multiple-pending-confirmations-contract.mjs	4207	80	test	manual_audit_required	
demo/video-chat/frontend-vue/tests/contract/infrastructure-docs-contract.mjs	5887	103	test	manual_audit_required	fallback
demo/video-chat/frontend-vue/tests/contract/kingrt-avatar-placeholder-contract.mjs	1124	24	test	manual_audit_required	
demo/video-chat/frontend-vue/tests/contract/kingrt-three-user-regression-harness-contract.mjs	4872	101	test	manual_audit_required	gossip,background,security,backpressure,regression,keyframe_delta
demo/video-chat/frontend-vue/tests/contract/locale-aware-formatting-contract.mjs	9727	195	test	manual_audit_required	fallback
demo/video-chat/frontend-vue/tests/contract/localization-admin-editor-refactor-contract.mjs	2647	31	test	manual_audit_required	fallback
demo/video-chat/frontend-vue/tests/contract/localization-fallback-gap-contract.mjs	3916	68	test	manual_audit_required	fallback
demo/video-chat/frontend-vue/tests/contract/localization-import-ui-contract.mjs	1834	21	test	manual_audit_required	
demo/video-chat/frontend-vue/tests/contract/localization-inventory-contract.mjs	3014	112	test	manual_audit_required	
demo/video-chat/frontend-vue/tests/contract/localization-rollout-proof-contract.mjs	5663	82	test	manual_audit_required	
demo/video-chat/frontend-vue/tests/contract/localization-settings-contract.mjs	4388	44	test	manual_audit_required	
demo/video-chat/frontend-vue/tests/contract/media-reconnect-release-smoke-contract.mjs	1906	50	test	manual_audit_required	reconnect
demo/video-chat/frontend-vue/tests/contract/media-reconnect-screenshare-browser-smoke-contract.mjs	4129	117	test	manual_audit_required	reconnect
demo/video-chat/frontend-vue/tests/contract/media-reconnect-screenshare-stability-contract.mjs	2642	54	test	manual_audit_required	reconnect
demo/video-chat/frontend-vue/tests/contract/media-security-contract.mjs	46894	553	test	manual_audit_required	sfu,security,reconnect,capabilities,repair,keyframe_delta
demo/video-chat/frontend-vue/tests/contract/media-security-idempotent-sender-key-contract.mjs	20284	534	test	manual_audit_required	security,capabilities,repair,keyframe_delta
demo/video-chat/frontend-vue/tests/contract/mediapipe-cdn-contract.mjs	4327	68	test	manual_audit_required	background,fallback
demo/video-chat/frontend-vue/tests/contract/mobile-call-media-devices-contract.mjs	6610	76	test	manual_audit_required	fallback,repair
demo/video-chat/frontend-vue/tests/contract/module-action-metadata-contract.mjs	7770	160	test	manual_audit_required	fallback
demo/video-chat/frontend-vue/tests/contract/module-governance-catalog-contract.mjs	3777	51	test	manual_audit_required	fallback
demo/video-chat/frontend-vue/tests/contract/module-navigation-builder-contract.mjs	8378	126	test	manual_audit_required	fallback
demo/video-chat/frontend-vue/tests/contract/module-refactor-smoke-contract.mjs	4519	90	test	manual_audit_required	sfu
demo/video-chat/frontend-vue/tests/contract/module-registry-contract.mjs	6756	138	test	manual_audit_required	fallback
demo/video-chat/frontend-vue/tests/contract/module-route-access-contract.mjs	3642	90	test	manual_audit_required	
demo/video-chat/frontend-vue/tests/contract/more-payload-intake-contract.mjs	2882	69	test	manual_audit_required	sfu,backpressure,regression,fallback
demo/video-chat/frontend-vue/tests/contract/native-audio-bridge-contract.mjs	20686	230	test	manual_audit_required	sfu,security,reconnect,backpressure,regression,fallback,repair
demo/video-chat/frontend-vue/tests/contract/native-webrtc-negotiation-contract.mjs	2593	75	test	manual_audit_required	
demo/video-chat/frontend-vue/tests/contract/onboarding-tour-contract.mjs	8052	119	test	manual_audit_required	
demo/video-chat/frontend-vue/tests/contract/operator-feedback-frontend-contract.mjs	3547	55	test	manual_audit_required	fallback
demo/video-chat/frontend-vue/tests/contract/owner-transfer-lifecycle-contract.mjs	8287	186	test	manual_audit_required	reconnect
demo/video-chat/frontend-vue/tests/contract/participant-roster-stability-contract.mjs	5891	146	test	manual_audit_required	sfu,reconnect
demo/video-chat/frontend-vue/tests/contract/pinia-installation-contract.mjs	1070	33	test	manual_audit_required	
demo/video-chat/frontend-vue/tests/contract/prod-debug-observability-contract.mjs	18256	283	test	manual_audit_required	sfu,background,reconnect,fallback
demo/video-chat/frontend-vue/tests/contract/public-pages-localization-contract.mjs	8154	108	test	manual_audit_required	fallback
demo/video-chat/frontend-vue/tests/contract/realtime-call-stabilization-contract.mjs	6631	86	test	manual_audit_required	fallback
demo/video-chat/frontend-vue/tests/contract/realtime-leave-rejoin-contract.mjs	3799	95	test	manual_audit_required	reconnect
demo/video-chat/frontend-vue/tests/contract/realtime-reconnect-browser-contract.mjs	8064	159	test	manual_audit_required	reconnect
demo/video-chat/frontend-vue/tests/contract/refactor-commit-boundaries-contract.mjs	4110	99	test	manual_audit_required	gossip,security
demo/video-chat/frontend-vue/tests/contract/right-roster-lobby-users-contract.mjs	4238	110	test	manual_audit_required	
demo/video-chat/frontend-vue/tests/contract/rtl-layout-foundation-contract.mjs	3483	49	test	manual_audit_required	
demo/video-chat/frontend-vue/tests/contract/screen-share-pan-zoom-contract.mjs	5120	145	test	manual_audit_required	keyframe_delta
demo/video-chat/frontend-vue/tests/contract/search-toolbar-spacing-contract.mjs	5515	82	test	manual_audit_required	
demo/video-chat/frontend-vue/tests/contract/settings-profile-contract.mjs	13123	151	test	manual_audit_required	
demo/video-chat/frontend-vue/tests/contract/sfu-adaptive-quality-layers-contract.mjs	13021	212	test	manual_audit_required	sfu,reconnect,backpressure,quality,fallback,repair,keyframe_delta
demo/video-chat/frontend-vue/tests/contract/sfu-auto-readback-downgrade-contract.mjs	6693	153	test	manual_audit_required	sfu,reconnect,backpressure,repair
demo/video-chat/frontend-vue/tests/contract/sfu-auto-readback-recovery-contract.mjs	13686	301	test	manual_audit_required	sfu,reconnect,backpressure,capabilities,fallback,repair
demo/video-chat/frontend-vue/tests/contract/sfu-background-tab-policy-contract.mjs	12151	191	test	manual_audit_required	sfu,background,reconnect,fallback,keyframe_delta
demo/video-chat/frontend-vue/tests/contract/sfu-binary-envelope-copy-audit-contract.mjs	2253	51	test	manual_audit_required	sfu
demo/video-chat/frontend-vue/tests/contract/sfu-binary-tile-wire-contract.mjs	5551	76	test	manual_audit_required	sfu,background,reconnect
demo/video-chat/frontend-vue/tests/contract/sfu-browser-ws-send-drain-contract.mjs	7689	92	test	manual_audit_required	sfu,reconnect,backpressure,repair,keyframe_delta
demo/video-chat/frontend-vue/tests/contract/sfu-capture-constraints-contract.mjs	14220	192	test	manual_audit_required	sfu,quality,capabilities,fallback
demo/video-chat/frontend-vue/tests/contract/sfu-capture-pipeline-capabilities-contract.mjs	6741	184	test	manual_audit_required	sfu,capabilities,fallback
demo/video-chat/frontend-vue/tests/contract/sfu-capture-worker-boundary-contract.mjs	5722	111	test	manual_audit_required	sfu,capabilities
demo/video-chat/frontend-vue/tests/contract/sfu-client-side-framing-crop-contract.mjs	7207	102	test	manual_audit_required	sfu
demo/video-chat/frontend-vue/tests/contract/sfu-control-data-plane-split-contract.mjs	3569	54	test	manual_audit_required	sfu,fallback
demo/video-chat/frontend-vue/tests/contract/sfu-diagnostic-surface-contract.mjs	7777	125	test	manual_audit_required	sfu,backpressure,quality
demo/video-chat/frontend-vue/tests/contract/sfu-dom-canvas-last-resort-contract.mjs	4677	82	test	manual_audit_required	sfu,backpressure,quality,fallback
demo/video-chat/frontend-vue/tests/contract/sfu-dual-video-layer-routing-contract.mjs	7915	104	test	manual_audit_required	sfu,backpressure,fallback,repair,keyframe_delta
demo/video-chat/frontend-vue/tests/contract/sfu-end-to-end-observability-contract.mjs	3229	51	test	manual_audit_required	sfu,backpressure
demo/video-chat/frontend-vue/tests/contract/sfu-fullscreen-render-scheduler-contract.mjs	8909	126	test	manual_audit_required	sfu,backpressure,keyframe_delta
demo/video-chat/frontend-vue/tests/contract/sfu-gossip-planning-cfh-contract.mjs	7024	131	test	manual_audit_required	sfu,gossip,security,reconnect,backpressure,repair,keyframe_delta
demo/video-chat/frontend-vue/tests/contract/sfu-high-motion-payload-contract.mjs	3489	50	test	manual_audit_required	sfu,background,backpressure,fallback,repair,keyframe_delta
demo/video-chat/frontend-vue/tests/contract/sfu-high-motion-readback-budget-contract.mjs	7091	129	test	manual_audit_required	sfu,backpressure,quality,capabilities,fallback
demo/video-chat/frontend-vue/tests/contract/sfu-keyframe-cache-pacing-contract.mjs	5623	95	test	manual_audit_required	sfu,backpressure,quality,repair,keyframe_delta
demo/video-chat/frontend-vue/tests/contract/sfu-king-binary-decode-fanout-contract.mjs	4213	65	test	manual_audit_required	sfu
demo/video-chat/frontend-vue/tests/contract/sfu-king-receive-loop-fairness-contract.mjs	2229	51	test	manual_audit_required	sfu
demo/video-chat/frontend-vue/tests/contract/sfu-media-recovery-control-contract.mjs	5181	69	test	manual_audit_required	sfu,reconnect,backpressure,fallback,repair,keyframe_delta
demo/video-chat/frontend-vue/tests/contract/sfu-motion-backpressure-contract.mjs	11398	234	test	manual_audit_required	sfu,backpressure,quality,keyframe_delta
demo/video-chat/frontend-vue/tests/contract/sfu-no-frame-persistence-regression-contract.mjs	12636	188	test	manual_audit_required	sfu,regression,fallback
demo/video-chat/frontend-vue/tests/contract/sfu-offscreen-canvas-fallback-contract.mjs	8866	186	test	manual_audit_required	sfu,capabilities,fallback,repair
demo/video-chat/frontend-vue/tests/contract/sfu-online-acceptance-no-critical-pressure-contract.mjs	4658	67	test	manual_audit_required	sfu,backpressure,repair
demo/video-chat/frontend-vue/tests/contract/sfu-origin-room-binding-contract.mjs	16778	173	test	manual_audit_required	sfu,gossip,security,reconnect,backpressure,capabilities,fallback,keyframe_delta
demo/video-chat/frontend-vue/tests/contract/sfu-portrait-aspect-preservation-contract.mjs	8494	132	test	manual_audit_required	sfu,quality,fallback
demo/video-chat/frontend-vue/tests/contract/sfu-production-socket-proxy-budget-contract.mjs	2348	49	test	manual_audit_required	sfu,backpressure
demo/video-chat/frontend-vue/tests/contract/sfu-profile-budget-contract.mjs	4819	85	test	manual_audit_required	sfu,backpressure,quality,repair,keyframe_delta
demo/video-chat/frontend-vue/tests/contract/sfu-profile-switch-actuator-contract.mjs	5117	69	test	manual_audit_required	sfu
demo/video-chat/frontend-vue/tests/contract/sfu-protected-browser-encoder-contract.mjs	26916	227	test	manual_audit_required	sfu,background,security,reconnect,backpressure,capabilities,fallback,repair,keyframe_delta
demo/video-chat/frontend-vue/tests/contract/sfu-publisher-backpressure-controller-contract.mjs	18105	365	test	manual_audit_required	sfu,reconnect,backpressure,repair,keyframe_delta
demo/video-chat/frontend-vue/tests/contract/sfu-publisher-path-trace-contract.mjs	9162	107	test	manual_audit_required	sfu,security,backpressure,fallback
demo/video-chat/frontend-vue/tests/contract/sfu-real-media-plane-architecture-contract.mjs	3480	68	test	manual_audit_required	sfu,backpressure,fallback,repair,keyframe_delta
demo/video-chat/frontend-vue/tests/contract/sfu-receiver-feedback-loop-contract.mjs	5932	79	test	manual_audit_required	sfu,backpressure,quality,fallback,repair,keyframe_delta
demo/video-chat/frontend-vue/tests/contract/sfu-receiver-jitter-buffer-contract.mjs	4228	73	test	manual_audit_required	sfu,keyframe_delta
demo/video-chat/frontend-vue/tests/contract/sfu-relay-broker-io-budget-contract.mjs	6458	72	test	manual_audit_required	sfu,backpressure,keyframe_delta
demo/video-chat/frontend-vue/tests/contract/sfu-replay-pacing-slow-subscriber-contract.mjs	4297	65	test	manual_audit_required	sfu,reconnect,backpressure,keyframe_delta
demo/video-chat/frontend-vue/tests/contract/sfu-security-throughput-budget-contract.mjs	5631	108	test	manual_audit_required	sfu,security,backpressure,repair,keyframe_delta
demo/video-chat/frontend-vue/tests/contract/sfu-selective-tile-runtime-contract.mjs	6355	84	test	manual_audit_required	sfu,background,reconnect,keyframe_delta
demo/video-chat/frontend-vue/tests/contract/sfu-selective-tile-value-contract.mjs	7797	208	test	manual_audit_required	sfu,background,reconnect,keyframe_delta
demo/video-chat/frontend-vue/tests/contract/sfu-signalling-unit-policy-contract.mjs	5864	128	test	manual_audit_required	sfu,reconnect
demo/video-chat/frontend-vue/tests/contract/sfu-slow-subscriber-isolation-contract.mjs	2717	50	test	manual_audit_required	sfu
demo/video-chat/frontend-vue/tests/contract/sfu-source-budget-profile-coupling-contract.mjs	6659	95	test	manual_audit_required	sfu,quality,keyframe_delta
demo/video-chat/frontend-vue/tests/contract/sfu-source-readback-contract.mjs	4263	78	test	manual_audit_required	sfu,backpressure,quality
demo/video-chat/frontend-vue/tests/contract/sfu-strict-720p30-runtime-contract.mjs	17691	227	test	manual_audit_required	sfu,gossip,background,security,reconnect,backpressure,quality,capabilities,fallback,repair,keyframe_delta
demo/video-chat/frontend-vue/tests/contract/sfu-throughput-path-contract.mjs	2043	74	test	manual_audit_required	sfu,background,quality
demo/video-chat/frontend-vue/tests/contract/sfu-tile-cache-generation-contract.mjs	5651	183	test	manual_audit_required	sfu,background,reconnect,keyframe_delta
demo/video-chat/frontend-vue/tests/contract/sfu-transport-metrics-contract.mjs	11391	132	test	manual_audit_required	sfu,backpressure,quality
demo/video-chat/frontend-vue/tests/contract/sfu-video-frame-primary-path-contract.mjs	10601	209	test	manual_audit_required	sfu,gossip,backpressure,capabilities,fallback,repair
demo/video-chat/frontend-vue/tests/contract/sfu-video-frame-rgba-copy-contract.mjs	5423	115	test	manual_audit_required	sfu,fallback
demo/video-chat/frontend-vue/tests/contract/sfu-video-recovery-timing-contract.mjs	15302	142	test	manual_audit_required	sfu,reconnect,backpressure,fallback,repair,keyframe_delta
demo/video-chat/frontend-vue/tests/contract/sfu-wlvc-abi-gating-contract.mjs	7192	142	test	manual_audit_required	sfu,keyframe_delta
demo/video-chat/frontend-vue/tests/contract/sfu-wlvc-rate-control-contract.mjs	6346	91	test	manual_audit_required	sfu,backpressure,quality,repair,keyframe_delta
demo/video-chat/frontend-vue/tests/contract/sfu-zero-copy-readback-gate-contract.mjs	3470	83	test	manual_audit_required	sfu,capabilities,fallback
demo/video-chat/frontend-vue/tests/contract/shared-admin-components-contract.mjs	17110	162	test	manual_audit_required	background
demo/video-chat/frontend-vue/tests/contract/shared-ui-primitives-contract.mjs	4311	68	test	manual_audit_required	background
demo/video-chat/frontend-vue/tests/contract/theme-management-workspace-contract.mjs	5433	58	test	manual_audit_required	
demo/video-chat/frontend-vue/tests/contract/theme-palette-contract.mjs	5491	132	test	manual_audit_required	background
demo/video-chat/frontend-vue/tests/contract/user-dashboard-participants-contract.mjs	3943	90	test	manual_audit_required	
demo/video-chat/frontend-vue/tests/contract/user-editor-relation-controls-contract.mjs	6657	84	test	manual_audit_required	
demo/video-chat/frontend-vue/tests/contract/vcap-readiness-gate-split-contract.mjs	6497	134	test	manual_audit_required	capabilities
demo/video-chat/frontend-vue/tests/contract/visual-standards-contract.mjs	6475	196	test	manual_audit_required	background
demo/video-chat/frontend-vue/tests/contract/viteSsrLoader.mjs	608	19	test	manual_audit_required	
demo/video-chat/frontend-vue/tests/contract/wavelet-codec-header-contract.mjs	4477	94	test	manual_audit_required	
demo/video-chat/frontend-vue/tests/contract/wlvc-binding-recovery-contract.mjs	4444	90	test	manual_audit_required	repair,keyframe_delta
demo/video-chat/frontend-vue/tests/contract/wlvc-codec-port-contract.mjs	6611	101	test	manual_audit_required	
demo/video-chat/frontend-vue/tests/contract/wlvc-hybrid-fallback-contract.mjs	2162	36	test	manual_audit_required	sfu,fallback
demo/video-chat/frontend-vue/tests/contract/wlvc-runtime-regression-contract.mjs	13425	204	test	manual_audit_required	sfu,security,backpressure,quality,regression,capabilities,fallback,keyframe_delta
demo/video-chat/frontend-vue/tests/contract/wlvc-wasm-config-surface-contract.mjs	8437	161	test	manual_audit_required	background,reconnect,keyframe_delta
demo/video-chat/frontend-vue/tests/contract/wlvc-wire-contract.mjs	3523	93	test	manual_audit_required	keyframe_delta
demo/video-chat/frontend-vue/tests/contract/workspace-standard-sidebar-contract.mjs	4802	131	test	manual_audit_required	
demo/video-chat/frontend-vue/tests/e2e/admin-heading-overlap.spec.js	15056	441	test	manual_audit_required	background
demo/video-chat/frontend-vue/tests/e2e/admin-video-operations.spec.js	4785	147	test	manual_audit_required	
demo/video-chat/frontend-vue/tests/e2e/auth-navigation.spec.js	4707	107	test	manual_audit_required	
demo/video-chat/frontend-vue/tests/e2e/background-production-browser-smoke.spec.js	34213	908	test	manual_audit_required	sfu,background,reconnect,quality,fallback
demo/video-chat/frontend-vue/tests/e2e/call-access-admin-join-boundaries.spec.js	20020	582	test	manual_audit_required	
demo/video-chat/frontend-vue/tests/e2e/call-access-calendar-unregistered-invite.spec.js	13553	411	test	manual_audit_required	
demo/video-chat/frontend-vue/tests/e2e/call-access-cross-org-foreign-join.spec.js	12165	362	test	manual_audit_required	
demo/video-chat/frontend-vue/tests/e2e/call-access-join.spec.js	60427	1634	test	manual_audit_required	
demo/video-chat/frontend-vue/tests/e2e/call-access-personalized-identity.spec.js	11789	369	test	manual_audit_required	
demo/video-chat/frontend-vue/tests/e2e/call-access-seed-matrix.spec.js	12843	281	test	manual_audit_required	
demo/video-chat/frontend-vue/tests/e2e/call-app-fullscreen-smoke.spec.js	21343	577	test	manual_audit_required	background,capabilities
demo/video-chat/frontend-vue/tests/e2e/call-app-whiteboard-install-sidebar.spec.js	27851	660	test	manual_audit_required	background,capabilities
demo/video-chat/frontend-vue/tests/e2e/call-app-whiteboard.spec.js	33687	734	test	manual_audit_required	background,reconnect,capabilities
demo/video-chat/frontend-vue/tests/e2e/call-layout-strategies.spec.js	18423	490	test	manual_audit_required	
demo/video-chat/frontend-vue/tests/e2e/chat-activity-matrix.spec.js	30757	633	test	manual_audit_required	security,reconnect
demo/video-chat/frontend-vue/tests/e2e/chat-archive.spec.js	11047	315	test	manual_audit_required	
demo/video-chat/frontend-vue/tests/e2e/chat-attachments.spec.js	4820	86	test	manual_audit_required	
demo/video-chat/frontend-vue/tests/e2e/governance-relation-stack.spec.js	21419	535	test	manual_audit_required	
demo/video-chat/frontend-vue/tests/e2e/helpers/callAccessSeedMatrix.js	26660	799	test	manual_audit_required	
demo/video-chat/frontend-vue/tests/e2e/helpers/nativeAudioTransferHarness.js	21595	492	test	manual_audit_required	sfu,security,backpressure,quality,fallback
demo/video-chat/frontend-vue/tests/e2e/helpers/videochatMatrixHarness.js	30633	798	test	manual_audit_required	reconnect
demo/video-chat/frontend-vue/tests/e2e/lobby-admission.spec.js	31656	820	test	manual_audit_required	sfu
demo/video-chat/frontend-vue/tests/e2e/lobby-concurrency-ui.spec.js	6022	174	test	manual_audit_required	
demo/video-chat/frontend-vue/tests/e2e/localization-settings-smoke.spec.js	17592	508	test	manual_audit_required	fallback
demo/video-chat/frontend-vue/tests/e2e/login-backend-contract.spec.js	1348	34	test	manual_audit_required	
demo/video-chat/frontend-vue/tests/e2e/module-workspace-smoke.spec.js	3840	113	test	manual_audit_required	
demo/video-chat/frontend-vue/tests/e2e/native-audio-transfer.spec.js	3375	95	test	manual_audit_required	security
demo/video-chat/frontend-vue/tests/e2e/online-sfu-hd-acceptance.mjs	15978	434	test	manual_audit_required	sfu,security,backpressure,fallback
demo/video-chat/frontend-vue/tests/e2e/online-sfu-pressure-acceptance.mjs	24411	638	test	manual_audit_required	sfu,security,backpressure,fallback,repair
demo/video-chat/frontend-vue/tests/e2e/production-socket-proxy-budget.mjs	16850	428	test	manual_audit_required	sfu,backpressure,quality,fallback,keyframe_delta
demo/video-chat/frontend-vue/tests/e2e/public-localization.spec.js	5540	135	test	manual_audit_required	fallback
demo/video-chat/frontend-vue/tests/e2e/realtime-reconnect-websocket.spec.js	6920	151	test	manual_audit_required	reconnect
demo/video-chat/frontend-vue/tests/e2e/responsive-call-management.spec.js	11947	352	test	manual_audit_required	background
demo/video-chat/frontend-vue/tests/e2e/screenshare-fullscreen-zoom.spec.js	7094	177	test	manual_audit_required	keyframe_delta
demo/video-chat/frontend-vue/tests/e2e/shared-ui-surfaces.spec.js	10497	332	test	manual_audit_required	
demo/video-chat/frontend-vue/tests/e2e/ui-parity-journeys.spec.js	13858	408	test	manual_audit_required	reconnect
demo/video-chat/frontend-vue/tests/fixtures/chat/allowed/brief.docx	61	0	test	manual_audit_required	
demo/video-chat/frontend-vue/tests/fixtures/chat/allowed/brief.pdf	51	0	test	manual_audit_required	
demo/video-chat/frontend-vue/tests/fixtures/chat/allowed/note.txt	26	1	test	manual_audit_required	
demo/video-chat/frontend-vue/tests/fixtures/chat/allowed/notes.odt	82	0	test	manual_audit_required	
demo/video-chat/frontend-vue/tests/fixtures/chat/allowed/photo.jpg	22	0	test	manual_audit_required	
demo/video-chat/frontend-vue/tests/fixtures/chat/allowed/screen.png	68	0	test	manual_audit_required	
demo/video-chat/frontend-vue/tests/fixtures/chat/allowed/sheet.xlsx	59	0	test	manual_audit_required	
demo/video-chat/frontend-vue/tests/fixtures/chat/allowed/still.webp	39	0	test	manual_audit_required	
demo/video-chat/frontend-vue/tests/fixtures/chat/allowed/table.csv	26	3	test	manual_audit_required	
demo/video-chat/frontend-vue/tests/fixtures/chat/blocked/blob.bin	12	0	test	manual_audit_required	
demo/video-chat/frontend-vue/tests/fixtures/chat/blocked/malware.exe	21	0	test	manual_audit_required	
demo/video-chat/frontend-vue/tests/fixtures/chat/blocked/renamed-binary.pdf	19	0	test	manual_audit_required	
demo/video-chat/frontend-vue/tests/fixtures/chat/blocked/script.sh	31	2	test	manual_audit_required	
demo/video-chat/frontend-vue/tests/standalone/king-background-segmentation-harness.html	5639	214	test	manual_audit_required	background,reconnect
demo/video-chat/frontend-vue/tests/standalone/king-background-segmentation-harness.ts	16779	452	test	manual_audit_required	background,reconnect
demo/video-chat/frontend-vue/tests/standalone/kingrt-three-user-regression-harness.mjs	17965	433	test	manual_audit_required	gossip,background,security,reconnect,backpressure,regression,repair,keyframe_delta
demo/video-chat/frontend-vue/tests/standalone/realtime-call-stabilization-harness.html	9389	386	test	manual_audit_required	background
demo/video-chat/frontend-vue/tests/standalone/realtime-call-stabilization-harness.ts	8923	277	test	manual_audit_required	
demo/video-chat/frontend-vue/tests/unit/native-audio-bridge.test.mjs	4738	120	test	manual_audit_required	security,keyframe_delta
demo/video-chat/frontend-vue/vite.config.js	8987	311	other	manual_audit_required	sfu,gossip,background,security
demo/video-chat/ops/bgf-loop6-deploy-delete-plan.md	5196	156	documentation	manual_audit_required	background,regression
demo/video-chat/ops/metrics-alerts.catalog.json	7836	272	config	manual_audit_required	sfu,reconnect,backpressure,regression,fallback,repair
demo/video-chat/scripts/backup-sqlite.sh	865	28	script	low_signal_inventory_only	
demo/video-chat/scripts/bgf-production-browser-smoke.sh	14735	479	script	manual_audit_required	sfu,fallback
demo/video-chat/scripts/check-deploy-idempotency.sh	2727	98	script	manual_audit_required	sfu
demo/video-chat/scripts/check-edge-deployment-decision.sh	4058	103	script	manual_audit_required	sfu
demo/video-chat/scripts/check-multi-node-runtime-architecture.sh	1832	64	script	manual_audit_required	sfu
demo/video-chat/scripts/check-ops-hardening.sh	4535	138	script	low_signal_inventory_only	
demo/video-chat/scripts/check-secret-management.sh	2495	76	script	low_signal_inventory_only	
demo/video-chat/scripts/check-security-hardening-policy.sh	1748	59	script	low_signal_inventory_only	
demo/video-chat/scripts/check-turn-baseline.sh	3671	124	script	low_signal_inventory_only	
demo/video-chat/scripts/compose-v1.sh	541	20	script	low_signal_inventory_only	
demo/video-chat/scripts/deploy-smoke.sh	32753	795	script	manual_audit_required	sfu,background,reconnect,fallback
demo/video-chat/scripts/deploy.sh	66410	1621	script	manual_audit_required	sfu,gossip,fallback
demo/video-chat/scripts/generate-turn-ice-servers.php	3177	112	script	manual_audit_required	fallback
demo/video-chat/scripts/iam-call-access-ci-gate.sh	3825	124	script	manual_audit_required	reconnect,fallback
demo/video-chat/scripts/lib/deploy-hetzner.sh	16068	496	script	low_signal_inventory_only	
demo/video-chat/scripts/lib/deploy-remote-status.sh	1998	68	script	low_signal_inventory_only	
demo/video-chat/scripts/local-deploy-gate.sh	5466	172	script	low_signal_inventory_only	
demo/video-chat/scripts/prod-debug.sh	22837	462	script	manual_audit_required	sfu,background,reconnect,fallback
demo/video-chat/scripts/restore-sqlite.sh	2050	64	script	low_signal_inventory_only	
demo/video-chat/scripts/smoke.sh	32518	824	script	manual_audit_required	sfu,background,security,reconnect,fallback
demo/video-chat/scripts/turn-nat-matrix-contract.sh	1928	64	script	low_signal_inventory_only	
